iso2c,country,gdp,year
1A,Arab World,6447.29473124376,2017
1A,Arab World,6507.88289478034,2016
1A,Arab World,6430.46460946729,2015
1A,Arab World,6354.88574848425,2014
1A,Arab World,6336.58193876708,2013
1A,Arab World,6278.73488907362,2012
1A,Arab World,6021.16395165001,2011
1A,Arab World,5945.67855757046,2010
1A,Arab World,5810.1120696514,2009
1A,Arab World,5926.09111435446,2008
1A,Arab World,5737.63289331602,2007
1A,Arab World,5620.17427679295,2006
1A,Arab World,5402.78876447063,2005
1A,Arab World,5228.5580520803,2004
1A,Arab World,4888.94368443523,2003
1A,Arab World,4743.5895427734,2002
1A,Arab World,4817.85029357644,2001
1A,Arab World,4843.57775910814,2000
1A,Arab World,4690.78802572029,1999
1A,Arab World,4707.0933153747,1998
1A,Arab World,4568.73636501713,1997
1A,Arab World,4480.67487345774,1996
1A,Arab World,4383.55759065558,1995
1A,Arab World,4399.38982619947,1994
1A,Arab World,4373.38187938409,1993
1A,Arab World,4349.45430263249,1992
1A,Arab World,4219.27335082713,1991
1A,Arab World,4269.4975443822505,1990
1A,Arab World,3913.45563144449,1989
1A,Arab World,3930.21771841719,1988
1A,Arab World,3827.93516136591,1987
1A,Arab World,3958.96803294379,1986
1A,Arab World,3893.26125106255,1985
1A,Arab World,4104.84428865986,1984
1A,Arab World,4173.4121930346,1983
1A,Arab World,4619.04808983311,1982
1A,Arab World,5240.47424422048,1981
1A,Arab World,5255.35743638484,1980
1A,Arab World,4972.58989386152,1979
1A,Arab World,4606.14341686324,1978
1A,Arab World,4790.71002108604,1977
1A,Arab World,4570.38693702923,1976
1A,Arab World,4070.44080488256,1975
1A,Arab World,NA,1974
1A,Arab World,NA,1973
1A,Arab World,NA,1972
1A,Arab World,NA,1971
1A,Arab World,NA,1970
S3,Caribbean small states,8946.68828555134,2017
S3,Caribbean small states,8976.37247816423,2016
S3,Caribbean small states,9224.14670653473,2015
S3,Caribbean small states,9179.62676880402,2014
S3,Caribbean small states,9213.78023632888,2013
S3,Caribbean small states,9167.92377494615,2012
S3,Caribbean small states,9112.9170858793,2011
S3,Caribbean small states,9075.70645677664,2010
S3,Caribbean small states,9006.58562071559,2009
S3,Caribbean small states,9402.00580097551,2008
S3,Caribbean small states,9348.91412688677,2007
S3,Caribbean small states,9116.74464733404,2006
S3,Caribbean small states,8592.85202514789,2005
S3,Caribbean small states,8341.31773458468,2004
S3,Caribbean small states,8078.25623278733,2003
S3,Caribbean small states,7691.97290055843,2002
S3,Caribbean small states,7472.36857999678,2001
S3,Caribbean small states,7375.09348709403,2000
S3,Caribbean small states,7153.16581432709,1999
S3,Caribbean small states,6919.28973535573,1998
S3,Caribbean small states,6765.3704807839,1997
S3,Caribbean small states,6614.02489771519,1996
S3,Caribbean small states,6449.53283634767,1995
S3,Caribbean small states,6323.73310841746,1994
S3,Caribbean small states,6205.43800286552,1993
S3,Caribbean small states,6082.1655755344,1992
S3,Caribbean small states,6016.86709623415,1991
S3,Caribbean small states,5985.70328960482,1990
S3,Caribbean small states,5969.64267205615,1989
S3,Caribbean small states,5759.55065563906,1988
S3,Caribbean small states,5666.07793722804,1987
S3,Caribbean small states,5597.92389725704,1986
S3,Caribbean small states,5569.19977709754,1985
S3,Caribbean small states,5627.53968100149,1984
S3,Caribbean small states,5637.53793295978,1983
S3,Caribbean small states,5844.19439554617,1982
S3,Caribbean small states,5839.53998346686,1981
S3,Caribbean small states,5850.77468569047,1980
S3,Caribbean small states,5780.66667153283,1979
S3,Caribbean small states,5557.68974416453,1978
S3,Caribbean small states,5307.18321547209,1977
S3,Caribbean small states,5162.10936373035,1976
S3,Caribbean small states,5163.31129179084,1975
S3,Caribbean small states,5295.6077104112,1974
S3,Caribbean small states,5546.45187781823,1973
S3,Caribbean small states,5656.94114144453,1972
S3,Caribbean small states,5310.98644366141,1971
S3,Caribbean small states,5263.22938316758,1970
B8,Central Europe and the Baltics,15553.4058813907,2017
B8,Central Europe and the Baltics,14815.4332093776,2016
B8,Central Europe and the Baltics,14327.5772613701,2015
B8,Central Europe and the Baltics,13767.2728238792,2014
B8,Central Europe and the Baltics,13331.9579482039,2013
B8,Central Europe and the Baltics,13127.9190934683,2012
B8,Central Europe and the Baltics,13001.2360889231,2011
B8,Central Europe and the Baltics,12567.4049958914,2010
B8,Central Europe and the Baltics,12330.0907792548,2009
B8,Central Europe and the Baltics,12746.1909823187,2008
B8,Central Europe and the Baltics,12224.9654533519,2007
B8,Central Europe and the Baltics,11442.45201361,2006
B8,Central Europe and the Baltics,10710.2333288257,2005
B8,Central Europe and the Baltics,10173.2403907921,2004
B8,Central Europe and the Baltics,9587.73512244049,2003
B8,Central Europe and the Baltics,9185.75796188595,2002
B8,Central Europe and the Baltics,8815.35481699813,2001
B8,Central Europe and the Baltics,8496.47177062714,2000
B8,Central Europe and the Baltics,8120.43073970217,1999
B8,Central Europe and the Baltics,7950.76788657813,1998
B8,Central Europe and the Baltics,7721.64184753867,1997
B8,Central Europe and the Baltics,7478.05994429252,1996
B8,Central Europe and the Baltics,7151.25505648042,1995
B8,Central Europe and the Baltics,6774.61553449047,1994
B8,Central Europe and the Baltics,6507.56715185127,1993
B8,Central Europe and the Baltics,6399.43377971807,1992
B8,Central Europe and the Baltics,6504.8276347002,1991
B8,Central Europe and the Baltics,7185.74093312303,1990
B8,Central Europe and the Baltics,NA,1989
B8,Central Europe and the Baltics,NA,1988
B8,Central Europe and the Baltics,NA,1987
B8,Central Europe and the Baltics,NA,1986
B8,Central Europe and the Baltics,NA,1985
B8,Central Europe and the Baltics,NA,1984
B8,Central Europe and the Baltics,NA,1983
B8,Central Europe and the Baltics,NA,1982
B8,Central Europe and the Baltics,NA,1981
B8,Central Europe and the Baltics,NA,1980
B8,Central Europe and the Baltics,NA,1979
B8,Central Europe and the Baltics,NA,1978
B8,Central Europe and the Baltics,NA,1977
B8,Central Europe and the Baltics,NA,1976
B8,Central Europe and the Baltics,NA,1975
B8,Central Europe and the Baltics,NA,1974
B8,Central Europe and the Baltics,NA,1973
B8,Central Europe and the Baltics,NA,1972
B8,Central Europe and the Baltics,NA,1971
B8,Central Europe and the Baltics,NA,1970
V2,Early-demographic dividend,3632.1932533832,2017
V2,Early-demographic dividend,3515.39100973514,2016
V2,Early-demographic dividend,3400.04993015834,2015
V2,Early-demographic dividend,3293.52060810289,2014
V2,Early-demographic dividend,3210.94128582844,2013
V2,Early-demographic dividend,3122.61435195598,2012
V2,Early-demographic dividend,3039.45679067916,2011
V2,Early-demographic dividend,2938.87973238544,2010
V2,Early-demographic dividend,2810.34366509016,2009
V2,Early-demographic dividend,2835.94676612107,2008
V2,Early-demographic dividend,2784.52899933862,2007
V2,Early-demographic dividend,2672.21270028977,2006
V2,Early-demographic dividend,2557.93617990403,2005
V2,Early-demographic dividend,2449.92849296343,2004
V2,Early-demographic dividend,2333.90336228958,2003
V2,Early-demographic dividend,2264.72554897982,2002
V2,Early-demographic dividend,2267.80182704595,2001
V2,Early-demographic dividend,2285.35447647282,2000
V2,Early-demographic dividend,2227.26913312196,1999
V2,Early-demographic dividend,2233.87284539005,1998
V2,Early-demographic dividend,2232.86134535053,1997
V2,Early-demographic dividend,2173.5414963578,1996
V2,Early-demographic dividend,2100.62577087367,1995
V2,Early-demographic dividend,2084.62745769744,1994
V2,Early-demographic dividend,2065.85848276808,1993
V2,Early-demographic dividend,2041.71146368498,1992
V2,Early-demographic dividend,2002.06365286487,1991
V2,Early-demographic dividend,1949.7997090622,1990
V2,Early-demographic dividend,1885.0474864056,1989
V2,Early-demographic dividend,1893.5541073834,1988
V2,Early-demographic dividend,1869.44532990358,1987
V2,Early-demographic dividend,1859.75974621928,1986
V2,Early-demographic dividend,1849.5334987053,1985
V2,Early-demographic dividend,1877.60189863408,1984
V2,Early-demographic dividend,1886.8792622766,1983
V2,Early-demographic dividend,1932.744261395,1982
V2,Early-demographic dividend,1980.3919960198,1981
V2,Early-demographic dividend,1958.24264176878,1980
V2,Early-demographic dividend,1970.93229810429,1979
V2,Early-demographic dividend,1953.37108929473,1978
V2,Early-demographic dividend,1981.18995108451,1977
V2,Early-demographic dividend,1955.90389699159,1976
V2,Early-demographic dividend,1863.85550340262,1975
V2,Early-demographic dividend,1867.8023670786,1974
V2,Early-demographic dividend,1798.24364394985,1973
V2,Early-demographic dividend,1713.22676921964,1972
V2,Early-demographic dividend,1641.20248825288,1971
V2,Early-demographic dividend,1587.52003830026,1970
Z4,East Asia & Pacific,9904.95762080383,2017
Z4,East Asia & Pacific,9535.34602196474,2016
Z4,East Asia & Pacific,9227.67390601086,2015
Z4,East Asia & Pacific,8921.42382049741,2014
Z4,East Asia & Pacific,8626.58550576831,2013
Z4,East Asia & Pacific,8291.45126935527,2012
Z4,East Asia & Pacific,7974.42327087732,2011
Z4,East Asia & Pacific,7673.74164598445,2010
Z4,East Asia & Pacific,7216.08026574454,2009
Z4,East Asia & Pacific,7166.91119369469,2008
Z4,East Asia & Pacific,6972.1898406569,2007
Z4,East Asia & Pacific,6595.39081491678,2006
Z4,East Asia & Pacific,6295.07276505136,2005
Z4,East Asia & Pacific,6037.133007524,2004
Z4,East Asia & Pacific,5784.51663096126,2003
Z4,East Asia & Pacific,5592.22870906456,2002
Z4,East Asia & Pacific,5443.20972628537,2001
Z4,East Asia & Pacific,5349.04119970422,2000
Z4,East Asia & Pacific,5147.46667996822,1999
Z4,East Asia & Pacific,5047.50220768616,1998
Z4,East Asia & Pacific,5107.01846470305,1997
Z4,East Asia & Pacific,4991.97550138892,1996
Z4,East Asia & Pacific,4805.83478802694,1995
Z4,East Asia & Pacific,4627.0762312487,1994
Z4,East Asia & Pacific,4490.66593861617,1993
Z4,East Asia & Pacific,4407.92468697777,1992
Z4,East Asia & Pacific,4318.22841116359,1991
Z4,East Asia & Pacific,4193.37084260336,1990
Z4,East Asia & Pacific,4050.08339425439,1989
Z4,East Asia & Pacific,3913.9311163791,1988
Z4,East Asia & Pacific,3702.69190860675,1987
Z4,East Asia & Pacific,3554.69829659297,1986
Z4,East Asia & Pacific,3453.99341756754,1985
Z4,East Asia & Pacific,3323.54361960972,1984
Z4,East Asia & Pacific,3189.86097626729,1983
Z4,East Asia & Pacific,3113.82062074993,1982
Z4,East Asia & Pacific,3045.29429169512,1981
Z4,East Asia & Pacific,2956.22652153847,1980
Z4,East Asia & Pacific,2896.16078901173,1979
Z4,East Asia & Pacific,2778.84411508948,1978
Z4,East Asia & Pacific,2671.77261004543,1977
Z4,East Asia & Pacific,2583.0126231458,1976
Z4,East Asia & Pacific,2520.42601451561,1975
Z4,East Asia & Pacific,2483.99164855662,1974
Z4,East Asia & Pacific,2523.1510826533,1973
Z4,East Asia & Pacific,2394.61974168052,1972
Z4,East Asia & Pacific,2282.15392247636,1971
Z4,East Asia & Pacific,2227.2368784652,1970
4E,East Asia & Pacific (excluding high income),6125.29653220426,2017
4E,East Asia & Pacific (excluding high income),5795.08106842757,2016
4E,East Asia & Pacific (excluding high income),5487.98601254049,2015
4E,East Asia & Pacific (excluding high income),5189.72640054434,2014
4E,East Asia & Pacific (excluding high income),4896.66160401426,2013
4E,East Asia & Pacific (excluding high income),4601.02302464246,2012
4E,East Asia & Pacific (excluding high income),4310.68564709997,2011
4E,East Asia & Pacific (excluding high income),4002.5996527919,2010
4E,East Asia & Pacific (excluding high income),3672.16427537727,2009
4E,East Asia & Pacific (excluding high income),3434.35965155858,2008
4E,East Asia & Pacific (excluding high income),3190.3866365231,2007
4E,East Asia & Pacific (excluding high income),2865.52787254377,2006
4E,East Asia & Pacific (excluding high income),2606.79504792255,2005
4E,East Asia & Pacific (excluding high income),2394.95526168195,2004
4E,East Asia & Pacific (excluding high income),2216.32569801207,2003
4E,East Asia & Pacific (excluding high income),2055.62847837253,2002
4E,East Asia & Pacific (excluding high income),1922.74687341416,2001
4E,East Asia & Pacific (excluding high income),1818.73391284699,2000
4E,East Asia & Pacific (excluding high income),1708.52934223729,1999
4E,East Asia & Pacific (excluding high income),1627.19486605302,1998
4E,East Asia & Pacific (excluding high income),1617.4677970291,1997
4E,East Asia & Pacific (excluding high income),1529.32091846146,1996
4E,East Asia & Pacific (excluding high income),1421.01645439295,1995
4E,East Asia & Pacific (excluding high income),1311.41486806447,1994
4E,East Asia & Pacific (excluding high income),1200.70902734622,1993
4E,East Asia & Pacific (excluding high income),1097.26778876874,1992
4E,East Asia & Pacific (excluding high income),1004.59268172223,1991
4E,East Asia & Pacific (excluding high income),944.889156166166,1990
4E,East Asia & Pacific (excluding high income),910.894556210083,1989
4E,East Asia & Pacific (excluding high income),874.351438264685,1988
4E,East Asia & Pacific (excluding high income),812.255866663582,1987
4E,East Asia & Pacific (excluding high income),759.806935020814,1986
4E,East Asia & Pacific (excluding high income),722.616380237136,1985
4E,East Asia & Pacific (excluding high income),684.915289193607,1984
4E,East Asia & Pacific (excluding high income),635.830564539322,1983
4E,East Asia & Pacific (excluding high income),602.349857741561,1982
4E,East Asia & Pacific (excluding high income),577.8526122585,1981
4E,East Asia & Pacific (excluding high income),554.647781973955,1980
4E,East Asia & Pacific (excluding high income),523.283349973647,1979
4E,East Asia & Pacific (excluding high income),496.158249839764,1978
4E,East Asia & Pacific (excluding high income),462.884451752032,1977
4E,East Asia & Pacific (excluding high income),436.497013743298,1976
4E,East Asia & Pacific (excluding high income),429.616165761555,1975
4E,East Asia & Pacific (excluding high income),411.460142370992,1974
4E,East Asia & Pacific (excluding high income),403.197505810198,1973
4E,East Asia & Pacific (excluding high income),381.095512852597,1972
4E,East Asia & Pacific (excluding high income),371.732949164497,1971
4E,East Asia & Pacific (excluding high income),357.701264084601,1970
T4,East Asia & Pacific (IDA & IBRD countries),6189.77784507712,2017
T4,East Asia & Pacific (IDA & IBRD countries),5856.24980279623,2016
T4,East Asia & Pacific (IDA & IBRD countries),5546.06263365508,2015
T4,East Asia & Pacific (IDA & IBRD countries),5244.77259608148,2014
T4,East Asia & Pacific (IDA & IBRD countries),4948.72027070636,2013
T4,East Asia & Pacific (IDA & IBRD countries),4650.04336147586,2012
T4,East Asia & Pacific (IDA & IBRD countries),4356.69839765296,2011
T4,East Asia & Pacific (IDA & IBRD countries),4045.41106826281,2010
T4,East Asia & Pacific (IDA & IBRD countries),3711.52827164049,2009
T4,East Asia & Pacific (IDA & IBRD countries),3471.25630853608,2008
T4,East Asia & Pacific (IDA & IBRD countries),3224.73624947799,2007
T4,East Asia & Pacific (IDA & IBRD countries),2896.43032642253,2006
T4,East Asia & Pacific (IDA & IBRD countries),2634.92262695825,2005
T4,East Asia & Pacific (IDA & IBRD countries),2420.79480700297,2004
T4,East Asia & Pacific (IDA & IBRD countries),2240.21637421551,2003
T4,East Asia & Pacific (IDA & IBRD countries),2077.76599030306,2002
T4,East Asia & Pacific (IDA & IBRD countries),1943.45469819658,2001
T4,East Asia & Pacific (IDA & IBRD countries),1838.33198239415,2000
T4,East Asia & Pacific (IDA & IBRD countries),1726.96637272966,1999
T4,East Asia & Pacific (IDA & IBRD countries),1644.79482120697,1998
T4,East Asia & Pacific (IDA & IBRD countries),1635.01158466283,1997
T4,East Asia & Pacific (IDA & IBRD countries),1545.94647057559,1996
T4,East Asia & Pacific (IDA & IBRD countries),1436.47844794404,1995
T4,East Asia & Pacific (IDA & IBRD countries),1325.67505708374,1994
T4,East Asia & Pacific (IDA & IBRD countries),1213.74045964298,1993
T4,East Asia & Pacific (IDA & IBRD countries),1109.14350967266,1992
T4,East Asia & Pacific (IDA & IBRD countries),1015.44109612823,1991
T4,East Asia & Pacific (IDA & IBRD countries),955.088371420699,1990
T4,East Asia & Pacific (IDA & IBRD countries),920.74026557102,1989
T4,East Asia & Pacific (IDA & IBRD countries),883.82775116896,1988
T4,East Asia & Pacific (IDA & IBRD countries),821.093230521621,1987
T4,East Asia & Pacific (IDA & IBRD countries),768.105179888863,1986
T4,East Asia & Pacific (IDA & IBRD countries),730.527726840132,1985
T4,East Asia & Pacific (IDA & IBRD countries),692.419659793189,1984
T4,East Asia & Pacific (IDA & IBRD countries),642.796320497311,1983
T4,East Asia & Pacific (IDA & IBRD countries),608.955062754864,1982
T4,East Asia & Pacific (IDA & IBRD countries),584.199957359933,1981
T4,East Asia & Pacific (IDA & IBRD countries),560.745897740081,1980
T4,East Asia & Pacific (IDA & IBRD countries),529.047452626268,1979
T4,East Asia & Pacific (IDA & IBRD countries),501.642282472481,1978
T4,East Asia & Pacific (IDA & IBRD countries),468.017412694481,1977
T4,East Asia & Pacific (IDA & IBRD countries),441.345965578847,1976
T4,East Asia & Pacific (IDA & IBRD countries),434.391374646828,1975
T4,East Asia & Pacific (IDA & IBRD countries),416.029952083118,1974
T4,East Asia & Pacific (IDA & IBRD countries),407.670384773521,1973
T4,East Asia & Pacific (IDA & IBRD countries),385.315743537182,1972
T4,East Asia & Pacific (IDA & IBRD countries),375.841741294832,1971
T4,East Asia & Pacific (IDA & IBRD countries),361.654166040986,1970
XC,Euro area,40289.7270708152,2017
XC,Euro area,39403.189696176,2016
XC,Euro area,38780.3288810293,2015
XC,Euro area,38097.1514340231,2014
XC,Euro area,37700.0901809374,2013
XC,Euro area,37922.1290260341,2012
XC,Euro area,38334.6937502743,2011
XC,Euro area,37635.9281145018,2010
XC,Euro area,36956.3839054758,2009
XC,Euro area,38824.9334635013,2008
XC,Euro area,38830.9894193856,2007
XC,Euro area,37868.1107757202,2006
XC,Euro area,36850.9229823793,2005
XC,Euro area,36420.9018136119,2004
XC,Euro area,35787.7863412864,2003
XC,Euro area,35728.1301560239,2002
XC,Euro area,35537.3357370295,2001
XC,Euro area,34915.1794206222,2000
XC,Euro area,33725.6824786175,1999
XC,Euro area,32830.9634817007,1998
XC,Euro area,31945.9920517052,1997
XC,Euro area,31173.1403349694,1996
XC,Euro area,30724.7915380127,1995
XC,Euro area,30058.3171905086,1994
XC,Euro area,29416.5956618729,1993
XC,Euro area,29730.6792532194,1992
XC,Euro area,29458.8920756727,1991
XC,Euro area,28839.9101401091,1990
XC,Euro area,27970.4873465776,1989
XC,Euro area,26983.1927620078,1988
XC,Euro area,25953.7573775001,1987
XC,Euro area,25379.9779207318,1986
XC,Euro area,24820.9498235244,1985
XC,Euro area,24306.6465592994,1984
XC,Euro area,23784.279913456,1983
XC,Euro area,23507.3985200244,1982
XC,Euro area,23403.9032588016,1981
XC,Euro area,23373.5318280486,1980
XC,Euro area,22978.7889132975,1979
XC,Euro area,22219.219550221598,1978
XC,Euro area,21632.1753518672,1977
XC,Euro area,21069.5061791714,1976
XC,Euro area,20150.7545663398,1975
XC,Euro area,20408.6494447363,1974
XC,Euro area,19885.2190858174,1973
XC,Euro area,18847.7589993161,1972
XC,Euro area,18085.7183441768,1971
XC,Euro area,17519.96276067,1970
Z7,Europe & Central Asia,25785.564780323,2017
Z7,Europe & Central Asia,25218.7806737009,2016
Z7,Europe & Central Asia,24859.4706919809,2015
Z7,Europe & Central Asia,24479.6943183058,2014
Z7,Europe & Central Asia,24147.8808861039,2013
Z7,Europe & Central Asia,24048.2815871249,2012
Z7,Europe & Central Asia,24070.5213775926,2011
Z7,Europe & Central Asia,23572.5587811325,2010
Z7,Europe & Central Asia,23073.4905756678,2009
Z7,Europe & Central Asia,24250.9705515606,2008
Z7,Europe & Central Asia,24095.8665567909,2007
Z7,Europe & Central Asia,23310.3902859582,2006
Z7,Europe & Central Asia,22491.1903505455,2005
Z7,Europe & Central Asia,21950.6234959131,2004
Z7,Europe & Central Asia,21320.7194955292,2003
Z7,Europe & Central Asia,20989.5821688361,2002
Z7,Europe & Central Asia,20664.8711969877,2001
Z7,Europe & Central Asia,20236.7747970822,2000
Z7,Europe & Central Asia,19427.5237067495,1999
Z7,Europe & Central Asia,18902.1124015532,1998
Z7,Europe & Central Asia,18461.2291271435,1997
Z7,Europe & Central Asia,17948.8403366388,1996
Z7,Europe & Central Asia,17665.85662749,1995
Z7,Europe & Central Asia,17324.4274507392,1994
Z7,Europe & Central Asia,17178.2446061804,1993
Z7,Europe & Central Asia,17383.2702214544,1992
Z7,Europe & Central Asia,17561.9898919171,1991
Z7,Europe & Central Asia,17566.6658719306,1990
Z7,Europe & Central Asia,17257.7876150857,1989
Z7,Europe & Central Asia,16763.0518708107,1988
Z7,Europe & Central Asia,16187.8310333214,1987
Z7,Europe & Central Asia,15806.2241706723,1986
Z7,Europe & Central Asia,15473.9358867469,1985
Z7,Europe & Central Asia,15147.1550879588,1984
Z7,Europe & Central Asia,14840.9436473212,1983
Z7,Europe & Central Asia,14644.7796447177,1982
Z7,Europe & Central Asia,14593.8574146411,1981
Z7,Europe & Central Asia,14616.2273099714,1980
Z7,Europe & Central Asia,14490.9772243508,1979
Z7,Europe & Central Asia,14069.9390716774,1978
Z7,Europe & Central Asia,13739.2545552778,1977
Z7,Europe & Central Asia,13450.1418763752,1976
Z7,Europe & Central Asia,12959.3469518477,1975
Z7,Europe & Central Asia,13153.8365908634,1974
Z7,Europe & Central Asia,12955.2068974268,1973
Z7,Europe & Central Asia,12332.897455189,1972
Z7,Europe & Central Asia,11875.239290449,1971
Z7,Europe & Central Asia,11534.7429207137,1970
7E,Europe & Central Asia (excluding high income),9305.89111655888,2017
7E,Europe & Central Asia (excluding high income),8996.4268712055,2016
7E,Europe & Central Asia (excluding high income),8896.45063555085,2015
7E,Europe & Central Asia (excluding high income),8879.66345415843,2014
7E,Europe & Central Asia (excluding high income),8739.51827486761,2013
7E,Europe & Central Asia (excluding high income),8452.83728470202,2012
7E,Europe & Central Asia (excluding high income),8196.99694317453,2011
7E,Europe & Central Asia (excluding high income),7773.1697146638,2010
7E,Europe & Central Asia (excluding high income),7435.42899456762,2009
7E,Europe & Central Asia (excluding high income),7940.9752982654,2008
7E,Europe & Central Asia (excluding high income),7625.93949501893,2007
7E,Europe & Central Asia (excluding high income),7094.12464560086,2006
7E,Europe & Central Asia (excluding high income),6564.08990446018,2005
7E,Europe & Central Asia (excluding high income),6129.70855969143,2004
7E,Europe & Central Asia (excluding high income),5660.12537869204,2003
7E,Europe & Central Asia (excluding high income),5309.7612676852,2002
7E,Europe & Central Asia (excluding high income),5029.64320572122,2001
7E,Europe & Central Asia (excluding high income),4898.70912115412,2000
7E,Europe & Central Asia (excluding high income),4536.40518837862,1999
7E,Europe & Central Asia (excluding high income),4444.65921728857,1998
7E,Europe & Central Asia (excluding high income),4522.94468078738,1997
7E,Europe & Central Asia (excluding high income),4408.2829726569,1996
7E,Europe & Central Asia (excluding high income),4413.83881676577,1995
7E,Europe & Central Asia (excluding high income),4475.83821105427,1994
7E,Europe & Central Asia (excluding high income),5006.37670658929,1993
7E,Europe & Central Asia (excluding high income),5314.23172933926,1992
7E,Europe & Central Asia (excluding high income),5957.98556037874,1991
7E,Europe & Central Asia (excluding high income),6318.68270019831,1990
7E,Europe & Central Asia (excluding high income),6452.82083151912,1989
7E,Europe & Central Asia (excluding high income),NA,1988
7E,Europe & Central Asia (excluding high income),NA,1987
7E,Europe & Central Asia (excluding high income),NA,1986
7E,Europe & Central Asia (excluding high income),NA,1985
7E,Europe & Central Asia (excluding high income),NA,1984
7E,Europe & Central Asia (excluding high income),NA,1983
7E,Europe & Central Asia (excluding high income),NA,1982
7E,Europe & Central Asia (excluding high income),NA,1981
7E,Europe & Central Asia (excluding high income),NA,1980
7E,Europe & Central Asia (excluding high income),NA,1979
7E,Europe & Central Asia (excluding high income),NA,1978
7E,Europe & Central Asia (excluding high income),NA,1977
7E,Europe & Central Asia (excluding high income),NA,1976
7E,Europe & Central Asia (excluding high income),NA,1975
7E,Europe & Central Asia (excluding high income),NA,1974
7E,Europe & Central Asia (excluding high income),NA,1973
7E,Europe & Central Asia (excluding high income),NA,1972
7E,Europe & Central Asia (excluding high income),NA,1971
7E,Europe & Central Asia (excluding high income),NA,1970
T7,Europe & Central Asia (IDA & IBRD countries),9901.0483058364,2017
T7,Europe & Central Asia (IDA & IBRD countries),9557.76485001307,2016
T7,Europe & Central Asia (IDA & IBRD countries),9427.0130570093,2015
T7,Europe & Central Asia (IDA & IBRD countries),9364.82189085225,2014
T7,Europe & Central Asia (IDA & IBRD countries),9201.36295084733,2013
T7,Europe & Central Asia (IDA & IBRD countries),8928.46748551621,2012
T7,Europe & Central Asia (IDA & IBRD countries),8684.05444718056,2011
T7,Europe & Central Asia (IDA & IBRD countries),8249.42246508424,2010
T7,Europe & Central Asia (IDA & IBRD countries),7908.35934902414,2009
T7,Europe & Central Asia (IDA & IBRD countries),8349.05689900205,2008
T7,Europe & Central Asia (IDA & IBRD countries),8020.71591252519,2007
T7,Europe & Central Asia (IDA & IBRD countries),7468.45037833721,2006
T7,Europe & Central Asia (IDA & IBRD countries),6929.79564186188,2005
T7,Europe & Central Asia (IDA & IBRD countries),6503.26523836991,2004
T7,Europe & Central Asia (IDA & IBRD countries),6033.51843610481,2003
T7,Europe & Central Asia (IDA & IBRD countries),5683.07496585433,2002
T7,Europe & Central Asia (IDA & IBRD countries),5408.53376677016,2001
T7,Europe & Central Asia (IDA & IBRD countries),5274.94455821959,2000
T7,Europe & Central Asia (IDA & IBRD countries),4906.70172627125,1999
T7,Europe & Central Asia (IDA & IBRD countries),4792.94620010431,1998
T7,Europe & Central Asia (IDA & IBRD countries),4831.57853746835,1997
T7,Europe & Central Asia (IDA & IBRD countries),4682.34802577974,1996
T7,Europe & Central Asia (IDA & IBRD countries),4646.56733133375,1995
T7,Europe & Central Asia (IDA & IBRD countries),4664.48970307745,1994
T7,Europe & Central Asia (IDA & IBRD countries),5123.58996838042,1993
T7,Europe & Central Asia (IDA & IBRD countries),5387.67742769001,1992
T7,Europe & Central Asia (IDA & IBRD countries),5964.27836810472,1991
T7,Europe & Central Asia (IDA & IBRD countries),6333.21370197546,1990
T7,Europe & Central Asia (IDA & IBRD countries),6465.63956146058,1989
T7,Europe & Central Asia (IDA & IBRD countries),NA,1988
T7,Europe & Central Asia (IDA & IBRD countries),NA,1987
T7,Europe & Central Asia (IDA & IBRD countries),NA,1986
T7,Europe & Central Asia (IDA & IBRD countries),NA,1985
T7,Europe & Central Asia (IDA & IBRD countries),NA,1984
T7,Europe & Central Asia (IDA & IBRD countries),NA,1983
T7,Europe & Central Asia (IDA & IBRD countries),NA,1982
T7,Europe & Central Asia (IDA & IBRD countries),NA,1981
T7,Europe & Central Asia (IDA & IBRD countries),NA,1980
T7,Europe & Central Asia (IDA & IBRD countries),NA,1979
T7,Europe & Central Asia (IDA & IBRD countries),NA,1978
T7,Europe & Central Asia (IDA & IBRD countries),NA,1977
T7,Europe & Central Asia (IDA & IBRD countries),NA,1976
T7,Europe & Central Asia (IDA & IBRD countries),NA,1975
T7,Europe & Central Asia (IDA & IBRD countries),NA,1974
T7,Europe & Central Asia (IDA & IBRD countries),NA,1973
T7,Europe & Central Asia (IDA & IBRD countries),NA,1972
T7,Europe & Central Asia (IDA & IBRD countries),NA,1971
T7,Europe & Central Asia (IDA & IBRD countries),NA,1970
EU,European Union,36757.1145416503,2017
EU,European Union,35935.0541405304,2016
EU,European Union,35324.8052604231,2015
EU,European Union,34617.3930709669,2014
EU,European Union,34117.6624226168,2013
EU,European Union,34131.2688218719,2012
EU,European Union,34341.2535777659,2011
EU,European Union,33729.2116139824,2010
EU,European Union,33112.3983973553,2009
EU,European Union,34719.9830331807,2008
EU,European Union,34665.4013127783,2007
EU,European Union,33745.925291734,2006
EU,European Union,32769.8672525672,2005
EU,European Union,32215.8968527775,2004
EU,European Union,31529.4710540676,2003
EU,European Union,31245.039478491,2002
EU,European Union,30901.011290071,2001
EU,European Union,30268.9849212946,2000
EU,European Union,29192.2945783828,1999
EU,European Union,28390.5174604736,1998
EU,European Union,27599.0500280533,1997
EU,European Union,26854.8965803184,1996
EU,European Union,26378.4594204169,1995
EU,European Union,25741.3837529914,1994
EU,European Union,25092.369594554,1993
EU,European Union,25207.7483886002,1992
EU,European Union,25019.7796841939,1991
EU,European Union,24747.3264234446,1990
EU,European Union,24110.9528762295,1989
EU,European Union,23322.674259486,1988
EU,European Union,22408.4264807203,1987
EU,European Union,21830.9421366705,1986
EU,European Union,21322.0297249461,1985
EU,European Union,20828.4126930037,1984
EU,European Union,20374.4517017703,1983
EU,European Union,20054.4873640867,1982
EU,European Union,19914.8099441387,1981
EU,European Union,19924.9777845188,1980
EU,European Union,19717.9836115641,1979
EU,European Union,19066.2034171501,1978
EU,European Union,18545.0756206357,1977
EU,European Union,18113.999545078,1976
EU,European Union,17398.4104391694,1975
EU,European Union,17625.4273479172,1974
EU,European Union,17335.7807991736,1973
EU,European Union,16434.1410929889,1972
EU,European Union,15793.3927075593,1971
EU,European Union,15318.9409925763,1970
F1,Fragile and conflict affected situations,1590.97902770942,2017
F1,Fragile and conflict affected situations,1578.85147566459,2016
F1,Fragile and conflict affected situations,1534.10324930436,2015
F1,Fragile and conflict affected situations,1534.99089020433,2014
F1,Fragile and conflict affected situations,1553.57234439099,2013
F1,Fragile and conflict affected situations,1530.97761567783,2012
F1,Fragile and conflict affected situations,1395.72049481635,2011
F1,Fragile and conflict affected situations,1510.91623128527,2010
F1,Fragile and conflict affected situations,1451.66791164091,2009
F1,Fragile and conflict affected situations,1420.86772999585,2008
F1,Fragile and conflict affected situations,1379.29958868956,2007
F1,Fragile and conflict affected situations,1339.28548337659,2006
F1,Fragile and conflict affected situations,1285.25197275566,2005
F1,Fragile and conflict affected situations,1235.34073343372,2004
F1,Fragile and conflict affected situations,1111.09027615838,2003
F1,Fragile and conflict affected situations,1196.92873832244,2002
F1,Fragile and conflict affected situations,1235.37725741452,2001
F1,Fragile and conflict affected situations,1231.76581451942,2000
F1,Fragile and conflict affected situations,1238.91791917277,1999
F1,Fragile and conflict affected situations,1186.72728922259,1998
F1,Fragile and conflict affected situations,1088.02670887505,1997
F1,Fragile and conflict affected situations,1035.50370468626,1996
F1,Fragile and conflict affected situations,990.171505126371,1995
F1,Fragile and conflict affected situations,981.706246728415,1994
F1,Fragile and conflict affected situations,979.50168505229,1993
F1,Fragile and conflict affected situations,947.986972904904,1992
F1,Fragile and conflict affected situations,920.241844749123,1991
F1,Fragile and conflict affected situations,1156.73434272331,1990
F1,Fragile and conflict affected situations,1042.09999683822,1989
F1,Fragile and conflict affected situations,1085.72553690968,1988
F1,Fragile and conflict affected situations,NA,1987
F1,Fragile and conflict affected situations,NA,1986
F1,Fragile and conflict affected situations,NA,1985
F1,Fragile and conflict affected situations,NA,1984
F1,Fragile and conflict affected situations,NA,1983
F1,Fragile and conflict affected situations,NA,1982
F1,Fragile and conflict affected situations,NA,1981
F1,Fragile and conflict affected situations,NA,1980
F1,Fragile and conflict affected situations,NA,1979
F1,Fragile and conflict affected situations,NA,1978
F1,Fragile and conflict affected situations,NA,1977
F1,Fragile and conflict affected situations,NA,1976
F1,Fragile and conflict affected situations,NA,1975
F1,Fragile and conflict affected situations,NA,1974
F1,Fragile and conflict affected situations,NA,1973
F1,Fragile and conflict affected situations,NA,1972
F1,Fragile and conflict affected situations,NA,1971
F1,Fragile and conflict affected situations,NA,1970
XE,Heavily indebted poor countries (HIPC),889.617270595648,2017
XE,Heavily indebted poor countries (HIPC),869.628829230663,2016
XE,Heavily indebted poor countries (HIPC),854.556153141799,2015
XE,Heavily indebted poor countries (HIPC),837.554989546245,2014
XE,Heavily indebted poor countries (HIPC),815.954027475052,2013
XE,Heavily indebted poor countries (HIPC),793.407649819379,2012
XE,Heavily indebted poor countries (HIPC),771.872992885695,2011
XE,Heavily indebted poor countries (HIPC),759.414401867423,2010
XE,Heavily indebted poor countries (HIPC),737.558175919444,2009
XE,Heavily indebted poor countries (HIPC),727.146492006553,2008
XE,Heavily indebted poor countries (HIPC),704.756996660792,2007
XE,Heavily indebted poor countries (HIPC),679.974491439693,2006
XE,Heavily indebted poor countries (HIPC),658.584968062494,2005
XE,Heavily indebted poor countries (HIPC),638.591856330028,2004
XE,Heavily indebted poor countries (HIPC),622.52577513897,2003
XE,Heavily indebted poor countries (HIPC),612.998803623394,2002
XE,Heavily indebted poor countries (HIPC),609.244239857539,2001
XE,Heavily indebted poor countries (HIPC),600.832975457985,2000
XE,Heavily indebted poor countries (HIPC),601.163700829379,1999
XE,Heavily indebted poor countries (HIPC),599.389488170044,1998
XE,Heavily indebted poor countries (HIPC),594.725464024254,1997
XE,Heavily indebted poor countries (HIPC),586.380970503903,1996
XE,Heavily indebted poor countries (HIPC),572.768801550191,1995
XE,Heavily indebted poor countries (HIPC),561.776120095749,1994
XE,Heavily indebted poor countries (HIPC),578.525243945269,1993
XE,Heavily indebted poor countries (HIPC),592.997660829038,1992
XE,Heavily indebted poor countries (HIPC),615.354096023813,1991
XE,Heavily indebted poor countries (HIPC),629.503776108044,1990
XE,Heavily indebted poor countries (HIPC),651.529457283576,1989
XE,Heavily indebted poor countries (HIPC),656.166822780413,1988
XE,Heavily indebted poor countries (HIPC),667.611865616864,1987
XE,Heavily indebted poor countries (HIPC),664.387991411084,1986
XE,Heavily indebted poor countries (HIPC),661.610788981712,1985
XE,Heavily indebted poor countries (HIPC),667.981033991305,1984
XE,Heavily indebted poor countries (HIPC),676.482906973038,1983
XE,Heavily indebted poor countries (HIPC),689.261418418242,1982
XE,Heavily indebted poor countries (HIPC),699.161968819457,1981
XE,Heavily indebted poor countries (HIPC),692.229198992289,1980
XE,Heavily indebted poor countries (HIPC),709.972079306567,1979
XE,Heavily indebted poor countries (HIPC),726.182665543373,1978
XE,Heavily indebted poor countries (HIPC),728.965863020551,1977
XE,Heavily indebted poor countries (HIPC),721.507515603581,1976
XE,Heavily indebted poor countries (HIPC),711.565860200089,1975
XE,Heavily indebted poor countries (HIPC),714.755180968911,1974
XE,Heavily indebted poor countries (HIPC),694.404235911991,1973
XE,Heavily indebted poor countries (HIPC),691.974451516257,1972
XE,Heavily indebted poor countries (HIPC),698.565652610046,1971
XE,Heavily indebted poor countries (HIPC),688.100008286758,1970
XD,High income,42784.8756709157,2017
XD,High income,42053.1290962029,2016
XD,High income,41592.9110834063,2015
XD,High income,40887.4916223203,2014
XD,High income,40314.3217362491,2013
XD,High income,39979.8782139743,2012
XD,High income,39704.6604120424,2011
XD,High income,39169.9121786448,2010
XD,High income,38305.8168928189,2009
XD,High income,39919.86325003,2008
XD,High income,40099.1968507277,2007
XD,High income,39373.771785869,2006
XD,High income,38491.9691958906,2005
XD,High income,37705.4800226769,2004
XD,High income,36755.8983620421,2003
XD,High income,36226.86988901,2002
XD,High income,35916.9246552923,2001
XD,High income,35618.3202881202,2000
XD,High income,34446.8315213384,1999
XD,High income,33558.71580937,1998
XD,High income,32879.2750706307,1997
XD,High income,32017.1302863097,1996
XD,High income,31309.2589010116,1995
XD,High income,30696.8471457061,1994
XD,High income,29966.8174133425,1993
XD,High income,29841.7261618646,1992
XD,High income,29417.3609825457,1991
XD,High income,29222.6859648649,1990
XD,High income,28553.787539602,1989
XD,High income,27687.4366781059,1988
XD,High income,26599.9214834694,1987
XD,High income,25878.9902984666,1986
XD,High income,25243.6177977292,1985
XD,High income,24534.0809166483,1984
XD,High income,23625.1260305121,1983
XD,High income,23168.3562393802,1982
XD,High income,23362.1852658167,1981
XD,High income,23096.2687435296,1980
XD,High income,22944.3956905016,1979
XD,High income,22222.1103178939,1978
XD,High income,21520.2400521971,1977
XD,High income,20888.4746305502,1976
XD,High income,20058.4603522378,1975
XD,High income,20269.3892681438,1974
XD,High income,20232.095942676,1973
XD,High income,19199.8975274505,1972
XD,High income,18367.545361687,1971
XD,High income,17856.475800918,1970
XF,IBRD only,5845.71273639737,2017
XF,IBRD only,5626.44735355131,2016
XF,IBRD only,5447.110167329,2015
XF,IBRD only,5295.99051948059,2014
XF,IBRD only,5128.62132025328,2013
XF,IBRD only,4934.4454872802,2012
XF,IBRD only,4744.86872719746,2011
XF,IBRD only,4520.90479480213,2010
XF,IBRD only,4254.58319479835,2009
XF,IBRD only,4212.23526380725,2008
XF,IBRD only,4030.84667376643,2007
XF,IBRD only,3753.15978670326,2006
XF,IBRD only,3513.38367303843,2005
XF,IBRD only,3321.52078292602,2004
XF,IBRD only,3117.17786655501,2003
XF,IBRD only,2991.71019134842,2002
XF,IBRD only,2905.46460242309,2001
XF,IBRD only,2845.6282941601,2000
XF,IBRD only,2725.94093414862,1999
XF,IBRD only,2675.40787941764,1998
XF,IBRD only,2656.38582983183,1997
XF,IBRD only,2562.73312284907,1996
XF,IBRD only,2476.65435094824,1995
XF,IBRD only,2421.07920853257,1994
XF,IBRD only,2393.03522833888,1993
XF,IBRD only,2358.1067581425,1992
XF,IBRD only,2373.11516213973,1991
XF,IBRD only,2387.91871214175,1990
XF,IBRD only,2380.45799154648,1989
XF,IBRD only,2355.29741298188,1988
XF,IBRD only,2312.59725633559,1987
XF,IBRD only,2248.28810069324,1986
XF,IBRD only,2196.43637319283,1985
XF,IBRD only,2144.15644883113,1984
XF,IBRD only,2089.60667526548,1983
XF,IBRD only,2104.35252400144,1982
XF,IBRD only,2089.57319574208,1981
XF,IBRD only,2087.6150992463,1980
XF,IBRD only,2042.9210500045,1979
XF,IBRD only,1996.96650326347,1978
XF,IBRD only,1971.07520834923,1977
XF,IBRD only,1926.47060121122,1976
XF,IBRD only,1839.61073792238,1975
XF,IBRD only,1799.04856491898,1974
XF,IBRD only,1736.11194150541,1973
XF,IBRD only,1650.32072716457,1972
XF,IBRD only,1580.56386962876,1971
XF,IBRD only,1521.3519358131,1970
ZT,IDA & IBRD total,4682.04199539646,2017
ZT,IDA & IBRD total,4523.167782876,2016
ZT,IDA & IBRD total,4396.54146107531,2015
ZT,IDA & IBRD total,4287.14417053977,2014
ZT,IDA & IBRD total,4160.69684893633,2013
ZT,IDA & IBRD total,4012.72288626558,2012
ZT,IDA & IBRD total,3870.91960643464,2011
ZT,IDA & IBRD total,3702.8217851557,2010
ZT,IDA & IBRD total,3497.86315903383,2009
ZT,IDA & IBRD total,3466.64234336724,2008
ZT,IDA & IBRD total,3327.97414755219,2007
ZT,IDA & IBRD total,3111.85780213602,2006
ZT,IDA & IBRD total,2924.59274459727,2005
ZT,IDA & IBRD total,2773.58654298207,2004
ZT,IDA & IBRD total,2611.83139009088,2003
ZT,IDA & IBRD total,2514.17967317891,2002
ZT,IDA & IBRD total,2445.78814809112,2001
ZT,IDA & IBRD total,2400.12795943825,2000
ZT,IDA & IBRD total,2307.77163898606,1999
ZT,IDA & IBRD total,2270.98351154572,1998
ZT,IDA & IBRD total,2258.65476161729,1997
ZT,IDA & IBRD total,2186.86937298831,1996
ZT,IDA & IBRD total,2118.75478685963,1995
ZT,IDA & IBRD total,2076.8060871445,1994
ZT,IDA & IBRD total,2060.43950541872,1993
ZT,IDA & IBRD total,2038.51458218081,1992
ZT,IDA & IBRD total,2054.90558975815,1991
ZT,IDA & IBRD total,2071.43773580441,1990
ZT,IDA & IBRD total,2066.32201897327,1989
ZT,IDA & IBRD total,2048.58983508663,1988
ZT,IDA & IBRD total,2013.9787854951,1987
ZT,IDA & IBRD total,1963.23907471539,1986
ZT,IDA & IBRD total,1923.05131802989,1985
ZT,IDA & IBRD total,1880.78281924706,1984
ZT,IDA & IBRD total,1840.22546999248,1983
ZT,IDA & IBRD total,1860.2643476202,1982
ZT,IDA & IBRD total,1854.72743936091,1981
ZT,IDA & IBRD total,1861.37224583339,1980
ZT,IDA & IBRD total,1825.81380203169,1979
ZT,IDA & IBRD total,1788.19817534063,1978
ZT,IDA & IBRD total,1772.14999308225,1977
ZT,IDA & IBRD total,1734.16902283593,1976
ZT,IDA & IBRD total,1659.30881340869,1975
ZT,IDA & IBRD total,1632.62481339098,1974
ZT,IDA & IBRD total,1573.88451345106,1973
ZT,IDA & IBRD total,1501.28244326384,1972
ZT,IDA & IBRD total,1445.75896197587,1971
ZT,IDA & IBRD total,1391.44573805665,1970
XH,IDA blend,1741.18888582219,2017
XH,IDA blend,1733.8094689067,2016
XH,IDA blend,1746.98874283168,2015
XH,IDA blend,1720.89483513563,2014
XH,IDA blend,1664.78073577229,2013
XH,IDA blend,1609.87418341986,2012
XH,IDA blend,1576.00970891111,2011
XH,IDA blend,1537.54863344858,2010
XH,IDA blend,1482.32673236968,2009
XH,IDA blend,1436.15330481021,2008
XH,IDA blend,1408.86324893873,2007
XH,IDA blend,1362.13703798539,2006
XH,IDA blend,1315.81337273746,2005
XH,IDA blend,1265.53357287891,2004
XH,IDA blend,1201.98683412632,2003
XH,IDA blend,1171.71515061996,2002
XH,IDA blend,1112.13389814692,2001
XH,IDA blend,1094.78440843926,2000
XH,IDA blend,1080.94566367944,1999
XH,IDA blend,1086.70855669435,1998
XH,IDA blend,1086.16585696841,1997
XH,IDA blend,1091.11439685394,1996
XH,IDA blend,1071.01544753397,1995
XH,IDA blend,1078.03481535836,1994
XH,IDA blend,1097.62127386955,1993
XH,IDA blend,1131.22547853593,1992
XH,IDA blend,1126.6575099845,1991
XH,IDA blend,1137.89779090971,1990
XH,IDA blend,1097.63743197691,1989
XH,IDA blend,1097.19941130782,1988
XH,IDA blend,1063.97477748884,1987
XH,IDA blend,1057.67492392413,1986
XH,IDA blend,1060.79450093544,1985
XH,IDA blend,1030.11170469201,1984
XH,IDA blend,1044.70269146651,1983
XH,IDA blend,1114.79606730754,1982
XH,IDA blend,1164.02392372799,1981
XH,IDA blend,1261.05522091798,1980
XH,IDA blend,1233.89152098086,1979
XH,IDA blend,1199.44263646362,1978
XH,IDA blend,1248.4060347089,1977
XH,IDA blend,1221.98312632711,1976
XH,IDA blend,1181.49478385496,1975
XH,IDA blend,1244.31871880379,1974
XH,IDA blend,1174.33028152129,1973
XH,IDA blend,1141.69740905872,1972
XH,IDA blend,1127.12745339861,1971
XH,IDA blend,1042.53816827503,1970
XI,IDA only,997.531010479325,2017
XI,IDA only,964.447884491523,2016
XI,IDA only,942.107886567488,2015
XI,IDA only,921.85335848458794,2014
XI,IDA only,892.334139241674,2013
XI,IDA only,859.609318310237,2012
XI,IDA only,838.337981721201,2011
XI,IDA only,823.477935869044,2010
XI,IDA only,793.049219868453,2009
XI,IDA only,774.596968807847,2008
XI,IDA only,745.322994157502,2007
XI,IDA only,712.107625470983,2006
XI,IDA only,683.211262284596,2005
XI,IDA only,655.984686596546,2004
XI,IDA only,634.554576724629,2003
XI,IDA only,617.663311134208,2002
XI,IDA only,609.122460849624,2001
XI,IDA only,594.143837332365,2000
XI,IDA only,585.463380463175,1999
XI,IDA only,576.546947334626,1998
XI,IDA only,568.397648778973,1997
XI,IDA only,557.840292443204,1996
XI,IDA only,544.540364767285,1995
XI,IDA only,532.54589034605,1994
XI,IDA only,544.897969974639,1993
XI,IDA only,550.729607111153,1992
XI,IDA only,563.767050667735,1991
XI,IDA only,571.964934019081,1990
XI,IDA only,581.486856021848,1989
XI,IDA only,583.125026688033,1988
XI,IDA only,585.992154567416,1987
XI,IDA only,581.721705569099,1986
XI,IDA only,577.212698959038,1985
XI,IDA only,581.536763729702,1984
XI,IDA only,586.85471414377,1983
XI,IDA only,596.774336610148,1982
XI,IDA only,607.470175692256,1981
XI,IDA only,602.637072170588,1980
XI,IDA only,616.605601273335,1979
XI,IDA only,627.505395678496,1978
XI,IDA only,629.900272886179,1977
XI,IDA only,624.535645992606,1976
XI,IDA only,609.659877143507,1975
XI,IDA only,622.170768583364,1974
XI,IDA only,599.753622680358,1973
XI,IDA only,598.58245544859,1972
XI,IDA only,622.288080649176,1971
XI,IDA only,624.254488481965,1970
XG,IDA total,1252.52850554899,2017
XG,IDA total,1228.92036628592,2016
XG,IDA total,1219.2932662497,2015
XG,IDA total,1196.94331574252,2014
XG,IDA total,1157.99550575521,2013
XG,IDA total,1117.437432836,2012
XG,IDA total,1091.64284866941,2011
XG,IDA total,1068.20470013323,2010
XG,IDA total,1028.96819597792,2009
XG,IDA total,1000.74660384228,2008
XG,IDA total,972.448806335442,2007
XG,IDA total,934.815424391621,2006
XG,IDA total,900.136026877625,2005
XG,IDA total,865.172857913496,2004
XG,IDA total,829.185673971719,2003
XG,IDA total,807.958998126845,2002
XG,IDA total,781.338306161455,2001
XG,IDA total,765.88028952745594,2000
XG,IDA total,755.527477732199,1999
XG,IDA total,752.085716163417,1998
XG,IDA total,746.761104272347,1997
XG,IDA total,741.972540918915,1996
XG,IDA total,726.46024815858,1995
XG,IDA total,721.660878325941,1994
XG,IDA total,736.634625164754,1993
XG,IDA total,752.701895476343,1992
XG,IDA total,759.208232671175,1991
XG,IDA total,768.441796336751,1990
XG,IDA total,758.93686826134,1989
XG,IDA total,759.533884547482,1988
XG,IDA total,748.189705199136,1987
XG,IDA total,742.886772709066,1986
XG,IDA total,740.902010242606,1985
XG,IDA total,731.34447704692,1984
XG,IDA total,739.437184715722,1983
XG,IDA total,771.08803732649,1982
XG,IDA total,795.265954299064,1981
XG,IDA total,828.956400001387,1980
XG,IDA total,825.335780690092,1979
XG,IDA total,817.221977232858,1978
XG,IDA total,836.368212416443,1977
XG,IDA total,822.223247199038,1976
XG,IDA total,797.424726104956,1975
XG,IDA total,827.620313858186,1974
XG,IDA total,787.570568208058,1973
XG,IDA total,773.996285747247,1972
XG,IDA total,781.654947863608,1971
XG,IDA total,750.628418338636,1970
V3,Late-demographic dividend,8289.78038065342,2017
V3,Late-demographic dividend,7967.58104849755,2016
V3,Late-demographic dividend,7724.15649553569,2015
V3,Late-demographic dividend,7481.08282088888,2014
V3,Late-demographic dividend,7195.9739186908,2013
V3,Late-demographic dividend,6881.16197199604,2012
V3,Late-demographic dividend,6569.1031005144,2011
V3,Late-demographic dividend,6190.07010495879,2010
V3,Late-demographic dividend,5786.17494907138,2009
V3,Late-demographic dividend,5672.71185688688,2008
V3,Late-demographic dividend,5358.92670852596,2007
V3,Late-demographic dividend,4919.09714629549,2006
V3,Late-demographic dividend,4552.05752512739,2005
V3,Late-demographic dividend,4274.88312366356,2004
V3,Late-demographic dividend,3987.90195105915,2003
V3,Late-demographic dividend,3776.73025769673,2002
V3,Late-demographic dividend,3602.85111583356,2001
V3,Late-demographic dividend,3465.80367174014,2000
V3,Late-demographic dividend,3270.50823338009,1999
V3,Late-demographic dividend,3167.39121874344,1998
V3,Late-demographic dividend,3131.18770359316,1997
V3,Late-demographic dividend,3010.4821392327,1996
V3,Late-demographic dividend,2913.76624581782,1995
V3,Late-demographic dividend,2806.39998599025,1994
V3,Late-demographic dividend,2744.36441102087,1993
V3,Late-demographic dividend,2685.01933638438,1992
V3,Late-demographic dividend,2733.57956641926,1991
V3,Late-demographic dividend,2757.11420756554,1990
V3,Late-demographic dividend,2789.77874269424,1989
V3,Late-demographic dividend,2711.14130681294,1988
V3,Late-demographic dividend,2634.83052875514,1987
V3,Late-demographic dividend,2526.65658789009,1986
V3,Late-demographic dividend,2420.60236724131,1985
V3,Late-demographic dividend,2289.42256314423,1984
V3,Late-demographic dividend,2166.27074486914,1983
V3,Late-demographic dividend,2186.25427502112,1982
V3,Late-demographic dividend,2182.46511229708,1981
V3,Late-demographic dividend,2216.01905030871,1980
V3,Late-demographic dividend,2073.74138537257,1979
V3,Late-demographic dividend,1957.55889510939,1978
V3,Late-demographic dividend,1885.37966638716,1977
V3,Late-demographic dividend,1798.45177212583,1976
V3,Late-demographic dividend,1706.10022906126,1975
V3,Late-demographic dividend,1656.92737096816,1974
V3,Late-demographic dividend,1586.99284652579,1973
V3,Late-demographic dividend,1476.7719140509,1972
V3,Late-demographic dividend,1394.20875529358,1971
V3,Late-demographic dividend,1314.71772799082,1970
ZJ,Latin America & Caribbean,9502.23816838372,2017
ZJ,Latin America & Caribbean,9438.52535422712,2016
ZJ,Latin America & Caribbean,9567.19418094068,2015
ZJ,Latin America & Caribbean,9657.5327849633,2014
ZJ,Latin America & Caribbean,9662.88266300182,2013
ZJ,Latin America & Caribbean,9505.63977354709,2012
ZJ,Latin America & Caribbean,9350.54693623941,2011
ZJ,Latin America & Caribbean,9058.33021954668,2010
ZJ,Latin America & Caribbean,8653.84648662119,2009
ZJ,Latin America & Caribbean,8921.59130928393,2008
ZJ,Latin America & Caribbean,8686.45786045844,2007
ZJ,Latin America & Caribbean,8331.43305697358,2006
ZJ,Latin America & Caribbean,8012.13834028745,2005
ZJ,Latin America & Caribbean,7782.65046560125,2004
ZJ,Latin America & Caribbean,7413.28881826403,2003
ZJ,Latin America & Caribbean,7396.523990252,2002
ZJ,Latin America & Caribbean,7476.12837052416,2001
ZJ,Latin America & Caribbean,7515.64313152589,2000
ZJ,Latin America & Caribbean,7347.1514152484,1999
ZJ,Latin America & Caribbean,7448.6781605464,1998
ZJ,Latin America & Caribbean,7400.56453021106,1997
ZJ,Latin America & Caribbean,7152.4372743313,1996
ZJ,Latin America & Caribbean,7022.94285642724,1995
ZJ,Latin America & Caribbean,7033.98013217554,1994
ZJ,Latin America & Caribbean,6841.05391430019,1993
ZJ,Latin America & Caribbean,6709.49128618815,1992
ZJ,Latin America & Caribbean,6661.17134747905,1991
ZJ,Latin America & Caribbean,6555.44466481824,1990
ZJ,Latin America & Caribbean,6654.94746501635,1989
ZJ,Latin America & Caribbean,6691.03172239909,1988
ZJ,Latin America & Caribbean,6751.77144103564,1987
ZJ,Latin America & Caribbean,6662.36684020812,1986
ZJ,Latin America & Caribbean,6505.93131665833,1985
ZJ,Latin America & Caribbean,6408.03025524119,1984
ZJ,Latin America & Caribbean,6304.38625975448,1983
ZJ,Latin America & Caribbean,6607.84499870406,1982
ZJ,Latin America & Caribbean,6783.00450243868,1981
ZJ,Latin America & Caribbean,6907.34017364091,1980
ZJ,Latin America & Caribbean,6658.28652282871,1979
ZJ,Latin America & Caribbean,6385.86501518475,1978
ZJ,Latin America & Caribbean,6284.86679988075,1977
ZJ,Latin America & Caribbean,6132.65020599124,1976
ZJ,Latin America & Caribbean,5910.63168278453,1975
ZJ,Latin America & Caribbean,5832.24900226031,1974
ZJ,Latin America & Caribbean,5613.78321534917,1973
ZJ,Latin America & Caribbean,5293.80388018995,1972
ZJ,Latin America & Caribbean,5060.94264334845,1971
ZJ,Latin America & Caribbean,4862.58561628703,1970
XJ,Latin America & Caribbean (excluding high income),9149.15974938815,2017
XJ,Latin America & Caribbean (excluding high income),9081.33139187791,2016
XJ,Latin America & Caribbean (excluding high income),9217.65356011065,2015
XJ,Latin America & Caribbean (excluding high income),9320.01232899896,2014
XJ,Latin America & Caribbean (excluding high income),9329.8936325308,2013
XJ,Latin America & Caribbean (excluding high income),9182.45974594598,2012
XJ,Latin America & Caribbean (excluding high income),9042.38599278095,2011
XJ,Latin America & Caribbean (excluding high income),8760.29919491797,2010
XJ,Latin America & Caribbean (excluding high income),8357.87313163996,2009
XJ,Latin America & Caribbean (excluding high income),8621.90000221275,2008
XJ,Latin America & Caribbean (excluding high income),8386.66547737389,2007
XJ,Latin America & Caribbean (excluding high income),8032.61944370514,2006
XJ,Latin America & Caribbean (excluding high income),7719.75641080288,2005
XJ,Latin America & Caribbean (excluding high income),7495.74877609565,2004
XJ,Latin America & Caribbean (excluding high income),7147.21985626678,2003
XJ,Latin America & Caribbean (excluding high income),7140.89946700794,2002
XJ,Latin America & Caribbean (excluding high income),7227.63901490363,2001
XJ,Latin America & Caribbean (excluding high income),7282.56887040442,2000
XJ,Latin America & Caribbean (excluding high income),7121.83892369331,1999
XJ,Latin America & Caribbean (excluding high income),7232.90855116535,1998
XJ,Latin America & Caribbean (excluding high income),7203.48668945981,1997
XJ,Latin America & Caribbean (excluding high income),6971.17903768076,1996
XJ,Latin America & Caribbean (excluding high income),6854.44907354139,1995
XJ,Latin America & Caribbean (excluding high income),6887.82316597437,1994
XJ,Latin America & Caribbean (excluding high income),6701.30147277909,1993
XJ,Latin America & Caribbean (excluding high income),6579.60645672795,1992
XJ,Latin America & Caribbean (excluding high income),6557.27540613585,1991
XJ,Latin America & Caribbean (excluding high income),6460.59758920626,1990
XJ,Latin America & Caribbean (excluding high income),6562.52131194783,1989
XJ,Latin America & Caribbean (excluding high income),6620.26155493078,1988
XJ,Latin America & Caribbean (excluding high income),6696.39308878508,1987
XJ,Latin America & Caribbean (excluding high income),6617.69259190933,1986
XJ,Latin America & Caribbean (excluding high income),6466.68900221683,1985
XJ,Latin America & Caribbean (excluding high income),6369.75272274964,1984
XJ,Latin America & Caribbean (excluding high income),6269.63416412417,1983
XJ,Latin America & Caribbean (excluding high income),6565.19263787198,1982
XJ,Latin America & Caribbean (excluding high income),6719.49315586354,1981
XJ,Latin America & Caribbean (excluding high income),6860.47564539438,1980
XJ,Latin America & Caribbean (excluding high income),6619.57892697351,1979
XJ,Latin America & Caribbean (excluding high income),6357.53416287929,1978
XJ,Latin America & Caribbean (excluding high income),6273.99576142751,1977
XJ,Latin America & Caribbean (excluding high income),6132.69816405898,1976
XJ,Latin America & Caribbean (excluding high income),5908.7545545773,1975
XJ,Latin America & Caribbean (excluding high income),5800.60540933289,1974
XJ,Latin America & Caribbean (excluding high income),5570.05564212158,1973
XJ,Latin America & Caribbean (excluding high income),5225.22870300037,1972
XJ,Latin America & Caribbean (excluding high income),4977.99017801926,1971
XJ,Latin America & Caribbean (excluding high income),4784.86268468549,1970
T2,Latin America & the Caribbean (IDA & IBRD countries),9423.36441518509,2017
T2,Latin America & the Caribbean (IDA & IBRD countries),9356.41259844286,2016
T2,Latin America & the Caribbean (IDA & IBRD countries),9486.79750104369,2015
T2,Latin America & the Caribbean (IDA & IBRD countries),9583.321778131,2014
T2,Latin America & the Caribbean (IDA & IBRD countries),9587.85029547086,2013
T2,Latin America & the Caribbean (IDA & IBRD countries),9428.52976637653,2012
T2,Latin America & the Caribbean (IDA & IBRD countries),9271.97268361983,2011
T2,Latin America & the Caribbean (IDA & IBRD countries),8974.00798405259,2010
T2,Latin America & the Caribbean (IDA & IBRD countries),8560.32761463272,2009
T2,Latin America & the Caribbean (IDA & IBRD countries),8830.54090716743,2008
T2,Latin America & the Caribbean (IDA & IBRD countries),8589.11880486384,2007
T2,Latin America & the Caribbean (IDA & IBRD countries),8229.55928174209,2006
T2,Latin America & the Caribbean (IDA & IBRD countries),7909.81970129181,2005
T2,Latin America & the Caribbean (IDA & IBRD countries),7678.99439216883,2004
T2,Latin America & the Caribbean (IDA & IBRD countries),7319.2189889403,2003
T2,Latin America & the Caribbean (IDA & IBRD countries),7303.25155491985,2002
T2,Latin America & the Caribbean (IDA & IBRD countries),7386.61849888936,2001
T2,Latin America & the Caribbean (IDA & IBRD countries),7439.59402055566,2000
T2,Latin America & the Caribbean (IDA & IBRD countries),7276.2410350005,1999
T2,Latin America & the Caribbean (IDA & IBRD countries),7393.90615084552,1998
T2,Latin America & the Caribbean (IDA & IBRD countries),7352.64861321419,1997
T2,Latin America & the Caribbean (IDA & IBRD countries),7106.0307977726,1996
T2,Latin America & the Caribbean (IDA & IBRD countries),6980.55542515161,1995
T2,Latin America & the Caribbean (IDA & IBRD countries),6999.7732404672,1994
T2,Latin America & the Caribbean (IDA & IBRD countries),6807.12231671459,1993
T2,Latin America & the Caribbean (IDA & IBRD countries),6665.15797886842,1992
T2,Latin America & the Caribbean (IDA & IBRD countries),6608.32259399868,1991
T2,Latin America & the Caribbean (IDA & IBRD countries),6488.14025707115,1990
T2,Latin America & the Caribbean (IDA & IBRD countries),6579.85668038283,1989
T2,Latin America & the Caribbean (IDA & IBRD countries),6622.69610342238,1988
T2,Latin America & the Caribbean (IDA & IBRD countries),6695.59343100877,1987
T2,Latin America & the Caribbean (IDA & IBRD countries),6606.25287988096,1986
T2,Latin America & the Caribbean (IDA & IBRD countries),6449.10504733539,1985
T2,Latin America & the Caribbean (IDA & IBRD countries),6352.10258739825,1984
T2,Latin America & the Caribbean (IDA & IBRD countries),6261.29599101872,1983
T2,Latin America & the Caribbean (IDA & IBRD countries),6576.81795486147,1982
T2,Latin America & the Caribbean (IDA & IBRD countries),6763.86210658984,1981
T2,Latin America & the Caribbean (IDA & IBRD countries),6907.92971227181,1980
T2,Latin America & the Caribbean (IDA & IBRD countries),6650.7111220748,1979
T2,Latin America & the Caribbean (IDA & IBRD countries),6381.39286715857,1978
T2,Latin America & the Caribbean (IDA & IBRD countries),6291.01836556624,1977
T2,Latin America & the Caribbean (IDA & IBRD countries),6146.57551158072,1976
T2,Latin America & the Caribbean (IDA & IBRD countries),5925.95888471407,1975
T2,Latin America & the Caribbean (IDA & IBRD countries),5846.07653690321,1974
T2,Latin America & the Caribbean (IDA & IBRD countries),5617.60031437604,1973
T2,Latin America & the Caribbean (IDA & IBRD countries),5292.53274608097,1972
T2,Latin America & the Caribbean (IDA & IBRD countries),5057.908495714,1971
T2,Latin America & the Caribbean (IDA & IBRD countries),4861.38842584682,1970
XL,Least developed countries: UN classification,936.21142292139,2017
XL,Least developed countries: UN classification,914.158741320054,2016
XL,Least developed countries: UN classification,902.686311997184,2015
XL,Least developed countries: UN classification,888.247302084645,2014
XL,Least developed countries: UN classification,862.376629087327,2013
XL,Least developed countries: UN classification,834.965044559874,2012
XL,Least developed countries: UN classification,815.149475395361,2011
XL,Least developed countries: UN classification,804.022644319157,2010
XL,Least developed countries: UN classification,774.762188970412,2009
XL,Least developed countries: UN classification,757.998992227941,2008
XL,Least developed countries: UN classification,724.002779380033,2007
XL,Least developed countries: UN classification,683.743550249042,2006
XL,Least developed countries: UN classification,649.587493751305,2005
XL,Least developed countries: UN classification,614.652679027118,2004
XL,Least developed countries: UN classification,589.384558598211,2003
XL,Least developed countries: UN classification,573.540252848422,2002
XL,Least developed countries: UN classification,558.523877680073,2001
XL,Least developed countries: UN classification,543.952635240741,2000
XL,Least developed countries: UN classification,535.1844379721,1999
XL,Least developed countries: UN classification,527.102422967881,1998
XL,Least developed countries: UN classification,519.795940484496,1997
XL,Least developed countries: UN classification,508.584373208371,1996
XL,Least developed countries: UN classification,492.13358807445,1995
XL,Least developed countries: UN classification,476.609831599571,1994
XL,Least developed countries: UN classification,485.965515881913,1993
XL,Least developed countries: UN classification,504.801228081144,1992
XL,Least developed countries: UN classification,517.614295780611,1991
XL,Least developed countries: UN classification,523.046215802386,1990
XL,Least developed countries: UN classification,535.130671660711,1989
XL,Least developed countries: UN classification,537.229544257851,1988
XL,Least developed countries: UN classification,537.845425694653,1987
XL,Least developed countries: UN classification,531.099808602431,1986
XL,Least developed countries: UN classification,527.208909262469,1985
XL,Least developed countries: UN classification,531.411301241822,1984
XL,Least developed countries: UN classification,532.324614715946,1983
XL,Least developed countries: UN classification,535.067628338605,1982
XL,Least developed countries: UN classification,541.005294032862,1981
XL,Least developed countries: UN classification,540.46237680509,1980
XL,Least developed countries: UN classification,NA,1979
XL,Least developed countries: UN classification,NA,1978
XL,Least developed countries: UN classification,NA,1977
XL,Least developed countries: UN classification,NA,1976
XL,Least developed countries: UN classification,NA,1975
XL,Least developed countries: UN classification,NA,1974
XL,Least developed countries: UN classification,NA,1973
XL,Least developed countries: UN classification,NA,1972
XL,Least developed countries: UN classification,NA,1971
XL,Least developed countries: UN classification,NA,1970
XO,Low & middle income,4552.82304899398,2017
XO,Low & middle income,4396.86285951478,2016
XO,Low & middle income,4271.76094906938,2015
XO,Low & middle income,4164.62942913711,2014
XO,Low & middle income,4039.92859203631,2013
XO,Low & middle income,3892.85991235039,2012
XO,Low & middle income,3752.33975650164,2011
XO,Low & middle income,3588.57225097771,2010
XO,Low & middle income,3386.37145314943,2009
XO,Low & middle income,3354.07857982871,2008
XO,Low & middle income,3218.37203500354,2007
XO,Low & middle income,3007.24981184465,2006
XO,Low & middle income,2824.43285092388,2005
XO,Low & middle income,2675.65555660942,2004
XO,Low & middle income,2517.77960275787,2003
XO,Low & middle income,2422.45306202586,2002
XO,Low & middle income,2354.95273707213,2001
XO,Low & middle income,2309.61942342976,2000
XO,Low & middle income,2220.05156766427,1999
XO,Low & middle income,2183.96703331902,1998
XO,Low & middle income,2174.81777536511,1997
XO,Low & middle income,2107.91369189986,1996
XO,Low & middle income,2043.59347366562,1995
XO,Low & middle income,2005.90069994384,1994
XO,Low & middle income,1992.66770171002,1993
XO,Low & middle income,1974.345518518,1992
XO,Low & middle income,1995.15477669842,1991
XO,Low & middle income,2010.08641879854,1990
XO,Low & middle income,2007.14254411456,1989
XO,Low & middle income,1991.78286709314,1988
XO,Low & middle income,1958.25909589275,1987
XO,Low & middle income,1910.31642542958,1986
XO,Low & middle income,1872.34850906385,1985
XO,Low & middle income,1831.3736178585,1984
XO,Low & middle income,1790.81678867875,1983
XO,Low & middle income,1807.2019256932,1982
XO,Low & middle income,1797.17265885945,1981
XO,Low & middle income,1803.15308237723,1980
XO,Low & middle income,1771.40594659351,1979
XO,Low & middle income,1736.47829271652,1978
XO,Low & middle income,1722.14390592546,1977
XO,Low & middle income,1685.81442791609,1976
XO,Low & middle income,1612.56985403839,1975
XO,Low & middle income,1582.99080548633,1974
XO,Low & middle income,1525.73339324187,1973
XO,Low & middle income,1452.81130278342,1972
XO,Low & middle income,1397.37356144597,1971
XO,Low & middle income,1345.18159715507,1970
XM,Low income,715.988309757275,2017
XM,Low income,699.811336643378,2016
XM,Low income,696.303937844149,2015
XM,Low income,693.897925238183,2014
XM,Low income,671.952427102987,2013
XM,Low income,648.85203625587,2012
XM,Low income,643.902576950626,2011
XM,Low income,638.231008539885,2010
XM,Low income,612.663375480015,2009
XM,Low income,597.98999158382,2008
XM,Low income,579.705686877248,2007
XM,Low income,560.037426292794,2006
XM,Low income,545.144001876052,2005
XM,Low income,525.592930958425,2004
XM,Low income,508.686379507252,2003
XM,Low income,500.212037280969,2002
XM,Low income,495.931073889313,2001
XM,Low income,485.905155269062,2000
XM,Low income,486.258346322733,1999
XM,Low income,483.033163372247,1998
XM,Low income,480.363963142772,1997
XM,Low income,476.791883915375,1996
XM,Low income,466.867733557581,1995
XM,Low income,460.558854210891,1994
XM,Low income,473.096576614882,1993
XM,Low income,490.73929127152,1992
XM,Low income,522.934827075215,1991
XM,Low income,537.967867125115,1990
XM,Low income,550.400887092371,1989
XM,Low income,560.502613972698,1988
XM,Low income,NA,1987
XM,Low income,NA,1986
XM,Low income,NA,1985
XM,Low income,NA,1984
XM,Low income,NA,1983
XM,Low income,NA,1982
XM,Low income,NA,1981
XM,Low income,NA,1980
XM,Low income,NA,1979
XM,Low income,NA,1978
XM,Low income,NA,1977
XM,Low income,NA,1976
XM,Low income,NA,1975
XM,Low income,NA,1974
XM,Low income,NA,1973
XM,Low income,NA,1972
XM,Low income,NA,1971
XM,Low income,NA,1970
XN,Lower middle income,2170.40433000224,2017
XN,Lower middle income,2085.21981929317,2016
XN,Lower middle income,2003.7281088459,2015
XN,Lower middle income,1925.6001661913201,2014
XN,Lower middle income,1849.65260535853,2013
XN,Lower middle income,1777.41078344469,2012
XN,Lower middle income,1715.79670724342,2011
XN,Lower middle income,1659.70839437519,2010
XN,Lower middle income,1577.88946742253,2009
XN,Lower middle income,1527.37366225055,2008
XN,Lower middle income,1483.3593782125,2007
XN,Lower middle income,1408.31016002056,2006
XN,Lower middle income,1338.35467070097,2005
XN,Lower middle income,1276.345123028,2004
XN,Lower middle income,1212.99175978642,2003
XN,Lower middle income,1162.76789830326,2002
XN,Lower middle income,1130.16773305478,2001
XN,Lower middle income,1100.9225397432,2000
XN,Lower middle income,1074.43641698106,1999
XN,Lower middle income,1046.61651415335,1998
XN,Lower middle income,1060.18661058489,1997
XN,Lower middle income,1040.53772028211,1996
XN,Lower middle income,1000.82487796458,1995
XN,Lower middle income,973.275149907166,1994
XN,Lower middle income,965.88681374539,1993
XN,Lower middle income,970.617151239547,1992
XN,Lower middle income,963.359688529337,1991
XN,Lower middle income,970.613551918373,1990
XN,Lower middle income,956.254228635808,1989
XN,Lower middle income,931.89207777914,1988
XN,Lower middle income,898.529733385363,1987
XN,Lower middle income,884.132583928686,1986
XN,Lower middle income,868.395197687383,1985
XN,Lower middle income,858.403236570599,1984
XN,Lower middle income,851.461526635784,1983
XN,Lower middle income,848.159788323531,1982
XN,Lower middle income,850.526235797652,1981
XN,Lower middle income,847.456561118602,1980
XN,Lower middle income,820.852804091132,1979
XN,Lower middle income,826.663538883225,1978
XN,Lower middle income,814.496611004475,1977
XN,Lower middle income,783.451387228149,1976
XN,Lower middle income,758.846965253081,1975
XN,Lower middle income,745.788738827311,1974
XN,Lower middle income,725.058655319659,1973
XN,Lower middle income,707.614218717074,1972
XN,Lower middle income,708.037571429636,1971
XN,Lower middle income,689.915568108089,1970
ZQ,Middle East & North Africa,7797.30699278651,2017
ZQ,Middle East & North Africa,7809.72060285711,2016
ZQ,Middle East & North Africa,7586.42482276539,2015
ZQ,Middle East & North Africa,7540.37617165332,2014
ZQ,Middle East & North Africa,7468.50807305543,2013
ZQ,Middle East & North Africa,7417.75672114195,2012
ZQ,Middle East & North Africa,7286.2596570439,2011
ZQ,Middle East & North Africa,7172.82868411549,2010
ZQ,Middle East & North Africa,6973.3876792247,2009
ZQ,Middle East & North Africa,7088.63325285167,2008
ZQ,Middle East & North Africa,6932.22771170049,2007
ZQ,Middle East & North Africa,6733.32225712743,2006
ZQ,Middle East & North Africa,6483.04981456313,2005
ZQ,Middle East & North Africa,6296.55527712825,2004
ZQ,Middle East & North Africa,5943.27243212417,2003
ZQ,Middle East & North Africa,5742.1451268358,2002
ZQ,Middle East & North Africa,5758.4685079264,2001
ZQ,Middle East & North Africa,5796.96993268544,2000
ZQ,Middle East & North Africa,5585.43015430989,1999
ZQ,Middle East & North Africa,5594.9902797782,1998
ZQ,Middle East & North Africa,5455.34572692303,1997
ZQ,Middle East & North Africa,5382.50577616301,1996
ZQ,Middle East & North Africa,5245.47237780483,1995
ZQ,Middle East & North Africa,5235.33220488938,1994
ZQ,Middle East & North Africa,5216.30232857819,1993
ZQ,Middle East & North Africa,5194.90078471445,1992
ZQ,Middle East & North Africa,5047.50951542095,1991
ZQ,Middle East & North Africa,4973.38684126735,1990
ZQ,Middle East & North Africa,4553.58948410999,1989
ZQ,Middle East & North Africa,4556.66469560863,1988
ZQ,Middle East & North Africa,4554.94660351845,1987
ZQ,Middle East & North Africa,4688.37849945818,1986
ZQ,Middle East & North Africa,4792.74000707223,1985
ZQ,Middle East & North Africa,4980.82117018045,1984
ZQ,Middle East & North Africa,5208.89099593486,1983
ZQ,Middle East & North Africa,5530.08302968158,1982
ZQ,Middle East & North Africa,5829.98414564913,1981
ZQ,Middle East & North Africa,5936.08859362804,1980
ZQ,Middle East & North Africa,6188.66388081717,1979
ZQ,Middle East & North Africa,6100.08342699758,1978
ZQ,Middle East & North Africa,6598.19610435066,1977
ZQ,Middle East & North Africa,6577.05391170738,1976
ZQ,Middle East & North Africa,5875.20290839563,1975
ZQ,Middle East & North Africa,6191.97669322696,1974
ZQ,Middle East & North Africa,5790.34508236408,1973
ZQ,Middle East & North Africa,5319.58351487933,1972
ZQ,Middle East & North Africa,4701.7032803387,1971
ZQ,Middle East & North Africa,4303.7249686262,1970
XQ,Middle East & North Africa (excluding high income),4345.26916186172,2017
XQ,Middle East & North Africa (excluding high income),4288.36162697875,2016
XQ,Middle East & North Africa (excluding high income),4058.13051852769,2015
XQ,Middle East & North Africa (excluding high income),4089.76722966926,2014
XQ,Middle East & North Africa (excluding high income),4078.20285943207,2013
XQ,Middle East & North Africa (excluding high income),4084.69998925177,2012
XQ,Middle East & North Africa (excluding high income),4045.83812015011,2011
XQ,Middle East & North Africa (excluding high income),4157.8760985776,2010
XQ,Middle East & North Africa (excluding high income),4020.6688929113,2009
XQ,Middle East & North Africa (excluding high income),3990.4451667329,2008
XQ,Middle East & North Africa (excluding high income),3922.99255664078,2007
XQ,Middle East & North Africa (excluding high income),3762.59059056561,2006
XQ,Middle East & North Africa (excluding high income),3629.40179544217,2005
XQ,Middle East & North Africa (excluding high income),3532.70389028484,2004
XQ,Middle East & North Africa (excluding high income),3327.98172908539,2003
XQ,Middle East & North Africa (excluding high income),3294.66873430131,2002
XQ,Middle East & North Africa (excluding high income),3244.63786025221,2001
XQ,Middle East & North Africa (excluding high income),3230.42395473383,2000
XQ,Middle East & North Africa (excluding high income),3148.5011508263,1999
XQ,Middle East & North Africa (excluding high income),3074.68536430421,1998
XQ,Middle East & North Africa (excluding high income),2932.21015050473,1997
XQ,Middle East & North Africa (excluding high income),2894.83328645008,1996
XQ,Middle East & North Africa (excluding high income),2784.39613032279,1995
XQ,Middle East & North Africa (excluding high income),2773.14876793457,1994
XQ,Middle East & North Africa (excluding high income),2795.12246326405,1993
XQ,Middle East & North Africa (excluding high income),2783.25751214654,1992
XQ,Middle East & North Africa (excluding high income),2723.80714701124,1991
XQ,Middle East & North Africa (excluding high income),2833.55801477716,1990
XQ,Middle East & North Africa (excluding high income),2598.79085578261,1989
XQ,Middle East & North Africa (excluding high income),2601.42863815054,1988
XQ,Middle East & North Africa (excluding high income),2698.06268175188,1987
XQ,Middle East & North Africa (excluding high income),2728.56836161154,1986
XQ,Middle East & North Africa (excluding high income),2896.36182752309,1985
XQ,Middle East & North Africa (excluding high income),2891.85196746334,1984
XQ,Middle East & North Africa (excluding high income),3035.74201190755,1983
XQ,Middle East & North Africa (excluding high income),2992.60412589916,1982
XQ,Middle East & North Africa (excluding high income),2666.12846475299,1981
XQ,Middle East & North Africa (excluding high income),2774.70361794956,1980
XQ,Middle East & North Africa (excluding high income),3243.35486208622,1979
XQ,Middle East & North Africa (excluding high income),3445.59770253002,1978
XQ,Middle East & North Africa (excluding high income),3782.08162009179,1977
XQ,Middle East & North Africa (excluding high income),3929.08996512683,1976
XQ,Middle East & North Africa (excluding high income),3496.04255416624,1975
XQ,Middle East & North Africa (excluding high income),3570.64621986136,1974
XQ,Middle East & North Africa (excluding high income),3435.18815962601,1973
XQ,Middle East & North Africa (excluding high income),3292.61347481582,1972
XQ,Middle East & North Africa (excluding high income),2967.46615577802,1971
XQ,Middle East & North Africa (excluding high income),2788.27472154633,1970
T3,Middle East & North Africa (IDA & IBRD countries),4364.528137783,2017
T3,Middle East & North Africa (IDA & IBRD countries),4307.2408386302905,2016
T3,Middle East & North Africa (IDA & IBRD countries),4074.88926313273,2015
T3,Middle East & North Africa (IDA & IBRD countries),4107.17564082042,2014
T3,Middle East & North Africa (IDA & IBRD countries),4094.5629314017,2013
T3,Middle East & North Africa (IDA & IBRD countries),4100.97995687443,2012
T3,Middle East & North Africa (IDA & IBRD countries),4062.71218730963,2011
T3,Middle East & North Africa (IDA & IBRD countries),4178.6853719103,2010
T3,Middle East & North Africa (IDA & IBRD countries),4041.13100577298,2009
T3,Middle East & North Africa (IDA & IBRD countries),4011.83285124609,2008
T3,Middle East & North Africa (IDA & IBRD countries),3944.16996815613,2007
T3,Middle East & North Africa (IDA & IBRD countries),3782.66683738833,2006
T3,Middle East & North Africa (IDA & IBRD countries),3646.28051677722,2005
T3,Middle East & North Africa (IDA & IBRD countries),3550.14811983868,2004
T3,Middle East & North Africa (IDA & IBRD countries),3344.56055954498,2003
T3,Middle East & North Africa (IDA & IBRD countries),3312.79236255037,2002
T3,Middle East & North Africa (IDA & IBRD countries),3258.94297083528,2001
T3,Middle East & North Africa (IDA & IBRD countries),3241.69575636614,2000
T3,Middle East & North Africa (IDA & IBRD countries),3155.91705484952,1999
T3,Middle East & North Africa (IDA & IBRD countries),3082.70688684665,1998
T3,Middle East & North Africa (IDA & IBRD countries),2941.30755229238,1997
T3,Middle East & North Africa (IDA & IBRD countries),2905.37904779833,1996
T3,Middle East & North Africa (IDA & IBRD countries),2792.88408741943,1995
T3,Middle East & North Africa (IDA & IBRD countries),2781.86314632349,1994
T3,Middle East & North Africa (IDA & IBRD countries),2803.305535752,1993
T3,Middle East & North Africa (IDA & IBRD countries),2790.8488212143902,1992
T3,Middle East & North Africa (IDA & IBRD countries),2730.72998350848,1991
T3,Middle East & North Africa (IDA & IBRD countries),2840.27189020061,1990
T3,Middle East & North Africa (IDA & IBRD countries),2582.17265474494,1989
T3,Middle East & North Africa (IDA & IBRD countries),2584.79356957711,1988
T3,Middle East & North Africa (IDA & IBRD countries),2680.80967812605,1987
T3,Middle East & North Africa (IDA & IBRD countries),2711.12028668185,1986
T3,Middle East & North Africa (IDA & IBRD countries),2877.84078223755,1985
T3,Middle East & North Africa (IDA & IBRD countries),2873.35976088214,1984
T3,Middle East & North Africa (IDA & IBRD countries),3016.32968754135,1983
T3,Middle East & North Africa (IDA & IBRD countries),2973.46765061117,1982
T3,Middle East & North Africa (IDA & IBRD countries),2649.07966733979,1981
T3,Middle East & North Africa (IDA & IBRD countries),2756.96052698846,1980
T3,Middle East & North Africa (IDA & IBRD countries),3222.61493874275,1979
T3,Middle East & North Africa (IDA & IBRD countries),3423.56451921781,1978
T3,Middle East & North Africa (IDA & IBRD countries),3757.89676021217,1977
T3,Middle East & North Africa (IDA & IBRD countries),3903.96504720961,1976
T3,Middle East & North Africa (IDA & IBRD countries),3473.68679672924,1975
T3,Middle East & North Africa (IDA & IBRD countries),3547.8134025979,1974
T3,Middle East & North Africa (IDA & IBRD countries),3413.22154106883,1973
T3,Middle East & North Africa (IDA & IBRD countries),3271.55856285857,1972
T3,Middle East & North Africa (IDA & IBRD countries),2948.49042749289,1971
T3,Middle East & North Africa (IDA & IBRD countries),2770.444848947,1970
XP,Middle income,5021.17893973875,2017
XP,Middle income,4841.6109587622,2016
XP,Middle income,4696.04061554707,2015
XP,Middle income,4571.07976286263,2014
XP,Middle income,4429.01283910354,2013
XP,Middle income,4262.69489975071,2012
XP,Middle income,4102.35100672737,2011
XP,Middle income,3916.5887196724,2010
XP,Middle income,3690.35311171746,2009
XP,Middle income,3651.17594042767,2008
XP,Middle income,3498.26779939261,2007
XP,Middle income,3262.9565560310202,2006
XP,Middle income,3059.12273057236,2005
XP,Middle income,2893.62858882717,2004
XP,Middle income,2718.47876970116,2003
XP,Middle income,2611.64605450994,2002
XP,Middle income,2535.28854039544,2001
XP,Middle income,2483.82899320057,2000
XP,Middle income,2383.82702374564,1999
XP,Middle income,2342.60356343906,1998
XP,Middle income,2330.81679123384,1997
XP,Middle income,2256.47646389292,1996
XP,Middle income,2185.44516592091,1995
XP,Middle income,2143.0918640138,1994
XP,Middle income,2126.06900359077,1993
XP,Middle income,2103.31090416081,1992
XP,Middle income,2122.11434407189,1991
XP,Middle income,2135.81558361292,1990
XP,Middle income,2130.71800750685,1989
XP,Middle income,2112.40182244604,1988
XP,Middle income,2075.83677894456,1987
XP,Middle income,2023.44092181008,1986
XP,Middle income,1982.18900871465,1985
XP,Middle income,1937.3498398658,1984
XP,Middle income,1893.04249191997,1983
XP,Middle income,1909.85372820166,1982
XP,Middle income,1897.96403777544,1981
XP,Middle income,1903.54099290592,1980
XP,Middle income,1868.83961868291,1979
XP,Middle income,1830.95680260448,1978
XP,Middle income,1814.48888735231,1977
XP,Middle income,1775.10355563565,1976
XP,Middle income,1695.8087651899,1975
XP,Middle income,1662.88662919218,1974
XP,Middle income,1601.80067207998,1973
XP,Middle income,1523.8026041286,1972
XP,Middle income,1463.98551359381,1971
XP,Middle income,1408.61075558338,1970
XU,North America,53137.1194273967,2017
XU,North America,52309.2770204856,2016
XU,North America,51920.3022618442,2015
XU,North America,50948.3446272014,2014
XU,North America,50089.340733194,2013
XU,North America,49521.268911534,2012
XU,North America,48829.86425059,2011
XU,North America,48373.7003720683,2010
XU,North America,47547.9343015536,2009
XU,North America,49248.6642291426,2008
XU,North America,49736.6411879043,2007
XU,North America,49279.3334483795,2006
XU,North America,48387.8683140415,2005
XU,North America,47193.4899821817,2004
XU,North America,45920.1421845569,2003
XU,North America,45075.3607957526,2002
XU,North America,44670.3039793539,2001
XU,North America,44639.1003116257,2000
XU,North America,43299.101857424,1999
XU,North America,41782.6220254898,1998
XU,North America,40468.2027769295,1997
XU,North America,39212.215025693,1996
XU,North America,38301.9443775285,1995
XU,North America,37741.1450801055,1994
XU,North America,36706.8004636848,1993
XU,North America,36192.7340806541,1992
XU,North America,35532.0052886929,1991
XU,North America,36118.2978088512,1990
XU,North America,35928.5758462963,1989
XU,North America,35062.1644448753,1988
XU,North America,33968.4507915939,1987
XU,North America,33120.8945987516,1986
XU,North America,32354.5046363362,1985
XU,North America,31319.746951572,1984
XU,North America,29501.581250346,1983
XU,North America,28527.7761536837,1982
XU,North America,29381.8973037374,1981
XU,North America,28915.997469967,1980
XU,North America,29204.1805535983,1979
XU,North America,28603.1516759039,1978
XU,North America,27441.4930572522,1977
XU,North America,26530.0962096844,1976
XU,North America,25410.0206021901,1975
XU,North America,25680.7125989325,1974
XU,North America,25967.5659445176,1973
XU,North America,24794.1366407131,1972
XU,North America,23805.497705563,1971
XU,North America,23361.6223751271,1970
XY,Not classified,NA,2017
XY,Not classified,NA,2016
XY,Not classified,NA,2015
XY,Not classified,NA,2014
XY,Not classified,NA,2013
XY,Not classified,NA,2012
XY,Not classified,NA,2011
XY,Not classified,NA,2010
XY,Not classified,NA,2009
XY,Not classified,NA,2008
XY,Not classified,NA,2007
XY,Not classified,NA,2006
XY,Not classified,NA,2005
XY,Not classified,NA,2004
XY,Not classified,NA,2003
XY,Not classified,NA,2002
XY,Not classified,NA,2001
XY,Not classified,NA,2000
XY,Not classified,NA,1999
XY,Not classified,NA,1998
XY,Not classified,NA,1997
XY,Not classified,NA,1996
XY,Not classified,NA,1995
XY,Not classified,NA,1994
XY,Not classified,NA,1993
XY,Not classified,NA,1992
XY,Not classified,NA,1991
XY,Not classified,NA,1990
XY,Not classified,NA,1989
XY,Not classified,NA,1988
XY,Not classified,NA,1987
XY,Not classified,NA,1986
XY,Not classified,NA,1985
XY,Not classified,NA,1984
XY,Not classified,NA,1983
XY,Not classified,NA,1982
XY,Not classified,NA,1981
XY,Not classified,NA,1980
XY,Not classified,NA,1979
XY,Not classified,NA,1978
XY,Not classified,NA,1977
XY,Not classified,NA,1976
XY,Not classified,NA,1975
XY,Not classified,NA,1974
XY,Not classified,NA,1973
XY,Not classified,NA,1972
XY,Not classified,NA,1971
XY,Not classified,NA,1970
OE,OECD members,39295.0911389473,2017
OE,OECD members,38589.3850625667,2016
OE,OECD members,38174.0519910526,2015
OE,OECD members,37510.7872838539,2014
OE,OECD members,36996.92568768,2013
OE,OECD members,36690.5503927681,2012
OE,OECD members,36451.324930005,2011
OE,OECD members,35981.4353992961,2010
OE,OECD members,35197.0106392054,2009
OE,OECD members,36719.7732066087,2008
OE,OECD members,36906.8346191579,2007
OE,OECD members,36249.9845626266,2006
OE,OECD members,35444.8259838733,2005
OE,OECD members,34733.9074467074,2004
OE,OECD members,33901.2284387842,2003
OE,OECD members,33479.7626762543,2002
OE,OECD members,33204.3188422249,2001
OE,OECD members,32981.1611124519,2000
OE,OECD members,31928.0470711532,1999
OE,OECD members,31139.3942945292,1998
OE,OECD members,30498.6107883338,1997
OE,OECD members,29695.7817914963,1996
OE,OECD members,29029.3967262539,1995
OE,OECD members,28488.8716173176,1994
OE,OECD members,27860.4025370301,1993
OE,OECD members,27764.3192409849,1992
OE,OECD members,27455.95941182,1991
OE,OECD members,27336.8159988561,1990
OE,OECD members,26743.8451159827,1989
OE,OECD members,25964.1220867694,1988
OE,OECD members,25005.6417038541,1987
OE,OECD members,24334.6406227875,1986
OE,OECD members,23801.8741475059,1985
OE,OECD members,23115.4969229011,1984
OE,OECD members,22264.8810953715,1983
OE,OECD members,21823.3477030569,1982
OE,OECD members,21936.733273041,1981
OE,OECD members,21669.4258884449,1980
OE,OECD members,21563.67735423,1979
OE,OECD members,20932.6412103581,1978
OE,OECD members,20249.4888798247,1977
OE,OECD members,19706.8962137345,1976
OE,OECD members,18985.4561206145,1975
OE,OECD members,19146.2838462764,1974
OE,OECD members,19146.2316769395,1973
OE,OECD members,18226.7343129964,1972
OE,OECD members,17477.0413429065,1971
OE,OECD members,17034.2958398247,1970
S4,Other small states,13701.6644149297,2017
S4,Other small states,13685.6323655586,2016
S4,Other small states,13639.9142371998,2015
S4,Other small states,13542.667069954001,2014
S4,Other small states,13428.4232399201,2013
S4,Other small states,13307.1897284759,2012
S4,Other small states,13116.4434314495,2011
S4,Other small states,12462.8918380439,2010
S4,Other small states,11796.7897333221,2009
S4,Other small states,11891.6444013028,2008
S4,Other small states,11364.4408859592,2007
S4,Other small states,10609.7446699,2006
S4,Other small states,9785.21859998699,2005
S4,Other small states,9421.72482244804,2004
S4,Other small states,8769.03668204821,2003
S4,Other small states,8548.99209144717,2002
S4,Other small states,8315.29632347907,2001
S4,Other small states,8106.35987356531,2000
S4,Other small states,NA,1999
S4,Other small states,NA,1998
S4,Other small states,NA,1997
S4,Other small states,NA,1996
S4,Other small states,NA,1995
S4,Other small states,NA,1994
S4,Other small states,NA,1993
S4,Other small states,NA,1992
S4,Other small states,NA,1991
S4,Other small states,NA,1990
S4,Other small states,NA,1989
S4,Other small states,NA,1988
S4,Other small states,NA,1987
S4,Other small states,NA,1986
S4,Other small states,NA,1985
S4,Other small states,NA,1984
S4,Other small states,NA,1983
S4,Other small states,NA,1982
S4,Other small states,NA,1981
S4,Other small states,NA,1980
S4,Other small states,NA,1979
S4,Other small states,NA,1978
S4,Other small states,NA,1977
S4,Other small states,NA,1976
S4,Other small states,NA,1975
S4,Other small states,NA,1974
S4,Other small states,NA,1973
S4,Other small states,NA,1972
S4,Other small states,NA,1971
S4,Other small states,NA,1970
S2,Pacific island small states,3341.39884723198,2017
S2,Pacific island small states,3256.99754739086,2016
S2,Pacific island small states,3195.05905954973,2015
S2,Pacific island small states,3122.17116921729,2014
S2,Pacific island small states,3041.64407236451,2013
S2,Pacific island small states,2996.11925507911,2012
S2,Pacific island small states,2979.65835690579,2011
S2,Pacific island small states,2897.48396856551,2010
S2,Pacific island small states,2852.13877688191,2009
S2,Pacific island small states,2929.36735561004,2008
S2,Pacific island small states,2911.21472045201,2007
S2,Pacific island small states,2912.0382163656,2006
S2,Pacific island small states,2877.22182299312,2005
S2,Pacific island small states,2846.35141312393,2004
S2,Pacific island small states,2770.5112442983,2003
S2,Pacific island small states,2744.33978056152,2002
S2,Pacific island small states,2721.98720218131,2001
S2,Pacific island small states,2720.94472285265,2000
S2,Pacific island small states,2770.0547513525,1999
S2,Pacific island small states,2673.34887774268,1998
S2,Pacific island small states,2653.41752376641,1997
S2,Pacific island small states,2723.4718353044,1996
S2,Pacific island small states,2684.12515986195,1995
S2,Pacific island small states,2626.78871679008,1994
S2,Pacific island small states,2548.37068553227,1993
S2,Pacific island small states,2519.77803276983,1992
S2,Pacific island small states,2435.6077290598,1991
S2,Pacific island small states,2472.37031918769,1990
S2,Pacific island small states,2406.78083370672,1989
S2,Pacific island small states,2323.37378027323,1988
S2,Pacific island small states,2332.33376802528,1987
S2,Pacific island small states,2458.57132277381,1986
S2,Pacific island small states,2351.01533852502,1985
S2,Pacific island small states,2452.95235631827,1984
S2,Pacific island small states,2344.84479030894,1983
S2,Pacific island small states,2415.614150412,1982
S2,Pacific island small states,2540.63592995696,1981
S2,Pacific island small states,NA,1980
S2,Pacific island small states,NA,1979
S2,Pacific island small states,NA,1978
S2,Pacific island small states,NA,1977
S2,Pacific island small states,NA,1976
S2,Pacific island small states,NA,1975
S2,Pacific island small states,NA,1974
S2,Pacific island small states,NA,1973
S2,Pacific island small states,NA,1972
S2,Pacific island small states,NA,1971
S2,Pacific island small states,NA,1970
V4,Post-demographic dividend,43209.883021711,2017
V4,Post-demographic dividend,42408.1604657483,2016
V4,Post-demographic dividend,41917.8637758673,2015
V4,Post-demographic dividend,41237.4299585364,2014
V4,Post-demographic dividend,40659.4887379823,2013
V4,Post-demographic dividend,40301.0867462591,2012
V4,Post-demographic dividend,40017.5798493548,2011
V4,Post-demographic dividend,39509.7953694002,2010
V4,Post-demographic dividend,38614.2320443222,2009
V4,Post-demographic dividend,40218.1041264237,2008
V4,Post-demographic dividend,40368.6988822907,2007
V4,Post-demographic dividend,39602.009654738,2006
V4,Post-demographic dividend,38690.1561517315,2005
V4,Post-demographic dividend,37869.6189392322,2004
V4,Post-demographic dividend,36920.5749742787,2003
V4,Post-demographic dividend,36392.497361774,2002
V4,Post-demographic dividend,36023.7138202606,2001
V4,Post-demographic dividend,35649.8597919295,2000
V4,Post-demographic dividend,34471.0209473968,1999
V4,Post-demographic dividend,33520.6388871764,1998
V4,Post-demographic dividend,32814.0118710187,1997
V4,Post-demographic dividend,31941.5587258447,1996
V4,Post-demographic dividend,31227.7122191089,1995
V4,Post-demographic dividend,30575.121376568,1994
V4,Post-demographic dividend,29868.3593370405,1993
V4,Post-demographic dividend,29778.1687040636,1992
V4,Post-demographic dividend,29453.1657104164,1991
V4,Post-demographic dividend,29294.0640211668,1990
V4,Post-demographic dividend,28666.9106616989,1989
V4,Post-demographic dividend,27775.623887116,1988
V4,Post-demographic dividend,26669.6101682844,1987
V4,Post-demographic dividend,25906.9830245849,1986
V4,Post-demographic dividend,25255.0837836899,1985
V4,Post-demographic dividend,24468.2184950542,1984
V4,Post-demographic dividend,23501.7674118154,1983
V4,Post-demographic dividend,22934.3605597568,1982
V4,Post-demographic dividend,22990.5962549746,1981
V4,Post-demographic dividend,22700.1454684996,1980
V4,Post-demographic dividend,22573.0360644028,1979
V4,Post-demographic dividend,21883.8860661859,1978
V4,Post-demographic dividend,21138.035855401,1977
V4,Post-demographic dividend,20521.6577959873,1976
V4,Post-demographic dividend,19725.9042761319,1975
V4,Post-demographic dividend,19882.9246681446,1974
V4,Post-demographic dividend,19875.1451725725,1973
V4,Post-demographic dividend,18872.9711531839,1972
V4,Post-demographic dividend,18071.9633581661,1971
V4,Post-demographic dividend,17590.5823003482,1970
V1,Pre-demographic dividend,1499.01344481185,2017
V1,Pre-demographic dividend,1515.38775920208,2016
V1,Pre-demographic dividend,1517.05681466406,2015
V1,Pre-demographic dividend,1514.52759700685,2014
V1,Pre-demographic dividend,1487.56581368382,2013
V1,Pre-demographic dividend,1445.34796594932,2012
V1,Pre-demographic dividend,1408.56407721141,2011
V1,Pre-demographic dividend,1386.53892248068,2010
V1,Pre-demographic dividend,1342.1113415417,2009
V1,Pre-demographic dividend,1313.88678200502,2008
V1,Pre-demographic dividend,1264.27331411957,2007
V1,Pre-demographic dividend,1219.9970708682,2006
V1,Pre-demographic dividend,1170.54915331172,2005
V1,Pre-demographic dividend,1127.75699524516,2004
V1,Pre-demographic dividend,1028.0793665307,2003
V1,Pre-demographic dividend,1061.75375883587,2002
V1,Pre-demographic dividend,1030.01379781636,2001
V1,Pre-demographic dividend,1010.39390180711,2000
V1,Pre-demographic dividend,1008.34327158365,1999
V1,Pre-demographic dividend,988.764146100863,1998
V1,Pre-demographic dividend,942.245624749222,1997
V1,Pre-demographic dividend,912.748241813941,1996
V1,Pre-demographic dividend,885.167025628577,1995
V1,Pre-demographic dividend,882.842557064225,1994
V1,Pre-demographic dividend,908.17654610385,1993
V1,Pre-demographic dividend,938.028090184758,1992
V1,Pre-demographic dividend,938.72131383602,1991
V1,Pre-demographic dividend,1074.8175719894,1990
V1,Pre-demographic dividend,1006.29753282624,1989
V1,Pre-demographic dividend,1019.33218395644,1988
V1,Pre-demographic dividend,1009.78129336231,1987
V1,Pre-demographic dividend,997.000946667492,1986
V1,Pre-demographic dividend,998.862882895746,1985
V1,Pre-demographic dividend,988.435745078922,1984
V1,Pre-demographic dividend,1008.6015629945,1983
V1,Pre-demographic dividend,1091.02214886849,1982
V1,Pre-demographic dividend,1132.66331533795,1981
V1,Pre-demographic dividend,1215.52939567839,1980
V1,Pre-demographic dividend,1192.07726281538,1979
V1,Pre-demographic dividend,1155.44527808956,1978
V1,Pre-demographic dividend,1194.11532744669,1977
V1,Pre-demographic dividend,1174.75253362285,1976
V1,Pre-demographic dividend,1125.50457898741,1975
V1,Pre-demographic dividend,1161.7548726598,1974
V1,Pre-demographic dividend,1095.24906655194,1973
V1,Pre-demographic dividend,1080.15350640094,1972
V1,Pre-demographic dividend,1074.44063234272,1971
V1,Pre-demographic dividend,1006.60951629155,1970
S1,Small states,12199.3899972724,2017
S1,Small states,12175.9673940314,2016
S1,Small states,12172.7061922031,2015
S1,Small states,12075.431338081,2014
S1,Small states,11980.2338860339,2013
S1,Small states,11866.446594381,2012
S1,Small states,11700.4471994457,2011
S1,Small states,11191.4953095239,2010
S1,Small states,10671.1732274964,2009
S1,Small states,10813.5141876861,2008
S1,Small states,10404.7263611166,2007
S1,Small states,9798.41872263375,2006
S1,Small states,9081.80769050059,2005
S1,Small states,8758.8017596003,2004
S1,Small states,8224.61653942852,2003
S1,Small states,7978.31423027601,2002
S1,Small states,7759.04778310601,2001
S1,Small states,7586.21269316749,2000
S1,Small states,7369.74171279671,1999
S1,Small states,7267.83045360339,1998
S1,Small states,7105.96482991295,1997
S1,Small states,NA,1996
S1,Small states,NA,1995
S1,Small states,NA,1994
S1,Small states,NA,1993
S1,Small states,NA,1992
S1,Small states,NA,1991
S1,Small states,NA,1990
S1,Small states,NA,1989
S1,Small states,NA,1988
S1,Small states,NA,1987
S1,Small states,NA,1986
S1,Small states,NA,1985
S1,Small states,NA,1984
S1,Small states,NA,1983
S1,Small states,NA,1982
S1,Small states,NA,1981
S1,Small states,NA,1980
S1,Small states,NA,1979
S1,Small states,NA,1978
S1,Small states,NA,1977
S1,Small states,NA,1976
S1,Small states,NA,1975
S1,Small states,NA,1974
S1,Small states,NA,1973
S1,Small states,NA,1972
S1,Small states,NA,1971
S1,Small states,NA,1970
8S,South Asia,1791.7617532825,2017
8S,South Asia,1696.0481522989,2016
8S,South Asia,1594.25284642746,2015
8S,South Asia,1501.99790102584,2014
8S,South Asia,1421.83530609023,2013
8S,South Asia,1357.7817843092,2012
8S,South Asia,1304.18107818244,2011
8S,South Asia,1257.66949007979,2010
8S,South Asia,1184.47954584192,2009
8S,South Asia,1122.00026901469,2008
8S,South Asia,1103.45493922032,2007
8S,South Asia,1044.32256329187,2006
8S,South Asia,985.050860820391,2005
8S,South Asia,929.835770157939,2004
8S,South Asia,879.440026782756,2003
8S,South Asia,834.339712576613,2002
8S,South Asia,819.052976864811,2001
8S,South Asia,799.675031660822,2000
8S,South Asia,783.02155773437,1999
8S,South Asia,740.230939859794,1998
8S,South Asia,714.56791524954,1997
8S,South Asia,702.1592050636,1996
8S,South Asia,670.355688521114,1995
8S,South Asia,639.699258580318,1994
8S,South Asia,615.831858306012,1993
8S,South Asia,602.552350254627,1992
8S,South Asia,582.548138534034,1991
8S,South Asia,584.581682999022,1990
8S,South Asia,566.881664468987,1989
8S,South Asia,549.49607753797,1988
8S,South Asia,517.433470879351,1987
8S,South Asia,508.138542980939,1986
8S,South Asia,496.074448269893,1985
8S,South Asia,481.729262906718,1984
8S,South Asia,473.525211439279,1983
8S,South Asia,454.044435862932,1982
8S,South Asia,448.106225085663,1981
8S,South Asia,431.535997117323,1980
8S,South Asia,414.881710331785,1979
8S,South Asia,438.571875710775,1978
8S,South Asia,423.54711768712,1977
8S,South Asia,407.349390897437,1976
8S,South Asia,407.282814433335,1975
8S,South Asia,388.200638753748,1974
8S,South Asia,388.671725952451,1973
8S,South Asia,383.32090302979,1972
8S,South Asia,398.262029252587,1971
8S,South Asia,404.065647991064,1970
T5,South Asia (IDA & IBRD),1791.7617532825,2017
T5,South Asia (IDA & IBRD),1696.0481522989,2016
T5,South Asia (IDA & IBRD),1594.25284642746,2015
T5,South Asia (IDA & IBRD),1501.99790102584,2014
T5,South Asia (IDA & IBRD),1421.83530609023,2013
T5,South Asia (IDA & IBRD),1357.7817843092,2012
T5,South Asia (IDA & IBRD),1304.18107818244,2011
T5,South Asia (IDA & IBRD),1257.66949007979,2010
T5,South Asia (IDA & IBRD),1184.47954584192,2009
T5,South Asia (IDA & IBRD),1122.00026901469,2008
T5,South Asia (IDA & IBRD),1103.45493922032,2007
T5,South Asia (IDA & IBRD),1044.32256329187,2006
T5,South Asia (IDA & IBRD),985.050860820391,2005
T5,South Asia (IDA & IBRD),929.835770157939,2004
T5,South Asia (IDA & IBRD),879.440026782756,2003
T5,South Asia (IDA & IBRD),834.339712576612,2002
T5,South Asia (IDA & IBRD),819.05297686481,2001
T5,South Asia (IDA & IBRD),799.675031660822,2000
T5,South Asia (IDA & IBRD),783.02155773437,1999
T5,South Asia (IDA & IBRD),740.230939859794,1998
T5,South Asia (IDA & IBRD),714.56791524954,1997
T5,South Asia (IDA & IBRD),702.1592050636,1996
T5,South Asia (IDA & IBRD),670.355688521114,1995
T5,South Asia (IDA & IBRD),639.699258580318,1994
T5,South Asia (IDA & IBRD),615.831858306012,1993
T5,South Asia (IDA & IBRD),602.552350254627,1992
T5,South Asia (IDA & IBRD),582.548138534034,1991
T5,South Asia (IDA & IBRD),584.581682999022,1990
T5,South Asia (IDA & IBRD),566.881664468987,1989
T5,South Asia (IDA & IBRD),549.49607753797,1988
T5,South Asia (IDA & IBRD),517.433470879351,1987
T5,South Asia (IDA & IBRD),508.138542980939,1986
T5,South Asia (IDA & IBRD),496.074448269893,1985
T5,South Asia (IDA & IBRD),481.729262906718,1984
T5,South Asia (IDA & IBRD),473.525211439279,1983
T5,South Asia (IDA & IBRD),454.044435862932,1982
T5,South Asia (IDA & IBRD),448.106225085663,1981
T5,South Asia (IDA & IBRD),431.535997117323,1980
T5,South Asia (IDA & IBRD),414.881710331785,1979
T5,South Asia (IDA & IBRD),438.571875710775,1978
T5,South Asia (IDA & IBRD),423.54711768712,1977
T5,South Asia (IDA & IBRD),407.349390897437,1976
T5,South Asia (IDA & IBRD),407.282814433335,1975
T5,South Asia (IDA & IBRD),388.200638753748,1974
T5,South Asia (IDA & IBRD),388.671725952451,1973
T5,South Asia (IDA & IBRD),383.32090302979,1972
T5,South Asia (IDA & IBRD),398.262029252587,1971
T5,South Asia (IDA & IBRD),404.065647991064,1970
ZG,Sub-Saharan Africa,1661.9404860181,2017
ZG,Sub-Saharan Africa,1664.87159723594,2016
ZG,Sub-Saharan Africa,1689.6690719806,2015
ZG,Sub-Saharan Africa,1687.97932742419,2014
ZG,Sub-Saharan Africa,1656.98494874509,2013
ZG,Sub-Saharan Africa,1621.30938394149,2012
ZG,Sub-Saharan Africa,1601.97835789491,2011
ZG,Sub-Saharan Africa,1576.17600390091,2010
ZG,Sub-Saharan Africa,1534.0702198538,2009
ZG,Sub-Saharan Africa,1529.80929468339,2008
ZG,Sub-Saharan Africa,1492.01182001306,2007
ZG,Sub-Saharan Africa,1437.70305549924,2006
ZG,Sub-Saharan Africa,1391.36347284761,2005
ZG,Sub-Saharan Africa,1345.11473666385,2004
ZG,Sub-Saharan Africa,1296.52445905502,2003
ZG,Sub-Saharan Africa,1276.83348197604,2002
ZG,Sub-Saharan Africa,1232.28140135601,2001
ZG,Sub-Saharan Africa,1213.27850521899,2000
ZG,Sub-Saharan Africa,1203.27619798302,1999
ZG,Sub-Saharan Africa,1209.40020757737,1998
ZG,Sub-Saharan Africa,1212.80763814545,1997
ZG,Sub-Saharan Africa,1202.01219903606,1996
ZG,Sub-Saharan Africa,1173.57412549139,1995
ZG,Sub-Saharan Africa,1165.9276652494,1994
ZG,Sub-Saharan Africa,1183.44130391593,1993
ZG,Sub-Saharan Africa,1227.19945852647,1992
ZG,Sub-Saharan Africa,1265.94265365685,1991
ZG,Sub-Saharan Africa,1296.30989974588,1990
ZG,Sub-Saharan Africa,1302.03668018268,1989
ZG,Sub-Saharan Africa,1306.45166647053,1988
ZG,Sub-Saharan Africa,1286.4508233432,1987
ZG,Sub-Saharan Africa,1288.70678299069,1986
ZG,Sub-Saharan Africa,1305.0761245821,1985
ZG,Sub-Saharan Africa,1319.67361883383,1984
ZG,Sub-Saharan Africa,1323.35439584812,1983
ZG,Sub-Saharan Africa,1396.46710022112,1982
ZG,Sub-Saharan Africa,1453.2724163943,1981
ZG,Sub-Saharan Africa,1502.18467992787,1980
ZG,Sub-Saharan Africa,1485.6639210457,1979
ZG,Sub-Saharan Africa,1468.70288915848,1978
ZG,Sub-Saharan Africa,1516.46211956776,1977
ZG,Sub-Saharan Africa,1523.42778430674,1976
ZG,Sub-Saharan Africa,1487.94746348168,1975
ZG,Sub-Saharan Africa,1531.00200119026,1974
ZG,Sub-Saharan Africa,1457.89099404578,1973
ZG,Sub-Saharan Africa,1434.9866239152,1972
ZG,Sub-Saharan Africa,1435.38085431895,1971
ZG,Sub-Saharan Africa,1370.56373631872,1970
ZF,Sub-Saharan Africa (excluding high income),1660.81285245765,2017
ZF,Sub-Saharan Africa (excluding high income),1663.76658336032,2016
ZF,Sub-Saharan Africa (excluding high income),1688.59006876174,2015
ZF,Sub-Saharan Africa (excluding high income),1686.9269505532,2014
ZF,Sub-Saharan Africa (excluding high income),1655.95182154306,2013
ZF,Sub-Saharan Africa (excluding high income),1620.3108653757,2012
ZF,Sub-Saharan Africa (excluding high income),1600.96347307021,2011
ZF,Sub-Saharan Africa (excluding high income),1575.22275756415,2010
ZF,Sub-Saharan Africa (excluding high income),1533.14613972958,2009
ZF,Sub-Saharan Africa (excluding high income),1528.84614454578,2008
ZF,Sub-Saharan Africa (excluding high income),1490.98807754837,2007
ZF,Sub-Saharan Africa (excluding high income),1436.75964026592,2006
ZF,Sub-Saharan Africa (excluding high income),1390.48351257079,2005
ZF,Sub-Saharan Africa (excluding high income),1344.29301068974,2004
ZF,Sub-Saharan Africa (excluding high income),1295.64529110332,2003
ZF,Sub-Saharan Africa (excluding high income),1275.86301867264,2002
ZF,Sub-Saharan Africa (excluding high income),1231.28843259767,2001
ZF,Sub-Saharan Africa (excluding high income),1212.22883880999,2000
ZF,Sub-Saharan Africa (excluding high income),1202.21418536271,1999
ZF,Sub-Saharan Africa (excluding high income),1208.33062252888,1998
ZF,Sub-Saharan Africa (excluding high income),1211.80496391683,1997
ZF,Sub-Saharan Africa (excluding high income),1201.10730023247,1996
ZF,Sub-Saharan Africa (excluding high income),1172.68987873604,1995
ZF,Sub-Saharan Africa (excluding high income),1165.0068451013601,1994
ZF,Sub-Saharan Africa (excluding high income),1182.48444490971,1993
ZF,Sub-Saharan Africa (excluding high income),1226.28639278629,1992
ZF,Sub-Saharan Africa (excluding high income),1265.08368263153,1991
ZF,Sub-Saharan Africa (excluding high income),1295.4575000745,1990
ZF,Sub-Saharan Africa (excluding high income),1301.22996204319,1989
ZF,Sub-Saharan Africa (excluding high income),1305.72506915056,1988
ZF,Sub-Saharan Africa (excluding high income),1285.7479612356599,1987
ZF,Sub-Saharan Africa (excluding high income),1288.01500127893,1986
ZF,Sub-Saharan Africa (excluding high income),1304.36315415772,1985
ZF,Sub-Saharan Africa (excluding high income),1319.03719858981,1984
ZF,Sub-Saharan Africa (excluding high income),1322.73671317146,1983
ZF,Sub-Saharan Africa (excluding high income),1395.8290426104,1982
ZF,Sub-Saharan Africa (excluding high income),1452.6137909104,1981
ZF,Sub-Saharan Africa (excluding high income),1501.42403092903,1980
ZF,Sub-Saharan Africa (excluding high income),1484.81812759064,1979
ZF,Sub-Saharan Africa (excluding high income),1467.99515070274,1978
ZF,Sub-Saharan Africa (excluding high income),1515.93834171681,1977
ZF,Sub-Saharan Africa (excluding high income),1522.81796456651,1976
ZF,Sub-Saharan Africa (excluding high income),1487.44858759828,1975
ZF,Sub-Saharan Africa (excluding high income),1530.51944606374,1974
ZF,Sub-Saharan Africa (excluding high income),1457.37756554929,1973
ZF,Sub-Saharan Africa (excluding high income),1434.52300946677,1972
ZF,Sub-Saharan Africa (excluding high income),1434.94731034554,1971
ZF,Sub-Saharan Africa (excluding high income),1370.20860769155,1970
T6,Sub-Saharan Africa (IDA & IBRD countries),1661.9404860181,2017
T6,Sub-Saharan Africa (IDA & IBRD countries),1664.87159723594,2016
T6,Sub-Saharan Africa (IDA & IBRD countries),1689.6690719806,2015
T6,Sub-Saharan Africa (IDA & IBRD countries),1687.97932742419,2014
T6,Sub-Saharan Africa (IDA & IBRD countries),1656.98494874509,2013
T6,Sub-Saharan Africa (IDA & IBRD countries),1621.30938394149,2012
T6,Sub-Saharan Africa (IDA & IBRD countries),1601.97835789491,2011
T6,Sub-Saharan Africa (IDA & IBRD countries),1576.17600390091,2010
T6,Sub-Saharan Africa (IDA & IBRD countries),1534.0702198538,2009
T6,Sub-Saharan Africa (IDA & IBRD countries),1529.80929468339,2008
T6,Sub-Saharan Africa (IDA & IBRD countries),1492.01182001306,2007
T6,Sub-Saharan Africa (IDA & IBRD countries),1437.70305549924,2006
T6,Sub-Saharan Africa (IDA & IBRD countries),1391.36347284761,2005
T6,Sub-Saharan Africa (IDA & IBRD countries),1345.11473666385,2004
T6,Sub-Saharan Africa (IDA & IBRD countries),1296.52445905502,2003
T6,Sub-Saharan Africa (IDA & IBRD countries),1276.83348197604,2002
T6,Sub-Saharan Africa (IDA & IBRD countries),1232.28140135601,2001
T6,Sub-Saharan Africa (IDA & IBRD countries),1213.27850521899,2000
T6,Sub-Saharan Africa (IDA & IBRD countries),1203.27619798302,1999
T6,Sub-Saharan Africa (IDA & IBRD countries),1209.40020757737,1998
T6,Sub-Saharan Africa (IDA & IBRD countries),1212.80763814545,1997
T6,Sub-Saharan Africa (IDA & IBRD countries),1202.01219903606,1996
T6,Sub-Saharan Africa (IDA & IBRD countries),1173.57412549139,1995
T6,Sub-Saharan Africa (IDA & IBRD countries),1165.9276652494,1994
T6,Sub-Saharan Africa (IDA & IBRD countries),1183.44130391593,1993
T6,Sub-Saharan Africa (IDA & IBRD countries),1227.19945852647,1992
T6,Sub-Saharan Africa (IDA & IBRD countries),1265.94265365685,1991
T6,Sub-Saharan Africa (IDA & IBRD countries),1296.30989974588,1990
T6,Sub-Saharan Africa (IDA & IBRD countries),1302.03668018268,1989
T6,Sub-Saharan Africa (IDA & IBRD countries),1306.45166647053,1988
T6,Sub-Saharan Africa (IDA & IBRD countries),1286.4508233432,1987
T6,Sub-Saharan Africa (IDA & IBRD countries),1288.70678299069,1986
T6,Sub-Saharan Africa (IDA & IBRD countries),1305.0761245821,1985
T6,Sub-Saharan Africa (IDA & IBRD countries),1319.67361883383,1984
T6,Sub-Saharan Africa (IDA & IBRD countries),1323.35439584812,1983
T6,Sub-Saharan Africa (IDA & IBRD countries),1396.46710022112,1982
T6,Sub-Saharan Africa (IDA & IBRD countries),1453.2724163943,1981
T6,Sub-Saharan Africa (IDA & IBRD countries),1502.18467992787,1980
T6,Sub-Saharan Africa (IDA & IBRD countries),1485.6639210457,1979
T6,Sub-Saharan Africa (IDA & IBRD countries),1468.70288915848,1978
T6,Sub-Saharan Africa (IDA & IBRD countries),1516.46211956776,1977
T6,Sub-Saharan Africa (IDA & IBRD countries),1523.42778430674,1976
T6,Sub-Saharan Africa (IDA & IBRD countries),1487.94746348168,1975
T6,Sub-Saharan Africa (IDA & IBRD countries),1531.00200119026,1974
T6,Sub-Saharan Africa (IDA & IBRD countries),1457.89099404578,1973
T6,Sub-Saharan Africa (IDA & IBRD countries),1434.9866239152,1972
T6,Sub-Saharan Africa (IDA & IBRD countries),1435.38085431895,1971
T6,Sub-Saharan Africa (IDA & IBRD countries),1370.56373631872,1970
XT,Upper middle income,8241.58846938769,2017
XT,Upper middle income,7935.63121015694,2016
XT,Upper middle income,7698.80483200648,2015
XT,Upper middle income,7502.13162723981,2014
XT,Upper middle income,7267.12056716758,2013
XT,Upper middle income,6977.74113208929,2012
XT,Upper middle income,6689.99650462211,2011
XT,Upper middle income,6344.15296922434,2010
XT,Upper middle income,5943.56750847601,2009
XT,Upper middle income,5897.52272607626,2008
XT,Upper middle income,5610.84827459636,2007
XT,Upper middle income,5190.14089289975,2006
XT,Upper middle income,4831.34865491652,2005
XT,Upper middle income,4544.5364239867,2004
XT,Upper middle income,4241.48833486417,2003
XT,Upper middle income,4064.15236886054,2002
XT,Upper middle income,3931.08198488029,2001
XT,Upper middle income,3845.16232252542,2000
XT,Upper middle income,3661.42493901399,1999
XT,Upper middle income,3596.23724474509,1998
XT,Upper middle income,3549.52995949588,1997
XT,Upper middle income,3413.07094792161,1996
XT,Upper middle income,3302.97752392616,1995
XT,Upper middle income,3237.70005738707,1994
XT,Upper middle income,3202.83792010815,1993
XT,Upper middle income,3145.84822649692,1992
XT,Upper middle income,3180.05316671049,1991
XT,Upper middle income,3191.84746853849,1990
XT,Upper middle income,3187.44481716904,1989
XT,Upper middle income,3174.22408064653,1988
XT,Upper middle income,3135.1199666625,1987
XT,Upper middle income,3041.49567021046,1986
XT,Upper middle income,2970.74070294265,1985
XT,Upper middle income,2886.70454383946,1984
XT,Upper middle income,2800.89433282945,1983
XT,Upper middle income,2829.89597822528,1982
XT,Upper middle income,2798.34028654167,1981
XT,Upper middle income,2804.80977025333,1980
XT,Upper middle income,2757.18813787711,1979
XT,Upper middle income,2673.7001466563,1978
XT,Upper middle income,2647.98349808237,1977
XT,Upper middle income,2597.15341753855,1976
XT,Upper middle income,2466.90740978132,1975
XT,Upper middle income,2413.86812237339,1974
XT,Upper middle income,2316.85767943593,1973
XT,Upper middle income,2186.49382285912,1972
XT,Upper middle income,2074.45060731268,1971
XT,Upper middle income,1988.55951602699,1970
1W,World,10678.9162137054,2017
1W,World,10470.1085351777,2016
1W,World,10326.5995196052,2015
1W,World,10157.3760500772,2014
1W,World,9993.41565689362,2013
1W,World,9850.62948065515,2012
1W,World,9723.09543505099,2011
1W,World,9538.8446589239,2010
1W,World,9257.48267686789,2009
1W,World,9531.53834900097,2008
1W,World,9474.06147981963,2007
1W,World,9203.04667305506,2006
1W,World,8930.57857306842,2005
1W,World,8705.21997729874,2004
1W,World,8444.32738278871,2003
1W,World,8309.16484544796,2002
1W,World,8234.70433558371,2001
1W,World,8182.41610312117,2000
1W,World,7941.62256179962,1999
1W,World,7793.93392198148,1998
1W,World,7705.4746540379,1997
1W,World,7536.24223902847,1996
1W,World,7395.59703933218,1995
1W,World,7286.6106459107,1994
1W,World,7181.08713628557,1993
1W,World,7182.88778378767,1992
1W,World,7168.82338549628,1991
1W,World,7186.12032136504,1990
1W,World,7104.32758850364,1989
1W,World,6971.53977318273,1988
1W,World,6781.78639252145,1987
1W,World,6656.10626501827,1986
1W,World,6551.53605656871,1985
1W,World,6427.19454147776,1984
1W,World,6257.27494656197,1983
1W,World,6218.75987509864,1982
1W,World,6303.95473377526,1981
1W,World,6293.94561342796,1980
1W,World,6284.38096996453,1979
1W,World,6141.88980840584,1978
1W,World,6015.29759554592,1977
1W,World,5888.95818844584,1976
1W,World,5693.87300926781,1975
1W,World,5765.2532859946,1974
1W,World,5762.32565780761,1973
1W,World,5516.70936690975,1972
1W,World,5323.9640229271,1971
1W,World,5209.94609777396,1970
AF,Afghanistan,571.542505760778,2017
AF,Afghanistan,571.073774523561,2016
AF,Afghanistan,574.184114271258,2015
AF,Afghanistan,583.656192833121,2014
AF,Afghanistan,587.565090150176,2013
AF,Afghanistan,576.190125450699,2012
AF,Afghanistan,528.736648057768,2011
AF,Afghanistan,543.303041863931,2010
AF,Afghanistan,488.300250990155,2009
AF,Afghanistan,412.014286663305,2008
AF,Afghanistan,405.548979051796,2007
AF,Afghanistan,365.284494951006,2006
AF,Afghanistan,357.234719908026,2005
AF,Afghanistan,333.216684486798,2004
AF,Afghanistan,343.080889714587,2003
AF,Afghanistan,330.303552908057,2002
AF,Afghanistan,NA,2001
AF,Afghanistan,NA,2000
AF,Afghanistan,NA,1999
AF,Afghanistan,NA,1998
AF,Afghanistan,NA,1997
AF,Afghanistan,NA,1996
AF,Afghanistan,NA,1995
AF,Afghanistan,NA,1994
AF,Afghanistan,NA,1993
AF,Afghanistan,NA,1992
AF,Afghanistan,NA,1991
AF,Afghanistan,NA,1990
AF,Afghanistan,NA,1989
AF,Afghanistan,NA,1988
AF,Afghanistan,NA,1987
AF,Afghanistan,NA,1986
AF,Afghanistan,NA,1985
AF,Afghanistan,NA,1984
AF,Afghanistan,NA,1983
AF,Afghanistan,NA,1982
AF,Afghanistan,NA,1981
AF,Afghanistan,NA,1980
AF,Afghanistan,NA,1979
AF,Afghanistan,NA,1978
AF,Afghanistan,NA,1977
AF,Afghanistan,NA,1976
AF,Afghanistan,NA,1975
AF,Afghanistan,NA,1974
AF,Afghanistan,NA,1973
AF,Afghanistan,NA,1972
AF,Afghanistan,NA,1971
AF,Afghanistan,NA,1970
AL,Albania,4867.91640496315,2017
AL,Albania,4683.74389007532,2016
AL,Albania,4524.68456526035,2015
AL,Albania,4413.11511327183,2014
AL,Albania,4327.39248368552,2013
AL,Albania,4276.6202478014,2012
AL,Albania,4209.88695219496,2011
AL,Albania,4094.35881639579,2010
AL,Albania,3928.45896984616,2009
AL,Albania,3775.59221205607,2008
AL,Albania,3485.33246931277,2007
AL,Albania,3263.91113398115,2006
AL,Albania,3062.6827230377,2005
AL,Albania,2887.37867648403,2004
AL,Albania,2725.17925500123,2003
AL,Albania,2572.72885802788,2002
AL,Albania,2453.63149574573,2001
AL,Albania,2244.63111056652,2000
AL,Albania,2085.43201650118,1999
AL,Albania,1835.65197967611,1998
AL,Albania,1676.13194502334,1997
AL,Albania,1869.87127029067,1996
AL,Albania,1703.28676107484,1995
AL,Albania,1493.79021341744,1994
AL,Albania,1370.83002730525,1993
AL,Albania,1243.60941398587,1992
AL,Albania,1331.80915751123,1991
AL,Albania,1838.67279181089,1990
AL,Albania,2070.29549071121,1989
AL,Albania,1936.23779601242,1988
AL,Albania,2001.53843445288,1987
AL,Albania,2058.12654941612,1986
AL,Albania,1986.32764700556,1985
AL,Albania,1992.11664529973,1984
AL,Albania,2060.25967647249,1983
AL,Albania,2081.42363723286,1982
AL,Albania,2064.98962234664,1981
AL,Albania,1992.29768192397,1980
AL,Albania,NA,1979
AL,Albania,NA,1978
AL,Albania,NA,1977
AL,Albania,NA,1976
AL,Albania,NA,1975
AL,Albania,NA,1974
AL,Albania,NA,1973
AL,Albania,NA,1972
AL,Albania,NA,1971
AL,Albania,NA,1970
DZ,Algeria,4812.15845608835,2017
DZ,Algeria,4834.23020306509,2016
DZ,Algeria,4776.78754332509,2015
DZ,Algeria,4698.66471062642,2014
DZ,Algeria,4620.13217862577,2013
DZ,Algeria,4586.65166311259,2012
DZ,Algeria,4524.34898195879,2011
DZ,Algeria,4480.78577696483,2010
DZ,Algeria,4402.40920100516,2009
DZ,Algeria,4406.9472208847,2008
DZ,Algeria,4376.35853281282,2007
DZ,Algeria,4299.75655856003,2006
DZ,Algeria,4291.19416826902,2005
DZ,Algeria,4108.53051025566,2004
DZ,Algeria,3991.34049244132,2003
DZ,Algeria,3771.00957121739,2002
DZ,Algeria,3616.53701626988,2001
DZ,Algeria,3557.20477056482,2000
DZ,Algeria,3473.19107680274,1999
DZ,Algeria,3413.49865779987,1998
DZ,Algeria,3296.97208116579,1997
DZ,Algeria,3314.20372001397,1996
DZ,Algeria,3239.98069900194,1995
DZ,Algeria,3181.55430622611,1994
DZ,Algeria,3277.6252147155,1993
DZ,Algeria,3423.142805878,1992
DZ,Algeria,3442.58420144711,1991
DZ,Algeria,3571.1874402164,1990
DZ,Algeria,3634.94706067817,1989
DZ,Algeria,3576.14886148619,1988
DZ,Algeria,3713.9476415145,1987
DZ,Algeria,3848.90393465265,1986
DZ,Algeria,3948.22498144766,1985
DZ,Algeria,3924.20119277047,1984
DZ,Algeria,3832.62697378747,1983
DZ,Algeria,3751.64759736853,1982
DZ,Algeria,3637.78850816884,1981
DZ,Algeria,3642.56338389606,1980
DZ,Algeria,3725.20441516457,1979
DZ,Algeria,3570.47702912762,1978
DZ,Algeria,3365.78944313553,1977
DZ,Algeria,3290.67258852908,1976
DZ,Algeria,3123.44687038401,1975
DZ,Algeria,3057.88178982087,1974
DZ,Algeria,2924.20436278159,1973
DZ,Algeria,2894.89634390096,1972
DZ,Algeria,2335.06396433348,1971
DZ,Algeria,2707.62916353113,1970
AS,American Samoa,9093.80361071906,2017
AS,American Samoa,9589.9798367323,2016
AS,American Samoa,9835.41031865631,2015
AS,American Samoa,9717.82905631836,2014
AS,American Samoa,9640.34446203249,2013
AS,American Samoa,9921.80610804858,2012
AS,American Samoa,10360.5091546826,2011
AS,American Samoa,10271.2245225485,2010
AS,American Samoa,10117.0113625969,2009
AS,American Samoa,10416.0057817659,2008
AS,American Samoa,10535.5519401488,2007
AS,American Samoa,10202.9553063961,2006
AS,American Samoa,10565.2319198874,2005
AS,American Samoa,10586.6823368619,2004
AS,American Samoa,10561.3156869179,2003
AS,American Samoa,10551.212572216,2002
AS,American Samoa,NA,2001
AS,American Samoa,NA,2000
AS,American Samoa,NA,1999
AS,American Samoa,NA,1998
AS,American Samoa,NA,1997
AS,American Samoa,NA,1996
AS,American Samoa,NA,1995
AS,American Samoa,NA,1994
AS,American Samoa,NA,1993
AS,American Samoa,NA,1992
AS,American Samoa,NA,1991
AS,American Samoa,NA,1990
AS,American Samoa,NA,1989
AS,American Samoa,NA,1988
AS,American Samoa,NA,1987
AS,American Samoa,NA,1986
AS,American Samoa,NA,1985
AS,American Samoa,NA,1984
AS,American Samoa,NA,1983
AS,American Samoa,NA,1982
AS,American Samoa,NA,1981
AS,American Samoa,NA,1980
AS,American Samoa,NA,1979
AS,American Samoa,NA,1978
AS,American Samoa,NA,1977
AS,American Samoa,NA,1976
AS,American Samoa,NA,1975
AS,American Samoa,NA,1974
AS,American Samoa,NA,1973
AS,American Samoa,NA,1972
AS,American Samoa,NA,1971
AS,American Samoa,NA,1970
AD,Andorra,43858.0775135619,2017
AD,Andorra,42949.6662371557,2016
AD,Andorra,41767.5265081665,2015
AD,Andorra,40790.198010639,2014
AD,Andorra,39111.0795278003,2013
AD,Andorra,38192.4398900703,2012
AD,Andorra,38207.5959074045,2011
AD,Andorra,39736.3540626699,2010
AD,Andorra,41979.3688806202,2009
AD,Andorra,43900.4282124681,2008
AD,Andorra,48710.0755019137,2007
AD,Andorra,49707.17301531,2006
AD,Andorra,48831.9293599384,2005
AD,Andorra,47032.8668884706,2004
AD,Andorra,45519.4923839434,2003
AD,Andorra,42396.3023980284,2002
AD,Andorra,41420.8461776969,2001
AD,Andorra,40801.5421300322,2000
AD,Andorra,40035.4824490851,1999
AD,Andorra,38595.7232096964,1998
AD,Andorra,37293.2824132908,1997
AD,Andorra,34175.2600684125,1996
AD,Andorra,32917.6488213571,1995
AD,Andorra,32633.8251274783,1994
AD,Andorra,32766.0596707401,1993
AD,Andorra,34278.6471002551,1992
AD,Andorra,35291.7114092924,1991
AD,Andorra,35780.5196725988,1990
AD,Andorra,35831.6208246801,1989
AD,Andorra,35546.6495470777,1988
AD,Andorra,35204.9894579815,1987
AD,Andorra,34744.3924512447,1986
AD,Andorra,35095.9925402225,1985
AD,Andorra,35820.9317453704,1984
AD,Andorra,36776.5149572427,1983
AD,Andorra,37756.4209028065,1982
AD,Andorra,38896.6259416659,1981
AD,Andorra,40495.698015877,1980
AD,Andorra,41041.8667765521,1979
AD,Andorra,42339.3340715661,1978
AD,Andorra,42958.8938568115,1977
AD,Andorra,43079.8158044325,1976
AD,Andorra,43158.00760544,1975
AD,Andorra,44648.3822216412,1974
AD,Andorra,44201.7280770732,1973
AD,Andorra,43051.2231750558,1972
AD,Andorra,41883.1412123491,1971
AD,Andorra,42137.5189947395,1970
AO,Angola,3409.92928463039,2017
AO,Angola,3530.30942264945,2016
AO,Angola,3748.32062301759,2015
AO,Angola,3843.19824098164,2014
AO,Angola,3796.88262194857,2013
AO,Angola,3748.44944481631,2012
AO,Angola,3579.96008133817,2011
AO,Angola,3587.88379824396,2010
AO,Angola,3549.5778566281,2009
AO,Angola,3652.15349820188,2008
AO,Angola,3409.50346175619,2007
AO,Angola,3102.65092800056,2006
AO,Angola,2883.97821142556,2005
AO,Angola,2597.45699523307,2004
AO,Angola,2423.29399490108,2003
AO,Angola,2433.80439286308,2002
AO,Angola,2213.68116198694,2001
AO,Angola,2195.63058208212,2000
AO,Angola,2201.52946001159,1999
AO,Angola,2225.68435703379,1998
AO,Angola,2195.71885948871,1997
AO,Angola,2113.75076631864,1996
AO,Angola,1922.41619328126,1995
AO,Angola,1726.3156873238,1994
AO,Angola,1759.35310834534,1993
AO,Angola,2390.80776712105,1992
AO,Angola,2623.71399790911,1991
AO,Angola,2685.77857401363,1990
AO,Angola,2877.3382969972,1989
AO,Angola,2976.63600395655,1988
AO,Angola,2904.12954083143,1987
AO,Angola,2890.01500652796,1986
AO,Angola,2909.52891499335,1985
AO,Angola,2912.66515023621,1984
AO,Angola,2847.50175606134,1983
AO,Angola,2831.97215191659,1982
AO,Angola,2934.39772408758,1981
AO,Angola,3179.5384579188,1980
AO,Angola,NA,1979
AO,Angola,NA,1978
AO,Angola,NA,1977
AO,Angola,NA,1976
AO,Angola,NA,1975
AO,Angola,NA,1974
AO,Angola,NA,1973
AO,Angola,NA,1972
AO,Angola,NA,1971
AO,Angola,NA,1970
AG,Antigua and Barbuda,14483.2082371683,2017
AG,Antigua and Barbuda,14190.6057596111,2016
AG,Antigua and Barbuda,13577.4128026007,2015
AG,Antigua and Barbuda,13193.5466017604,2014
AG,Antigua and Barbuda,12750.414275188,2013
AG,Antigua and Barbuda,12919.9541600759,2012
AG,Antigua and Barbuda,12643.9198441354,2011
AG,Antigua and Barbuda,13092.0738182632,2010
AG,Antigua and Barbuda,14316.3385683291,2009
AG,Antigua and Barbuda,16545.7769491212,2008
AG,Antigua and Barbuda,16820.8127651083,2007
AG,Antigua and Barbuda,15641.3868957467,2006
AG,Antigua and Barbuda,14086.3006892608,2005
AG,Antigua and Barbuda,13423.4933864214,2004
AG,Antigua and Barbuda,12861.0907512852,2003
AG,Antigua and Barbuda,12282.1360274371,2002
AG,Antigua and Barbuda,12328.1564066864,2001
AG,Antigua and Barbuda,13174.8118444779,2000
AG,Antigua and Barbuda,12570.4033013906,1999
AG,Antigua and Barbuda,12360.9929844015,1998
AG,Antigua and Barbuda,12052.7701544948,1997
AG,Antigua and Barbuda,11676.874363729,1996
AG,Antigua and Barbuda,11193.1615085077,1995
AG,Antigua and Barbuda,11958.6685601452,1994
AG,Antigua and Barbuda,11453.4512928298,1993
AG,Antigua and Barbuda,11099.4090679873,1992
AG,Antigua and Barbuda,11163.4770113276,1991
AG,Antigua and Barbuda,11072.2397817287,1990
AG,Antigua and Barbuda,10838.6693244457,1989
AG,Antigua and Barbuda,10337.3106613014,1988
AG,Antigua and Barbuda,9833.69790250682,1987
AG,Antigua and Barbuda,9217.05027962495,1986
AG,Antigua and Barbuda,8262.58882135533,1985
AG,Antigua and Barbuda,7675.8617893535,1984
AG,Antigua and Barbuda,6967.49227546542,1983
AG,Antigua and Barbuda,6613.63790913742,1982
AG,Antigua and Barbuda,6616.94960561146,1981
AG,Antigua and Barbuda,6367.09789611897,1980
AG,Antigua and Barbuda,5878.39533077209,1979
AG,Antigua and Barbuda,5431.57800444191,1978
AG,Antigua and Barbuda,5193.18031561836,1977
AG,Antigua and Barbuda,NA,1976
AG,Antigua and Barbuda,NA,1975
AG,Antigua and Barbuda,NA,1974
AG,Antigua and Barbuda,NA,1973
AG,Antigua and Barbuda,NA,1972
AG,Antigua and Barbuda,NA,1971
AG,Antigua and Barbuda,NA,1970
AR,Argentina,10404.2635134208,2017
AR,Argentina,10239.4813479933,2016
AR,Argentina,10568.1578087083,2015
AR,Argentina,10398.6940069464,2014
AR,Argentina,10784.6306992057,2013
AR,Argentina,10649.8372874572,2012
AR,Argentina,10883.315359489,2011
AR,Argentina,10385.9644319555,2010
AR,Argentina,9502.24358504659,2009
AR,Argentina,10201.4759370923,2008
AR,Argentina,9901.51188115634,2007
AR,Argentina,9174.50245831661,2006
AR,Argentina,8577.86499429459,2005
AR,Argentina,7962.41230916816,2004
AR,Argentina,7380.4670873289,2003
AR,Argentina,6854.29408086406,2002
AR,Argentina,7776.13787206685,2001
AR,Argentina,8224.11282651363,2000
AR,Argentina,8381.25399829498,1999
AR,Argentina,8772.06320960578,1998
AR,Argentina,8543.02853403286,1997
AR,Argentina,7994.24337081722,1996
AR,Argentina,7666.53000424516,1995
AR,Argentina,7988.64461361092,1994
AR,Argentina,7644.23569200433,1993
AR,Argentina,7157.32831119985,1992
AR,Argentina,6721.27823910953,1991
AR,Argentina,6245.70857662189,1990
AR,Argentina,6497.42554534223,1989
AR,Argentina,7104.18120080538,1988
AR,Argentina,7294.06425599089,1987
AR,Argentina,7214.27070267463,1986
AR,Argentina,6904.64504404204,1985
AR,Argentina,7399.88911933586,1984
AR,Argentina,7403.72720995174,1983
AR,Argentina,7210.34702077923,1982
AR,Argentina,7380.67498356137,1981
AR,Argentina,7908.02261816432,1980
AR,Argentina,7910.36662234598,1979
AR,Argentina,7285.43955621042,1978
AR,Argentina,7743.58231487359,1977
AR,Argentina,7350.8285666498,1976
AR,Argentina,7617.94315128736,1975
AR,Argentina,7740.85592849079,1974
AR,Argentina,7453.75355684331,1973
AR,Argentina,7368.50576960672,1972
AR,Argentina,7368.07758010525,1971
AR,Argentina,7084.18147848151,1970
AM,Armenia,4198.79474877013,2017
AM,Armenia,3917.3796757227,2016
AM,Armenia,3923.7165022155,2015
AM,Armenia,3819.2177873036,2014
AM,Armenia,3705.35739647445,2013
AM,Armenia,3603.59584827024,2012
AM,Armenia,3370.55110336209,2011
AM,Armenia,3218.37270660563,2010
AM,Armenia,3137.34609782582,2009
AM,Armenia,3629.90909142676,2008
AM,Armenia,3366.66493916206,2007
AM,Armenia,2934.02488180947,2006
AM,Armenia,2571.97712834302,2005
AM,Armenia,2244.1393981339,2004
AM,Armenia,2019.90053213589,2003
AM,Armenia,1761.84123383193,2002
AM,Armenia,1548.05961278644,2001
AM,Armenia,1404.3200896038,2000
AM,Armenia,1317.73979050316,1999
AM,Armenia,1267.57405942099,1998
AM,Armenia,1172.13568009922,1997
AM,Armenia,1121.87950406801,1996
AM,Armenia,1043.54119486628,1995
AM,Armenia,956.468846570432,1994
AM,Armenia,886.030151341586,1993
AM,Armenia,949.031291670401,1992
AM,Armenia,1601.59062416544,1991
AM,Armenia,1796.93338443952,1990
AM,Armenia,NA,1989
AM,Armenia,NA,1988
AM,Armenia,NA,1987
AM,Armenia,NA,1986
AM,Armenia,NA,1985
AM,Armenia,NA,1984
AM,Armenia,NA,1983
AM,Armenia,NA,1982
AM,Armenia,NA,1981
AM,Armenia,NA,1980
AM,Armenia,NA,1979
AM,Armenia,NA,1978
AM,Armenia,NA,1977
AM,Armenia,NA,1976
AM,Armenia,NA,1975
AM,Armenia,NA,1974
AM,Armenia,NA,1973
AM,Armenia,NA,1972
AM,Armenia,NA,1971
AM,Armenia,NA,1970
AW,Aruba,24485.0832823881,2017
AW,Aruba,24277.4067939156,2016
AW,Aruba,24452.606574011,2015
AW,Aruba,24697.4940275196,2014
AW,Aruba,24635.764947531,2013
AW,Aruba,23781.2572983852,2012
AW,Aruba,24233.0010815022,2011
AW,Aruba,23512.6025956397,2010
AW,Aruba,24463.6922486895,2009
AW,Aruba,27365.9309649898,2008
AW,Aruba,27427.5782618678,2007
AW,Aruba,27046.2239557508,2006
AW,Aruba,26979.8853627251,2005
AW,Aruba,27005.5295318108,2004
AW,Aruba,25469.2874132699,2003
AW,Aruba,25508.3025249991,2002
AW,Aruba,26966.0547913068,2001
AW,Aruba,28417.3842120132,2000
AW,Aruba,26954.4045087697,1999
AW,Aruba,27151.9241038764,1998
AW,Aruba,27190.5011823334,1997
AW,Aruba,26087.7758122111,1996
AW,Aruba,26705.1809964158,1995
AW,Aruba,27272.3100411519,1994
AW,Aruba,26663.2077602359,1993
AW,Aruba,26401.968740042,1992
AW,Aruba,26329.3131412118,1991
AW,Aruba,25357.7869437251,1990
AW,Aruba,24837.9509579621,1989
AW,Aruba,22134.0172712515,1988
AW,Aruba,18427.6115299095,1987
AW,Aruba,15669.6160398263,1986
AW,Aruba,NA,1985
AW,Aruba,NA,1984
AW,Aruba,NA,1983
AW,Aruba,NA,1982
AW,Aruba,NA,1981
AW,Aruba,NA,1980
AW,Aruba,NA,1979
AW,Aruba,NA,1978
AW,Aruba,NA,1977
AW,Aruba,NA,1976
AW,Aruba,NA,1975
AW,Aruba,NA,1974
AW,Aruba,NA,1973
AW,Aruba,NA,1972
AW,Aruba,NA,1971
AW,Aruba,NA,1970
AU,Australia,56228.8065156555,2017
AU,Australia,55875.0964226885,2016
AU,Australia,55183.7378252522,2015
AU,Australia,54705.7270373791,2014
AU,Australia,54137.1892887773,2013
AU,Australia,53673.0979172316,2012
AU,Australia,52567.7456787452,2011
AU,Australia,52022.1255961876,2010
AU,Australia,51767.3502361483,2009
AU,Australia,51841.2537218758,2008
AU,Australia,51024.2068294128,2007
AU,Australia,49443.1965891288,2006
AU,Australia,48813.8848751425,2005
AU,Australia,47926.7278660315,2004
AU,Australia,46595.9025319996,2003
AU,Australia,45806.6874475783,2002
AU,Australia,44585.1684885506,2001
AU,Australia,44334.3918715078,2000
AU,Australia,43168.2892225283,1999
AU,Australia,41555.9103109339,1998
AU,Australia,40153.5996467269,1997
AU,Australia,39056.1759955883,1996
AU,Australia,38095.1011243144,1995
AU,Australia,37134.2440488847,1994
AU,Australia,36092.6238871964,1993
AU,Australia,35035.7267249509,1992
AU,Australia,35317.4732486383,1991
AU,Australia,35912.733831493,1990
AU,Australia,35192.1969630978,1989
AU,Australia,34459.4367792103,1988
AU,Australia,33127.0984263148,1987
AU,Australia,32796.674130603,1986
AU,Australia,32045.0635829632,1985
AU,Australia,30865.9879263803,1984
AU,Australia,29849.9142173263,1983
AU,Australia,30912.0015044057,1982
AU,Australia,30419.2473749862,1981
AU,Australia,29907.5348490016,1980
AU,Australia,29382.8024855367,1979
AU,Australia,28547.7618474547,1978
AU,Australia,28624.9188971529,1977
AU,Australia,27943.9894210397,1976
AU,Australia,27513.6105568432,1975
AU,Australia,27483.4553721051,1974
AU,Australia,27076.901411923,1973
AU,Australia,26793.7736665418,1972
AU,Australia,26263.2520828113,1971
AU,Australia,26120.4008915736,1970
AT,Austria,49190.1734138601,2017
AT,Austria,48300.9485964335,2016
AT,Austria,47850.1676260394,2015
AT,Austria,47842.7490656578,2014
AT,Austria,47901.3654287376,2013
AT,Austria,48172.2377048248,2012
AT,Austria,48065.3167058917,2011
AT,Austria,46858.0432733717,2010
AT,Austria,46123.4906889046,2009
AT,Austria,48053.4830761375,2008
AT,Austria,47510.2937863859,2007
AT,Austria,45951.7346927938,2006
AT,Austria,44637.8564124514,2005
AT,Austria,43956.5826590614,2004
AT,Austria,43052.6030729033,2003
AT,Austria,42859.3293954947,2002
AT,Austria,42370.9315990366,2001
AT,Austria,42001.2111626726,2000
AT,Austria,40727.4849425251,1999
AT,Austria,39405.4160313155,1998
AT,Austria,38084.7013777733,1997
AT,Austria,37346.0074348842,1996
AT,Austria,36537.9930388237,1995
AT,Austria,35643.0276843652,1994
AT,Austria,34941.143401042,1993
AT,Austria,35045.8442923391,1992
AT,Austria,34707.0712269201,1991
AT,Austria,33888.9955929164,1990
AT,Austria,32726.0594259348,1989
AT,Austria,31643.8089603984,1988
AT,Austria,30677.5439948851,1987
AT,Austria,30285.9331896605,1986
AT,Austria,29623.4341327814,1985
AT,Austria,28914.8565907991,1984
AT,Austria,28898.2188508896,1983
AT,Austria,28018.5408766777,1982
AT,Austria,27485.8321468879,1981
AT,Austria,27595.8347588735,1980
AT,Austria,27126.1781793457,1979
AT,Austria,25703.1373788812,1978
AT,Austria,25736.5512059217,1977
AT,Austria,24501.7493304065,1976
AT,Austria,23387.7063787301,1975
AT,Austria,23410.8902742626,1974
AT,Austria,22561.3704985125,1973
AT,Austria,21628.966124242,1972
AT,Austria,20483.4532861498,1971
AT,Austria,19573.8668769248,1970
AZ,Azerbaijan,5739.59455488806,2017
AZ,Azerbaijan,5812.5843743252,2016
AZ,Azerbaijan,6063.73011692466,2015
AZ,Azerbaijan,6072.58603960072,2014
AZ,Azerbaijan,5981.53869483097,2013
AZ,Azerbaijan,5724.92083164488,2012
AZ,Azerbaijan,5676.45041334095,2011
AZ,Azerbaijan,5842.80578358576,2010
AZ,Azerbaijan,5642.52679697322,2009
AZ,Azerbaijan,5267.371988685,2008
AZ,Azerbaijan,4863.98288042342,2007
AZ,Azerbaijan,3921.02755330664,2006
AZ,Azerbaijan,2948.20604828813,2005
AZ,Azerbaijan,2327.65185795531,2004
AZ,Azerbaijan,2149.23250460856,2003
AZ,Azerbaijan,1964.98632844986,2002
AZ,Azerbaijan,1808.95740069391,2001
AZ,Azerbaijan,1658.80529519616,2000
AZ,Azerbaijan,1505.39050644998,1999
AZ,Azerbaijan,1414.02227815474,1998
AZ,Azerbaijan,1297.73381219033,1997
AZ,Azerbaijan,1238.48136232378,1996
AZ,Azerbaijan,1234.99654739013,1995
AZ,Azerbaijan,1416.44236632832,1994
AZ,Azerbaijan,1787.94375321082,1993
AZ,Azerbaijan,2360.614694452,1992
AZ,Azerbaijan,3096.44980276303,1991
AZ,Azerbaijan,3167.06208817709,1990
AZ,Azerbaijan,NA,1989
AZ,Azerbaijan,NA,1988
AZ,Azerbaijan,NA,1987
AZ,Azerbaijan,NA,1986
AZ,Azerbaijan,NA,1985
AZ,Azerbaijan,NA,1984
AZ,Azerbaijan,NA,1983
AZ,Azerbaijan,NA,1982
AZ,Azerbaijan,NA,1981
AZ,Azerbaijan,NA,1980
AZ,Azerbaijan,NA,1979
AZ,Azerbaijan,NA,1978
AZ,Azerbaijan,NA,1977
AZ,Azerbaijan,NA,1976
AZ,Azerbaijan,NA,1975
AZ,Azerbaijan,NA,1974
AZ,Azerbaijan,NA,1973
AZ,Azerbaijan,NA,1972
AZ,Azerbaijan,NA,1971
AZ,Azerbaijan,NA,1970
BS,"Bahamas, The",27484.3791916835,2017
BS,"Bahamas, The",27369.5564317144,2016
BS,"Bahamas, The",28117.0558990781,2015
BS,"Bahamas, The",28094.535221754,2014
BS,"Bahamas, The",28401.6973400279,2013
BS,"Bahamas, The",28799.8676832611,2012
BS,"Bahamas, The",28248.8497757498,2011
BS,"Bahamas, The",28443.4076553352,2010
BS,"Bahamas, The",28440.0722223017,2009
BS,"Bahamas, The",30190.7510358741,2008
BS,"Bahamas, The",31485.4937392897,2007
BS,"Bahamas, The",31632.4534870083,2006
BS,"Bahamas, The",31442.2788734593,2005
BS,"Bahamas, The",30978.5823209877,2004
BS,"Bahamas, The",31272.8381153798,2003
BS,"Bahamas, The",32236.4487923714,2002
BS,"Bahamas, The",31910.5095551311,2001
BS,"Bahamas, The",31570.5281698484,2000
BS,"Bahamas, The",30723.9752444579,1999
BS,"Bahamas, The",29017.2910405495,1998
BS,"Bahamas, The",28022.6792280982,1997
BS,"Bahamas, The",27783.2570775761,1996
BS,"Bahamas, The",27018.3449634376,1995
BS,"Bahamas, The",26291.9793474048,1994
BS,"Bahamas, The",25938.5355504724,1993
BS,"Bahamas, The",26348.8455603457,1992
BS,"Bahamas, The",27923.9716261566,1991
BS,"Bahamas, The",29686.8978383227,1990
BS,"Bahamas, The",30706.5571244708,1989
BS,"Bahamas, The",29268.9012614323,1988
BS,"Bahamas, The",29099.6957785383,1987
BS,"Bahamas, The",28759.2828141152,1986
BS,"Bahamas, The",28786.2162218705,1985
BS,"Bahamas, The",28016.0727071592,1984
BS,"Bahamas, The",25066.2102707334,1983
BS,"Bahamas, The",24734.3299140046,1982
BS,"Bahamas, The",23704.4291199575,1981
BS,"Bahamas, The",26700.9449444996,1980
BS,"Bahamas, The",25633.1856605735,1979
BS,"Bahamas, The",20775.8134693927,1978
BS,"Bahamas, The",18599.8151193458,1977
BS,"Bahamas, The",17410.1139248833,1976
BS,"Bahamas, The",16903.5049908778,1975
BS,"Bahamas, The",20245.2212608171,1974
BS,"Bahamas, The",24802.55288824,1973
BS,"Bahamas, The",23530.9465904697,1972
BS,"Bahamas, The",24941.4055350112,1971
BS,"Bahamas, The",25195.9995103593,1970
BH,Bahrain,22126.6653331896,2017
BH,Bahrain,22336.7568224844,2016
BH,Bahrain,22436.2729506264,2015
BH,Bahrain,22396.0791053192,2014
BH,Bahrain,21805.9847009115,2013
BH,Bahrain,20925.6094489568,2012
BH,Bahrain,20516.6503268878,2011
BH,Bahrain,20722.1372891348,2010
BH,Bahrain,20796.1804106802,2009
BH,Bahrain,21562.6640288909,2008
BH,Bahrain,21837.484301022,2007
BH,Bahrain,21795.9241719605,2006
BH,Bahrain,22066.1703958395,2005
BH,Bahrain,22144.5801261696,2004
BH,Bahrain,22058.8483076681,2003
BH,Bahrain,22038.3911552775,2002
BH,Bahrain,22416.2103892739,2001
BH,Bahrain,22955.1971113414,2000
BH,Bahrain,22761.1300154709,1999
BH,Bahrain,22634.9622350898,1998
BH,Bahrain,22281.7576549435,1997
BH,Bahrain,22220.759706765,1996
BH,Bahrain,21910.3176182421,1995
BH,Bahrain,21623.2124036681,1994
BH,Bahrain,22218.0376236775,1993
BH,Bahrain,20178.5037375559,1992
BH,Bahrain,19407.6340079877,1991
BH,Bahrain,17934.7430502843,1990
BH,Bahrain,17702.4859789043,1989
BH,Bahrain,18240.7230301211,1988
BH,Bahrain,17663.5443960249,1987
BH,Bahrain,16571.5031291748,1986
BH,Bahrain,16926.4554561154,1985
BH,Bahrain,18304.6625974105,1984
BH,Bahrain,17906.0163509295,1983
BH,Bahrain,17290.8180745626,1982
BH,Bahrain,19295.58521837,1981
BH,Bahrain,21184.9828376582,1980
BH,Bahrain,NA,1979
BH,Bahrain,NA,1978
BH,Bahrain,NA,1977
BH,Bahrain,NA,1976
BH,Bahrain,NA,1975
BH,Bahrain,NA,1974
BH,Bahrain,NA,1973
BH,Bahrain,NA,1972
BH,Bahrain,NA,1971
BH,Bahrain,NA,1970
BD,Bangladesh,1127.27176833347,2017
BD,Bangladesh,1062.04015786301,2016
BD,Bangladesh,1002.38885345832,2015
BD,Bangladesh,951.314821042494,2014
BD,Bangladesh,907.257418044388,2013
BD,Bangladesh,865.749891053711,2012
BD,Bangladesh,822.188338841729,2011
BD,Bangladesh,781.153593557047,2010
BD,Bangladesh,748.296060456803,2009
BD,Bangladesh,720.357003907352,2008
BD,Bangladesh,687.323085586786,2007
BD,Bangladesh,649.929885115528,2006
BD,Bangladesh,617.542666369303,2005
BD,Bangladesh,588.327258879369,2004
BD,Bangladesh,568.13922556822,2003
BD,Bangladesh,551.903047733547,2002
BD,Bangladesh,541.291660881083,2001
BD,Bangladesh,524.945869703516,2000
BD,Bangladesh,508.385222705121,1999
BD,Bangladesh,495.626754059541,1998
BD,Bangladesh,481.122454006953,1997
BD,Bangladesh,470.274688637274,1996
BD,Bangladesh,459.613367750575,1995
BD,Bangladesh,446.654812655474,1994
BD,Bangladesh,439.23000019415,1993
BD,Bangladesh,428.661017617889,1992
BD,Bangladesh,415.714740930362,1991
BD,Bangladesh,411.164611241749,1990
BD,Bangladesh,398.852110318811,1989
BD,Bangladesh,397.761911676302,1988
BD,Bangladesh,398.588126655912,1987
BD,Bangladesh,394.335068911307,1986
BD,Bangladesh,388.644273789874,1985
BD,Bangladesh,386.061443177345,1984
BD,Bangladesh,378.091928876351,1983
BD,Bangladesh,373.551348204956,1982
BD,Bangladesh,375.427432118736,1981
BD,Bangladesh,359.456257585739,1980
BD,Bangladesh,366.241111288189,1979
BD,Bangladesh,359.090605054417,1978
BD,Bangladesh,344.435566228696,1977
BD,Bangladesh,343.948157012526,1976
BD,Bangladesh,332.888062537241,1975
BD,Bangladesh,353.762503526347,1974
BD,Bangladesh,328.071885895516,1973
BD,Bangladesh,322.33440569941,1972
BD,Bangladesh,380.948608902683,1971
BD,Bangladesh,411.184362801919,1970
BB,Barbados,16611.6371684847,2017
BB,Barbados,16472.3142604622,2016
BB,Barbados,16174.9061322934,2015
BB,Barbados,16058.0534501732,2014
BB,Barbados,16085.0240491554,2013
BB,Barbados,16117.3579790104,2012
BB,Barbados,16112.6651302297,2011
BB,Barbados,16056.0165313276,2010
BB,Barbados,16072.0138647262,2009
BB,Barbados,16806.1938993553,2008
BB,Barbados,16860.5569403682,2007
BB,Barbados,16641.2717014065,2006
BB,Barbados,15814.3210165468,2005
BB,Barbados,15267.1099633174,2004
BB,Barbados,15107.7070963171,2003
BB,Barbados,14837.0194098359,2002
BB,Barbados,14769.0129700013,2001
BB,Barbados,15183.5612877844,2000
BB,Barbados,14593.4413584603,1999
BB,Barbados,14606.2580471977,1998
BB,Barbados,14139.9375612056,1997
BB,Barbados,13557.5455622216,1996
BB,Barbados,13093.9713412937,1995
BB,Barbados,12885.7547375272,1994
BB,Barbados,12463.7939365745,1993
BB,Barbados,12359.6215531011,1992
BB,Barbados,13337.504619398,1991
BB,Barbados,13932.214675054,1990
BB,Barbados,14461.9221582207,1989
BB,Barbados,14012.0541728211,1988
BB,Barbados,13594.4755716213,1987
BB,Barbados,13301.7103564779,1986
BB,Barbados,12698.4150377149,1985
BB,Barbados,12600.52644219,1984
BB,Barbados,12202.2306492823,1983
BB,Barbados,12174.2881518497,1982
BB,Barbados,12845.4247344096,1981
BB,Barbados,13144.9691021513,1980
BB,Barbados,12646.4765310217,1979
BB,Barbados,11775.0929871018,1978
BB,Barbados,11284.6320275191,1977
BB,Barbados,10947.6117027485,1976
BB,Barbados,10551.1150888708,1975
BB,Barbados,10821.8542706692,1974
BB,Barbados,NA,1973
BB,Barbados,NA,1972
BB,Barbados,NA,1971
BB,Barbados,NA,1970
BY,Belarus,6536.01210231683,2017
BY,Belarus,6372.40179455992,2016
BY,Belarus,6545.7805269077,2015
BY,Belarus,6817.28921850647,2014
BY,Belarus,6707.62152957548,2013
BY,Belarus,6642.03513243543,2012
BY,Belarus,6525.85136912335,2011
BY,Belarus,6181.39991568753,2010
BY,Belarus,5724.46885160699,2009
BY,Belarus,5700.31938066551,2008
BY,Belarus,5154.86716411286,2007
BY,Belarus,4724.92454603076,2006
BY,Belarus,4269.16602174832,2005
BY,Belarus,3875.7830645828,2004
BY,Belarus,3453.9636651659,2003
BY,Belarus,3204.19898457435,2002
BY,Belarus,3030.94752615782,2001
BY,Belarus,2879.38006548047,2000
BY,Belarus,2708.7393350487,1999
BY,Belarus,2608.67517443181,1998
BY,Belarus,2395.10936164256,1997
BY,Belarus,2140.90885473225,1996
BY,Belarus,2075.6499951585,1995
BY,Belarus,2309.09865764927,1994
BY,Belarus,2611.99605909695,1993
BY,Belarus,2833.19987218745,1992
BY,Belarus,3140.83444248246,1991
BY,Belarus,3180.54209360027,1990
BY,Belarus,NA,1989
BY,Belarus,NA,1988
BY,Belarus,NA,1987
BY,Belarus,NA,1986
BY,Belarus,NA,1985
BY,Belarus,NA,1984
BY,Belarus,NA,1983
BY,Belarus,NA,1982
BY,Belarus,NA,1981
BY,Belarus,NA,1980
BY,Belarus,NA,1979
BY,Belarus,NA,1978
BY,Belarus,NA,1977
BY,Belarus,NA,1976
BY,Belarus,NA,1975
BY,Belarus,NA,1974
BY,Belarus,NA,1973
BY,Belarus,NA,1972
BY,Belarus,NA,1971
BY,Belarus,NA,1970
BE,Belgium,46211.2328937522,2017
BE,Belgium,45598.7350953448,2016
BE,Belgium,45174.0108192611,2015
BE,Belgium,44659.6394153436,2014
BE,Belgium,44302.4842741431,2013
BE,Belgium,44422.6532488853,2012
BE,Belgium,44594.3044592717,2011
BE,Belgium,44380.1766327308,2010
BE,Belgium,43591.2643262036,2009
BE,Belgium,44956.3581216028,2008
BE,Belgium,44960.7952703786,2007
BE,Belgium,43782.135925748,2006
BE,Belgium,42994.3600388148,2005
BE,Belgium,42344.6941979484,2004
BE,Belgium,41036.7293632776,2003
BE,Belgium,40892.2142513664,2002
BE,Belgium,40357.3715941641,2001
BE,Belgium,40170.4157488907,2000
BE,Belgium,38856.0665031392,1999
BE,Belgium,37605.2219024284,1998
BE,Belgium,36955.6304077091,1997
BE,Belgium,35719.8133640126,1996
BE,Belgium,35228.3482140871,1995
BE,Belgium,34479.9437318076,1994
BE,Belgium,33505.1715046253,1993
BE,Belgium,33962.9924638208,1992
BE,Belgium,33586.9643339243,1991
BE,Belgium,33105.1611695658,1990
BE,Belgium,32193.9850762119,1989
BE,Belgium,31227.797353222,1988
BE,Belgium,29914.3208400443,1987
BE,Belgium,29264.7951487469,1986
BE,Belgium,28751.1642421328,1985
BE,Belgium,28292.3976653929,1984
BE,Belgium,27610.9803633546,1983
BE,Belgium,27522.9585604181,1982
BE,Belgium,27352.7344988578,1981
BE,Belgium,27428.6168027338,1980
BE,Belgium,26290.4988861872,1979
BE,Belgium,25712.1987356442,1978
BE,Belgium,25025.0143676058,1977
BE,Belgium,24900.0215733175,1976
BE,Belgium,23609.9413336161,1975
BE,Belgium,24153.1034849385,1974
BE,Belgium,23171.3835032461,1973
BE,Belgium,21850.0067859891,1972
BE,Belgium,20832.5278062341,1971
BE,Belgium,20070.5515670758,1970
BZ,Belize,4263.64501690898,2017
BZ,Belize,4287.3084797847,2016
BZ,Belize,4401.88867903368,2015
BZ,Belize,4346.9652822531,2014
BZ,Belize,4284.9514129439,2013
BZ,Belize,4345.73451341045,2012
BZ,Belize,4320.94984820979,2011
BZ,Belize,4331.43451672125,2010
BZ,Belize,4293.65594082763,2009
BZ,Belize,4373.91601435959,2008
BZ,Belize,4347.60159658557,2007
BZ,Belize,4413.6548621321,2006
BZ,Belize,4332.25900299049,2005
BZ,Belize,4334.82052638409,2004
BZ,Belize,4251.11988954313,2003
BZ,Belize,3992.84652414613,2002
BZ,Belize,3907.30842445348,2001
BZ,Belize,3837.25750322188,2000
BZ,Belize,3513.5135108312,1999
BZ,Belize,3352.62007212267,1998
BZ,Belize,3358.09636045671,1997
BZ,Belize,3363.29223311962,1996
BZ,Belize,3423.29626044662,1995
BZ,Belize,3490.48235054902,1994
BZ,Belize,3556.52421362215,1993
BZ,Belize,3403.30347642797,1992
BZ,Belize,3087.83677347263,1991
BZ,Belize,2823.07349482141,1990
BZ,Belize,2589.56538356776,1989
BZ,Belize,2348.30624490174,1988
BZ,Belize,2196.72020002258,1987
BZ,Belize,2039.35090636962,1986
BZ,Belize,2005.76319922896,1985
BZ,Belize,2042.30029356055,1984
BZ,Belize,2060.9642107041,1983
BZ,Belize,2166.18474407513,1982
BZ,Belize,2226.33161239477,1981
BZ,Belize,2253.46204365246,1980
BZ,Belize,2026.60408796262,1979
BZ,Belize,1916.65429700413,1978
BZ,Belize,1801.59985650233,1977
BZ,Belize,1714.75431690038,1976
BZ,Belize,1739.62756985997,1975
BZ,Belize,1704.27054258819,1974
BZ,Belize,1524.13247876638,1973
BZ,Belize,1471.10061394375,1972
BZ,Belize,1359.92448351435,1971
BZ,Belize,1336.08427355006,1970
BJ,Benin,862.056056916603,2017
BJ,Benin,837.216825726833,2016
BJ,Benin,827.835457935714,2015
BJ,Benin,833.630342519349,2014
BJ,Benin,805.956123498516,2013
BJ,Benin,773.175729269639,2012
BJ,Benin,758.575276385114,2011
BJ,Benin,757.695907409377,2010
BJ,Benin,763.154547400962,2009
BJ,Benin,767.031377787259,2008
BJ,Benin,752.215036722347,2007
BJ,Benin,730.275166698073,2006
BJ,Benin,723.19995937719,2005
BJ,Benin,732.335422521139,2004
BJ,Benin,722.667195343064,2003
BJ,Benin,720.168276979008,2002
BJ,Benin,709.469362156737,2001
BJ,Benin,694.243748862815,2000
BJ,Benin,675.677481564767,1999
BJ,Benin,660.631781368267,1998
BJ,Benin,654.542811574812,1997
BJ,Benin,638.076330738046,1996
BJ,Benin,631.171223502581,1995
BJ,Benin,615.120445612328,1994
BJ,Benin,623.953655204789,1993
BJ,Benin,610.55090183852,1992
BJ,Benin,614.005294113839,1991
BJ,Benin,609.345623847634,1990
BJ,Benin,577.539883272228,1989
BJ,Benin,613.231180279321,1988
BJ,Benin,611.028136374675,1987
BJ,Benin,638.749042846944,1986
BJ,Benin,643.587476348851,1985
BJ,Benin,616.037500535204,1984
BJ,Benin,587.287625984981,1983
BJ,Benin,631.527135880661,1982
BJ,Benin,635.117493477248,1981
BJ,Benin,593.619562439568,1980
BJ,Benin,571.072511282984,1979
BJ,Benin,550.42650351024,1978
BJ,Benin,557.93222697945,1977
BJ,Benin,545.143576619519,1976
BJ,Benin,553.93664820434,1975
BJ,Benin,596.657708163309,1974
BJ,Benin,591.050532244085,1973
BJ,Benin,583.056243099537,1972
BJ,Benin,560.180110614056,1971
BJ,Benin,581.235118982927,1970
BM,Bermuda,NA,2017
BM,Bermuda,NA,2016
BM,Bermuda,NA,2015
BM,Bermuda,NA,2014
BM,Bermuda,79251.7816637313,2013
BM,Bermuda,81547.8552352009,2012
BM,Bermuda,86001.1711723395,2011
BM,Bermuda,88207.3275597322,2010
BM,Bermuda,89391.2111759902,2009
BM,Bermuda,94903.19153445,2008
BM,Bermuda,94029.6080297516,2007
BM,Bermuda,91944.8738136662,2006
BM,Bermuda,87616.3859691804,2005
BM,Bermuda,86733.3700723903,2004
BM,Bermuda,85321.2432651983,2003
BM,Bermuda,83048.803111906,2002
BM,Bermuda,84844.7383808264,2001
BM,Bermuda,79988.3500115683,2000
BM,Bermuda,73825.1848453623,1999
BM,Bermuda,71810.384072276,1998
BM,Bermuda,69624.4363363497,1997
BM,Bermuda,66969.933143424,1996
BM,Bermuda,65690.9641699689,1995
BM,Bermuda,63374.766845423,1994
BM,Bermuda,63435.4731513697,1993
BM,Bermuda,61913.7772348381,1992
BM,Bermuda,61503.6383589572,1991
BM,Bermuda,63429.2767665396,1990
BM,Bermuda,63939.8115704253,1989
BM,Bermuda,64196.2324263801,1988
BM,Bermuda,62224.8917779393,1987
BM,Bermuda,60463.9087856699,1986
BM,Bermuda,57167.1018852694,1985
BM,Bermuda,58826.9549652087,1984
BM,Bermuda,59061.1697050723,1983
BM,Bermuda,58400.2839788516,1982
BM,Bermuda,62106.1317965972,1981
BM,Bermuda,61083.4509496361,1980
BM,Bermuda,57503.2189423032,1979
BM,Bermuda,56504.0914894508,1978
BM,Bermuda,55903.5590573088,1977
BM,Bermuda,52988.7455136405,1976
BM,Bermuda,48824.501768485,1975
BM,Bermuda,46699.0989703916,1974
BM,Bermuda,45948.8338277272,1973
BM,Bermuda,44942.9191535041,1972
BM,Bermuda,43819.358387283,1971
BM,Bermuda,42055.0304719923,1970
BT,Bhutan,3138.44234196275,2017
BT,Bhutan,3035.65870806956,2016
BT,Bhutan,2844.32290157861,2015
BT,Bhutan,2699.82030505767,2014
BT,Bhutan,2584.82983708118,2013
BT,Bhutan,2561.83017723258,2012
BT,Bhutan,2467.30959352762,2011
BT,Bhutan,2312.86009558743,2010
BT,Bhutan,2091.93921066837,2009
BT,Bhutan,1980.96240822874,2008
BT,Bhutan,1909.96122202417,2007
BT,Bhutan,1638.02293167656,2006
BT,Bhutan,1553.510979578,2005
BT,Bhutan,1472.74747693367,2004
BT,Bhutan,1415.05680137636,2003
BT,Bhutan,1339.54374851828,2002
BT,Bhutan,1234.5692721928,2001
BT,Bhutan,1165.32792417182,2000
BT,Bhutan,1114.5531934371,1999
BT,Bhutan,1056.84333105951,1998
BT,Bhutan,1020.742864631,1997
BT,Bhutan,987.0138149234,1996
BT,Bhutan,946.951542788825,1995
BT,Bhutan,888.916390144232,1994
BT,Bhutan,845.866624262833,1993
BT,Bhutan,826.412657111948,1992
BT,Bhutan,789.891307487261,1991
BT,Bhutan,798.84606991585,1990
BT,Bhutan,732.383641264018,1989
BT,Bhutan,698.624097274806,1988
BT,Bhutan,685.936583955735,1987
BT,Bhutan,550.380458966978,1986
BT,Bhutan,507.902389096945,1985
BT,Bhutan,501.182240815516,1984
BT,Bhutan,492.392556187057,1983
BT,Bhutan,453.587406630206,1982
BT,Bhutan,449.967116110148,1981
BT,Bhutan,405.936563187369,1980
BT,Bhutan,NA,1979
BT,Bhutan,NA,1978
BT,Bhutan,NA,1977
BT,Bhutan,NA,1976
BT,Bhutan,NA,1975
BT,Bhutan,NA,1974
BT,Bhutan,NA,1973
BT,Bhutan,NA,1972
BT,Bhutan,NA,1971
BT,Bhutan,NA,1970
BO,Bolivia,2490.95631434671,2017
BO,Bolivia,2425.56159007818,2016
BO,Bolivia,2361.05658121979,2015
BO,Bolivia,2286.01319823426,2014
BO,Bolivia,2201.39684777688,2013
BO,Bolivia,2094.02421738306,2012
BO,Bolivia,2024.11732438255,2011
BO,Bolivia,1955.46155736098,2010
BO,Bolivia,1909.08458812934,2009
BO,Bolivia,1878.1103131111,2008
BO,Bolivia,1799.49854611382,2007
BO,Bolivia,1750.80304828605,2006
BO,Bolivia,1700.18279095051,2005
BO,Bolivia,1657.50512835135,2004
BO,Bolivia,1620.26366392743,2003
BO,Bolivia,1606.90467715541,2002
BO,Bolivia,1597.64201121273,2001
BO,Bolivia,1601.41665812106,2000
BO,Bolivia,1592.73741489358,1999
BO,Bolivia,1617.36710627811,1998
BO,Bolivia,1570.82497822518,1997
BO,Bolivia,1527.11134094105,1996
BO,Bolivia,1493.41846771504,1995
BO,Bolivia,1456.39460529322,1994
BO,Bolivia,1420.74327602158,1993
BO,Bolivia,1391.48016825368,1992
BO,Bolivia,1398.12306298772,1991
BO,Bolivia,1356.53993740886,1990
BO,Bolivia,1324.16334971762,1989
BO,Bolivia,1303.10781008416,1988
BO,Bolivia,1293.28608745006,1987
BO,Bolivia,1288.94023118672,1986
BO,Bolivia,1350.75411360993,1985
BO,Bolivia,1402.22516180094,1984
BO,Bolivia,1433.77484412013,1983
BO,Bolivia,1524.61415484069,1982
BO,Bolivia,1619.79081935104,1981
BO,Bolivia,1649.25562859068,1980
BO,Bolivia,1708.16920493782,1979
BO,Bolivia,1743.38949578868,1978
BO,Bolivia,1746.45013311798,1977
BO,Bolivia,1701.09258633384,1976
BO,Bolivia,1662.48245880255,1975
BO,Bolivia,1583.77520127802,1974
BO,Bolivia,1572.74368482085,1973
BO,Bolivia,1520.26819950801,1972
BO,Bolivia,1439.01184325452,1971
BO,Bolivia,1399.51523086,1970
BA,Bosnia and Herzegovina,5827.69022487883,2017
BA,Bosnia and Herzegovina,5591.02796169517,2016
BA,Bosnia and Herzegovina,5352.40178524424,2015
BA,Bosnia and Herzegovina,5113.41589071679,2014
BA,Bosnia and Herzegovina,4969.04191858468,2013
BA,Bosnia and Herzegovina,4770.9104099763,2012
BA,Bosnia and Herzegovina,4736.59374702643,2011
BA,Bosnia and Herzegovina,4635.51777931783,2010
BA,Bosnia and Herzegovina,4557.96351908517,2009
BA,Bosnia and Herzegovina,4676.11815348177,2008
BA,Bosnia and Herzegovina,4425.38289682977,2007
BA,Bosnia and Herzegovina,4177.65632487854,2006
BA,Bosnia and Herzegovina,3963.06935422939,2005
BA,Bosnia and Herzegovina,3644.99220217577,2004
BA,Bosnia and Herzegovina,3437.27747005943,2003
BA,Bosnia and Herzegovina,3307.52380723641,2002
BA,Bosnia and Herzegovina,3144.28922804819,2001
BA,Bosnia and Herzegovina,3015.25262449236,2000
BA,Bosnia and Herzegovina,2864.03146280679,1999
BA,Bosnia and Herzegovina,2619.47720085632,1998
BA,Bosnia and Herzegovina,2264.93271794209,1997
BA,Bosnia and Herzegovina,1672.65387866651,1996
BA,Bosnia and Herzegovina,870.260316470032,1995
BA,Bosnia and Herzegovina,700.745597451062,1994
BA,Bosnia and Herzegovina,NA,1993
BA,Bosnia and Herzegovina,NA,1992
BA,Bosnia and Herzegovina,NA,1991
BA,Bosnia and Herzegovina,NA,1990
BA,Bosnia and Herzegovina,NA,1989
BA,Bosnia and Herzegovina,NA,1988
BA,Bosnia and Herzegovina,NA,1987
BA,Bosnia and Herzegovina,NA,1986
BA,Bosnia and Herzegovina,NA,1985
BA,Bosnia and Herzegovina,NA,1984
BA,Bosnia and Herzegovina,NA,1983
BA,Bosnia and Herzegovina,NA,1982
BA,Bosnia and Herzegovina,NA,1981
BA,Bosnia and Herzegovina,NA,1980
BA,Bosnia and Herzegovina,NA,1979
BA,Bosnia and Herzegovina,NA,1978
BA,Bosnia and Herzegovina,NA,1977
BA,Bosnia and Herzegovina,NA,1976
BA,Bosnia and Herzegovina,NA,1975
BA,Bosnia and Herzegovina,NA,1974
BA,Bosnia and Herzegovina,NA,1973
BA,Bosnia and Herzegovina,NA,1972
BA,Bosnia and Herzegovina,NA,1971
BA,Bosnia and Herzegovina,NA,1970
BW,Botswana,7859.43947748221,2017
BW,Botswana,7797.14680491694,2016
BW,Botswana,7613.69840975739,2015
BW,Botswana,7864.25328125683,2014
BW,Botswana,7646.41431460258,2013
BW,Botswana,6944.80763670943,2012
BW,Botswana,6728.20195409419,2011
BW,Botswana,6434.81565688465,2010
BW,Botswana,6029.19863060839,2009
BW,Botswana,6657.83238251693,2008
BW,Botswana,6400.71756767326,2007
BW,Botswana,6038.79181048478,2006
BW,Botswana,5686.78053185044,2005
BW,Botswana,5542.30542660652,2004
BW,Botswana,5493.14411580954,2003
BW,Botswana,5341.92009255573,2002
BW,Botswana,5126.3541863134,2001
BW,Botswana,5211.0737051999,2000
BW,Botswana,5214.44622115647,1999
BW,Botswana,4858.70631921133,1998
BW,Botswana,4948.40522922904,1997
BW,Botswana,4676.43569022036,1996
BW,Botswana,4525.76850950519,1995
BW,Botswana,4332.02905449455,1994
BW,Botswana,4284.79210375981,1993
BW,Botswana,4313.86397969188,1992
BW,Botswana,4309.25704888118,1991
BW,Botswana,4133.45822711231,1990
BW,Botswana,4002.76152423799,1989
BW,Botswana,3671.44343460592,1988
BW,Botswana,3193.81424890064,1987
BW,Botswana,2967.59460349059,1986
BW,Botswana,2849.46740459061,1985
BW,Botswana,2758.30505721258,1984
BW,Botswana,2631.22790662145,1983
BW,Botswana,2405.81690370222,1982
BW,Botswana,2219.72731805281,1981
BW,Botswana,2108.99588888295,1980
BW,Botswana,1954.64204886811,1979
BW,Botswana,1811.17393074742,1978
BW,Botswana,1647.32492749527,1977
BW,Botswana,1529.01854120517,1976
BW,Botswana,1435.23920665271,1975
BW,Botswana,1372.79249442498,1974
BW,Botswana,1307.14021619564,1973
BW,Botswana,1114.44320922989,1972
BW,Botswana,910.252015366313,1971
BW,Botswana,744.922988920962,1970
BR,Brazil,10990.1866770681,2017
BR,Brazil,10962.6254944006,2016
BR,Brazil,11431.1544808449,2015
BR,Brazil,11951.2094463497,2014
BR,Brazil,11993.4839848731,2013
BR,Brazil,11745.7786214898,2012
BR,Brazil,11627.8103904236,2011
BR,Brazil,11286.2430162457,2010
BR,Brazil,10594.9865923924,2009
BR,Brazil,10710.8722205603,2008
BR,Brazil,10293.530341463,2007
BR,Brazil,9805.72450610977,2006
BR,Brazil,9535.41883036578,2005
BR,Brazil,9346.03934316368,2004
BR,Brazil,8943.82848255785,2003
BR,Brazil,8954.83724534174,2002
BR,Brazil,8804.32948764487,2001
BR,Brazil,8803.15252917931,2000
BR,Brazil,8554.07277616112,1999
BR,Brazil,8641.27530944835,1998
BR,Brazil,8744.84634619226,1997
BR,Brazil,8591.01470912416,1996
BR,Brazil,8540.07687802909,1995
BR,Brazil,8311.56088840077,1994
BR,Brazil,8020.60657401255,1993
BR,Brazil,7791.75742548499,1992
BR,Brazil,7963.11180852077,1991
BR,Brazil,7983.74677607675,1990
BR,Brazil,8389.97872278077,1989
BR,Brazil,8276.32686747308,1988
BR,Brazil,8445.71201168821,1987
BR,Brazil,8316.51680867382,1986
BR,Brazil,7862.70351931771,1985
BR,Brazil,7442.97241093524,1984
BR,Brazil,7230.71610832987,1983
BR,Brazil,7660.57857291715,1982
BR,Brazil,7796.85434394983,1981
BR,Brazil,8349.48782019185,1980
BR,Brazil,7835.0703131317,1979
BR,Brazil,7514.28926301439,1978
BR,Brazil,7453.59017220592,1977
BR,Brazil,7296.34748425015,1976
BR,Brazil,6805.29828755336,1975
BR,Brazil,6623.41550847593,1974
BR,Brazil,6219.51401630693,1973
BR,Brazil,5587.88625565948,1972
BR,Brazil,5108.40338585586,1971
BR,Brazil,4704.31756122819,1970
VG,British Virgin Islands,NA,2017
VG,British Virgin Islands,NA,2016
VG,British Virgin Islands,NA,2015
VG,British Virgin Islands,NA,2014
VG,British Virgin Islands,NA,2013
VG,British Virgin Islands,NA,2012
VG,British Virgin Islands,NA,2011
VG,British Virgin Islands,NA,2010
VG,British Virgin Islands,NA,2009
VG,British Virgin Islands,NA,2008
VG,British Virgin Islands,NA,2007
VG,British Virgin Islands,NA,2006
VG,British Virgin Islands,NA,2005
VG,British Virgin Islands,NA,2004
VG,British Virgin Islands,NA,2003
VG,British Virgin Islands,NA,2002
VG,British Virgin Islands,NA,2001
VG,British Virgin Islands,NA,2000
VG,British Virgin Islands,NA,1999
VG,British Virgin Islands,NA,1998
VG,British Virgin Islands,NA,1997
VG,British Virgin Islands,NA,1996
VG,British Virgin Islands,NA,1995
VG,British Virgin Islands,NA,1994
VG,British Virgin Islands,NA,1993
VG,British Virgin Islands,NA,1992
VG,British Virgin Islands,NA,1991
VG,British Virgin Islands,NA,1990
VG,British Virgin Islands,NA,1989
VG,British Virgin Islands,NA,1988
VG,British Virgin Islands,NA,1987
VG,British Virgin Islands,NA,1986
VG,British Virgin Islands,NA,1985
VG,British Virgin Islands,NA,1984
VG,British Virgin Islands,NA,1983
VG,British Virgin Islands,NA,1982
VG,British Virgin Islands,NA,1981
VG,British Virgin Islands,NA,1980
VG,British Virgin Islands,NA,1979
VG,British Virgin Islands,NA,1978
VG,British Virgin Islands,NA,1977
VG,British Virgin Islands,NA,1976
VG,British Virgin Islands,NA,1975
VG,British Virgin Islands,NA,1974
VG,British Virgin Islands,NA,1973
VG,British Virgin Islands,NA,1972
VG,British Virgin Islands,NA,1971
VG,British Virgin Islands,NA,1970
BN,Brunei Darussalam,31752.7874645235,2017
BN,Brunei Darussalam,31685.2254544178,2016
BN,Brunei Darussalam,32869.2866185522,2015
BN,Brunei Darussalam,33471.1464519954,2014
BN,Brunei Darussalam,34729.8266256897,2013
BN,Brunei Darussalam,35967.3283979567,2012
BN,Brunei Darussalam,36121.891977592,2011
BN,Brunei Darussalam,35269.5531076448,2010
BN,Brunei Darussalam,34800.5635264382,2009
BN,Brunei Darussalam,35844.4160068892,2008
BN,Brunei Darussalam,36987.8415885984,2007
BN,Brunei Darussalam,37399.74000641,2006
BN,Brunei Darussalam,36329.4982777345,2005
BN,Brunei Darussalam,36761.2498220737,2004
BN,Brunei Darussalam,37212.4669053931,2003
BN,Brunei Darussalam,36841.2942129897,2002
BN,Brunei Darussalam,36171.8050676004,2001
BN,Brunei Darussalam,35931.5965013377,2000
BN,Brunei Darussalam,35680.9788660012,1999
BN,Brunei Darussalam,35390.7901840577,1998
BN,Brunei Darussalam,36409.3719864638,1997
BN,Brunei Darussalam,37842.9279965812,1996
BN,Brunei Darussalam,37713.6899412144,1995
BN,Brunei Darussalam,37052.2679690634,1994
BN,Brunei Darussalam,36913.6461243111,1993
BN,Brunei Darussalam,37848.1292503919,1992
BN,Brunei Darussalam,37171.4749076551,1991
BN,Brunei Darussalam,37080.905766838,1990
BN,Brunei Darussalam,37740.7782163524,1989
BN,Brunei Darussalam,39251.6875894504,1988
BN,Brunei Darussalam,39943.6728806368,1987
BN,Brunei Darussalam,40284.2803244734,1986
BN,Brunei Darussalam,42601.6376823434,1985
BN,Brunei Darussalam,44489.9551564721,1984
BN,Brunei Darussalam,45496.4992969116,1983
BN,Brunei Darussalam,46590.0176345573,1982
BN,Brunei Darussalam,46170.9932631625,1981
BN,Brunei Darussalam,59413.3946135826,1980
BN,Brunei Darussalam,66019.8751942031,1979
BN,Brunei Darussalam,55768.5377360157,1978
BN,Brunei Darussalam,54169.989767425,1977
BN,Brunei Darussalam,50735.5767258862,1976
BN,Brunei Darussalam,43937.4687884357,1975
BN,Brunei Darussalam,45632.2466663368,1974
BN,Brunei Darussalam,NA,1973
BN,Brunei Darussalam,NA,1972
BN,Brunei Darussalam,NA,1971
BN,Brunei Darussalam,NA,1970
BG,Bulgaria,8331.15227287203,2017
BG,Bulgaria,7966.88200882858,2016
BG,Bulgaria,7611.55087800877,2015
BG,Bulgaria,7309.4151151672,2014
BG,Bulgaria,7136.84597816382,2013
BG,Bulgaria,7062.13497737665,2012
BG,Bulgaria,7019.17404574254,2011
BG,Bulgaria,6843.26694975885,2010
BG,Bulgaria,6709.52731467062,2009
BG,Bulgaria,6914.39843478088,2008
BG,Bulgaria,6476.05420316886,2007
BG,Bulgaria,5988.77095056511,2006
BG,Bulgaria,5561.16384273605,2005
BG,Bulgaria,5152.41400784508,2004
BG,Bulgaria,4804.48436237995,2003
BG,Bulgaria,4532.8538693831,2002
BG,Bulgaria,4186.92041902769,2001
BG,Bulgaria,3955.27580157865,2000
BG,Bulgaria,3756.75085295718,1999
BG,Bulgaria,4078.68930627734,1998
BG,Bulgaria,3809.68651346487,1997
BG,Bulgaria,3828.24642187336,1996
BG,Bulgaria,3781.90349197295,1995
BG,Bulgaria,3660.40197671228,1994
BG,Bulgaria,3582.85611598934,1993
BG,Bulgaria,3607.79367407921,1992
BG,Bulgaria,3849.18630135359,1991
BG,Bulgaria,4162.81570433754,1990
BG,Bulgaria,4498.55198005699,1989
BG,Bulgaria,4597.47543157644,1988
BG,Bulgaria,4148.59381224382,1987
BG,Bulgaria,3917.51479507007,1986
BG,Bulgaria,3758.34002719537,1985
BG,Bulgaria,3660.06888345894,1984
BG,Bulgaria,3548.13214904218,1983
BG,Bulgaria,3439.02825941883,1982
BG,Bulgaria,3370.52919134631,1981
BG,Bulgaria,3223.80899433698,1980
BG,Bulgaria,NA,1979
BG,Bulgaria,NA,1978
BG,Bulgaria,NA,1977
BG,Bulgaria,NA,1976
BG,Bulgaria,NA,1975
BG,Bulgaria,NA,1974
BG,Bulgaria,NA,1973
BG,Bulgaria,NA,1972
BG,Bulgaria,NA,1971
BG,Bulgaria,NA,1970
BF,Burkina Faso,685.757486149844,2017
BF,Burkina Faso,664.02363057197,2016
BF,Burkina Faso,645.369860579085,2015
BF,Burkina Faso,639.708095622635,2014
BF,Burkina Faso,631.610260603211,2013
BF,Burkina Faso,615.095970788297,2012
BF,Burkina Faso,595.392988928601,2011
BF,Burkina Faso,575.446452687734,2010
BF,Burkina Faso,562.841972573867,2009
BF,Burkina Faso,563.447103417816,2008
BF,Burkina Faso,541.268695046728,2007
BF,Burkina Faso,527.962387666167,2006
BF,Burkina Faso,511.967590461138,2005
BF,Burkina Faso,485.307404342803,2004
BF,Burkina Faso,478.304352301957,2003
BF,Burkina Faso,456.73413491079,2002
BF,Burkina Faso,450.452280722016,2001
BF,Burkina Faso,434.763330444212,2000
BF,Burkina Faso,439.299726397477,1999
BF,Burkina Faso,420.723454429533,1998
BF,Burkina Faso,403.216943616745,1997
BF,Burkina Faso,389.965445880457,1996
BF,Burkina Faso,361.121421967347,1995
BF,Burkina Faso,351.104458678869,1994
BF,Burkina Faso,356.128863354102,1993
BF,Burkina Faso,353.668786014067,1992
BF,Burkina Faso,362.478919951271,1991
BF,Burkina Faso,341.352617189917,1990
BF,Burkina Faso,352.677859553805,1989
BF,Burkina Faso,354.488976474489,1988
BF,Burkina Faso,343.970454997046,1987
BF,Burkina Faso,353.888019006108,1986
BF,Burkina Faso,336.411586413563,1985
BF,Burkina Faso,318.102431922458,1984
BF,Burkina Faso,332.260179910774,1983
BF,Burkina Faso,339.56329188478003,1982
BF,Burkina Faso,317.607545255431,1981
BF,Burkina Faso,311.891569083801,1980
BF,Burkina Faso,316.437746591525,1979
BF,Burkina Faso,311.834178785847,1978
BF,Burkina Faso,304.242226817525,1977
BF,Burkina Faso,309.153850689155,1976
BF,Burkina Faso,290.373108648389,1975
BF,Burkina Faso,287.264561673976,1974
BF,Burkina Faso,270.182895737443,1973
BF,Burkina Faso,273.83695464318,1972
BF,Burkina Faso,272.410460368818,1971
BF,Burkina Faso,273.33151551225,1970
BI,Burundi,214.139246201959,2017
BI,Burundi,219.961497757751,2016
BI,Burundi,228.432544171606,2015
BI,Burundi,245.326738733565,2014
BI,Burundi,242.845994657449,2013
BI,Burundi,238.816045825172,2012
BI,Burundi,235.988766659787,2011
BI,Burundi,234.235646874999,2010
BI,Burundi,230.192598508771,2009
BI,Burundi,229.148545082546,2008
BI,Burundi,225.859085274657,2007
BI,Burundi,225.622210413864,2006
BI,Burundi,221.096374710531,2005
BI,Burundi,226.288471649801,2004
BI,Burundi,222.807321080131,2003
BI,Burundi,232.466497747919,2002
BI,Burundi,228.660388811251,2001
BI,Burundi,229.206107263877,2000
BI,Burundi,235.309285692169,1999
BI,Burundi,240.844572896698,1998
BI,Burundi,232.305477391278,1997
BI,Burundi,238.474631535111,1996
BI,Burundi,262.375065939413,1995
BI,Burundi,289.196918329432,1994
BI,Burundi,305.948149312137,1993
BI,Burundi,332.765875459652,1992
BI,Burundi,336.580270395656,1991
BI,Burundi,327.986681933291,1990
BI,Burundi,324.771190295123,1989
BI,Burundi,329.025420980918,1988
BI,Burundi,322.086263161854,1987
BI,Burundi,314.056875533449,1986
BI,Burundi,312.872113350282,1985
BI,Burundi,287.749697844271,1984
BI,Burundi,295.196478335089,1983
BI,Burundi,292.277811386532,1982
BI,Burundi,303.227653673613,1981
BI,Burundi,277.447458631793,1980
BI,Burundi,281.917260438568,1979
BI,Burundi,284.460085621528,1978
BI,Burundi,294.225338609102,1977
BI,Burundi,269.801511616064,1976
BI,Burundi,254.675947596146,1975
BI,Burundi,256.687330407088,1974
BI,Burundi,261.529170917932,1973
BI,Burundi,247.104003747795,1972
BI,Burundi,266.978062580072,1971
BI,Burundi,263.643956763226,1970
CV,Cabo Verde,3630.48379237243,2017
CV,Cabo Verde,3532.14021075649,2016
CV,Cabo Verde,3414.55798421071,2015
CV,Cabo Verde,3422.74880170376,2014
CV,Cabo Verde,3445.30537729537,2013
CV,Cabo Verde,3461.92665130578,2012
CV,Cabo Verde,3468.66705505948,2011
CV,Cabo Verde,3378.25485950035,2010
CV,Cabo Verde,3370.35023611401,2009
CV,Cabo Verde,3455.1017668217,2008
CV,Cabo Verde,3279.07835675104,2007
CV,Cabo Verde,2882.88994648951,2006
CV,Cabo Verde,2705.13463478074,2005
CV,Cabo Verde,2565.78049968481,2004
CV,Cabo Verde,2362.96107339695,2003
CV,Cabo Verde,2303.97134518707,2002
CV,Cabo Verde,2225.41211002855,2001
CV,Cabo Verde,2215.06817019014,2000
CV,Cabo Verde,1973.86038814744,1999
CV,Cabo Verde,1808.84323213095,1998
CV,Cabo Verde,1640.44123502492,1997
CV,Cabo Verde,1508.86911961384,1996
CV,Cabo Verde,1387.55723762439,1995
CV,Cabo Verde,1246.77929698896,1994
CV,Cabo Verde,1075.69783656917,1993
CV,Cabo Verde,1018.16476081871,1992
CV,Cabo Verde,943.035124969747,1991
CV,Cabo Verde,952.761936639586,1990
CV,Cabo Verde,965.557964227421,1989
CV,Cabo Verde,928.742859258666,1988
CV,Cabo Verde,888.779356223361,1987
CV,Cabo Verde,864.224740259341,1986
CV,Cabo Verde,853.411557289822,1985
CV,Cabo Verde,799.746166058322,1984
CV,Cabo Verde,785.751340734068,1983
CV,Cabo Verde,732.015763720748,1982
CV,Cabo Verde,725.657653594233,1981
CV,Cabo Verde,680.49328178856,1980
CV,Cabo Verde,NA,1979
CV,Cabo Verde,NA,1978
CV,Cabo Verde,NA,1977
CV,Cabo Verde,NA,1976
CV,Cabo Verde,NA,1975
CV,Cabo Verde,NA,1974
CV,Cabo Verde,NA,1973
CV,Cabo Verde,NA,1972
CV,Cabo Verde,NA,1971
CV,Cabo Verde,NA,1970
KH,Cambodia,1137.82139678947,2017
KH,Cambodia,1079.63053900011,2016
KH,Cambodia,1024.62136452219,2015
KH,Cambodia,972.742728302532,2014
KH,Cambodia,922.890205656967,2013
KH,Cambodia,873.949283306707,2012
KH,Cambodia,827.777013823179,2011
KH,Cambodia,785.502282874113,2010
KH,Cambodia,752.796480639033,2009
KH,Cambodia,763.508498039057,2008
KH,Cambodia,726.286982617308,2007
KH,Cambodia,668.876489417057,2006
KH,Cambodia,613.133329407254,2005
KH,Cambodia,549.969766152318,2004
KH,Cambodia,506.583017849236,2003
KH,Cambodia,474.941032111551,2002
KH,Cambodia,453.969017741301,2001
KH,Cambodia,431.202289963378,2000
KH,Cambodia,398.28818636601,1999
KH,Cambodia,362.099750212473,1998
KH,Cambodia,355.14860588323,1997
KH,Cambodia,351.282131241205,1996
KH,Cambodia,341.891413632537,1995
KH,Cambodia,321.281232629098,1994
KH,Cambodia,509.987455441144,1993
KH,Cambodia,NA,1992
KH,Cambodia,NA,1991
KH,Cambodia,NA,1990
KH,Cambodia,NA,1989
KH,Cambodia,NA,1988
KH,Cambodia,NA,1987
KH,Cambodia,NA,1986
KH,Cambodia,NA,1985
KH,Cambodia,NA,1984
KH,Cambodia,NA,1983
KH,Cambodia,NA,1982
KH,Cambodia,NA,1981
KH,Cambodia,NA,1980
KH,Cambodia,NA,1979
KH,Cambodia,NA,1978
KH,Cambodia,NA,1977
KH,Cambodia,NA,1976
KH,Cambodia,NA,1975
KH,Cambodia,NA,1974
KH,Cambodia,NA,1973
KH,Cambodia,NA,1972
KH,Cambodia,NA,1971
KH,Cambodia,NA,1970
CM,Cameroon,1480.28788488156,2017
CM,Cameroon,1467.76075196122,2016
CM,Cameroon,1440.37879990249,2015
CM,Cameroon,1400.38701702896,2014
CM,Cameroon,1358.78329969841,2013
CM,Cameroon,1324.63796570443,2012
CM,Cameroon,1302.15555342518,2011
CM,Cameroon,1285.26172565588,2010
CM,Cameroon,1277.35008028933,2009
CM,Cameroon,1284.74773502695,2008
CM,Cameroon,1276.05991479294,2007
CM,Cameroon,1250.24417880314,2006
CM,Cameroon,1241.86914102366,2005
CM,Cameroon,1250.70884391054,2004
CM,Cameroon,1203.24621858419,2003
CM,Cameroon,1181.87365299965,2002
CM,Cameroon,1164.34552291141,2001
CM,Cameroon,1145.45485381974,2000
CM,Cameroon,1135.52581355823,1999
CM,Cameroon,1117.54735961116,1998
CM,Cameroon,1097.67865503484,1997
CM,Cameroon,1071.00719703946,1996
CM,Cameroon,1054.23383801814,1995
CM,Cameroon,1047.29675045543,1994
CM,Cameroon,1054.76397447478,1993
CM,Cameroon,1179.05307891569,1992
CM,Cameroon,1253.02061354267,1991
CM,Cameroon,1342.2005640059,1990
CM,Cameroon,1473.80523391016,1989
CM,Cameroon,1548.60091419209,1988
CM,Cameroon,1733.95338274009,1987
CM,Cameroon,1829.19479858747,1986
CM,Cameroon,1768.41531609469,1985
CM,Cameroon,1688.95115807457,1984
CM,Cameroon,1621.56719561064,1983
CM,Cameroon,1565.32188723768,1982
CM,Cameroon,1501.47487073017,1981
CM,Cameroon,1322.14015168526,1980
CM,Cameroon,1389.88973954937,1979
CM,Cameroon,1350.24320660304,1978
CM,Cameroon,1139.49598736182,1977
CM,Cameroon,1031.01323558399,1976
CM,Cameroon,1122.20159445514,1975
CM,Cameroon,1037.12810262121,1974
CM,Cameroon,962.41251109279,1973
CM,Cameroon,938.187372992714,1972
CM,Cameroon,938.002279948103,1971
CM,Cameroon,930.081772209456,1970
CA,Canada,51126.1843511535,2017
CA,Canada,50236.5350701608,2016
CA,Canada,50255.5724469285,2015
CA,Canada,50292.9247784101,2014
CA,Canada,49389.0571549889,2013
CA,Canada,48781.9797042127,2012
CA,Canada,48464.5341721304,2011
CA,Canada,47450.3184700703,2010
CA,Canada,46546.0216683317,2009
CA,Canada,48511.3277953951,2008
CA,Canada,48553.4661021695,2007
CA,Canada,48036.5710900175,2006
CA,Canada,47283.8406626626,2005
CA,Canada,46251.9200561982,2004
CA,Canada,45287.8084311537,2003
CA,Canada,44889.0617695282,2002
CA,Canada,44053.8519007194,2001
CA,Canada,43759.9302655641,2000
CA,Canada,41993.0369527907,1999
CA,Canada,40257.4855362063,1998
CA,Canada,39076.2693022784,1997
CA,Canada,37846.8558276907,1996
CA,Canada,37635.2762530592,1995
CA,Canada,37029.8861514638,1994
CA,Canada,35827.3620556311,1993
CA,Canada,35284.4040443642,1992
CA,Canada,35385.8776950472,1991
CA,Canada,36591.6099457963,1990
CA,Canada,37086.8214393431,1989
CA,Canada,36903.0739474568,1988
CA,Canada,35805.5529314822,1987
CA,Canada,34861.0035792741,1986
CA,Canada,34470.3397381285,1985
CA,Canada,33213.2501655781,1984
CA,Canada,31657.5569049075,1983
CA,Canada,31161.3977777086,1982
CA,Canada,32572.8456647843,1981
CA,Canada,31868.8253425075,1980
CA,Canada,31601.2879457863,1979
CA,Canada,30773.5403592138,1978
CA,Canada,29977.1948745388,1977
CA,Canada,29321.9333000167,1976
CA,Canada,28060.7169584748,1975
CA,Canada,28063.1755354559,1974
CA,Canada,27553.8360744705,1973
CA,Canada,26108.0992504098,1972
CA,Canada,25033.6644362958,1971
CA,Canada,24798.1442058919,1970
KY,Cayman Islands,NA,2017
KY,Cayman Islands,NA,2016
KY,Cayman Islands,NA,2015
KY,Cayman Islands,NA,2014
KY,Cayman Islands,NA,2013
KY,Cayman Islands,NA,2012
KY,Cayman Islands,NA,2011
KY,Cayman Islands,NA,2010
KY,Cayman Islands,NA,2009
KY,Cayman Islands,NA,2008
KY,Cayman Islands,NA,2007
KY,Cayman Islands,NA,2006
KY,Cayman Islands,NA,2005
KY,Cayman Islands,NA,2004
KY,Cayman Islands,NA,2003
KY,Cayman Islands,NA,2002
KY,Cayman Islands,NA,2001
KY,Cayman Islands,NA,2000
KY,Cayman Islands,NA,1999
KY,Cayman Islands,NA,1998
KY,Cayman Islands,NA,1997
KY,Cayman Islands,NA,1996
KY,Cayman Islands,NA,1995
KY,Cayman Islands,NA,1994
KY,Cayman Islands,NA,1993
KY,Cayman Islands,NA,1992
KY,Cayman Islands,NA,1991
KY,Cayman Islands,NA,1990
KY,Cayman Islands,NA,1989
KY,Cayman Islands,NA,1988
KY,Cayman Islands,NA,1987
KY,Cayman Islands,NA,1986
KY,Cayman Islands,NA,1985
KY,Cayman Islands,NA,1984
KY,Cayman Islands,NA,1983
KY,Cayman Islands,NA,1982
KY,Cayman Islands,NA,1981
KY,Cayman Islands,NA,1980
KY,Cayman Islands,NA,1979
KY,Cayman Islands,NA,1978
KY,Cayman Islands,NA,1977
KY,Cayman Islands,NA,1976
KY,Cayman Islands,NA,1975
KY,Cayman Islands,NA,1974
KY,Cayman Islands,NA,1973
KY,Cayman Islands,NA,1972
KY,Cayman Islands,NA,1971
KY,Cayman Islands,NA,1970
CF,Central African Republic,374.417618733678,2017
CF,Central African Republic,363.049364422504,2016
CF,Central African Republic,349.166097359486,2015
CF,Central African Republic,336.098418497472,2014
CF,Central African Republic,336.929919528233,2013
CF,Central African Republic,528.129706797586,2012
CF,Central African Republic,504.746050229296,2011
CF,Central African Republic,487.94538328961403,2010
CF,Central African Republic,471.633075350589,2009
CF,Central African Republic,440.86669437072,2008
CF,Central African Republic,439.747443820044,2007
CF,Central African Republic,428.538855606718,2006
CF,Central African Republic,417.095000226271,2005
CF,Central African Republic,421.535737733479,2004
CF,Central African Republic,405.75798518678,2003
CF,Central African Republic,437.826009122803,2002
CF,Central African Republic,431.639048422027,2001
CF,Central African Republic,422.451780755554,2000
CF,Central African Republic,443.271832373385,1999
CF,Central African Republic,438.027971257494,1998
CF,Central African Republic,428.606943024143,1997
CF,Central African Republic,417.394448388596,1996
CF,Central African Republic,446.331970088384,1995
CF,Central African Republic,427.993676350086,1994
CF,Central African Republic,419.90452429075,1993
CF,Central African Republic,430.792810492185,1992
CF,Central African Republic,473.278028015469,1991
CF,Central African Republic,488.077735168195,1990
CF,Central African Republic,509.870622334726,1989
CF,Central African Republic,509.591093701878,1988
CF,Central African Republic,509.944625002657,1987
CF,Central African Republic,546.574141566825,1986
CF,Central African Republic,539.232949224727,1985
CF,Central African Republic,532.210312274318,1984
CF,Central African Republic,500.260533737478,1983
CF,Central African Republic,561.527305851851,1982
CF,Central African Republic,537.624621098817,1981
CF,Central African Republic,562.217921194689,1980
CF,Central African Republic,604.683732040139,1979
CF,Central African Republic,635.73986591836,1978
CF,Central African Republic,642.845744246179,1977
CF,Central African Republic,632.579549139863,1976
CF,Central African Republic,611.825525297979,1975
CF,Central African Republic,620.117159850061,1974
CF,Central African Republic,592.240572915026,1973
CF,Central African Republic,589.685502217338,1972
CF,Central African Republic,598.42583331612,1971
CF,Central African Republic,601.335086337572,1970
TD,Chad,816.737363324789,2017
TD,Chad,868.211695358308,2016
TD,Chad,955.727325440693,2015
TD,Chad,960.440919994578,2014
TD,Chad,928.563189497965,2013
TD,Chad,908.426122386938,2012
TD,Chad,862.919427854356,2011
TD,Chad,891.698817391114,2010
TD,Chad,811.91924548679,2009
TD,Chad,805.292338516776,2008
TD,Chad,807.843894295024,2007
TD,Chad,809.249884856371,2006
TD,Chad,832.745038339599,2005
TD,Chad,736.113214084584,2004
TD,Chad,572.067388219352,2003
TD,Chad,518.266565663046,2002
TD,Chad,496.484904956589,2001
TD,Chad,461.803723901247,2000
TD,Chad,483.379895294767,1999
TD,Chad,504.460584025692,1998
TD,Chad,488.427663928047,1997
TD,Chad,478.391970671267,1996
TD,Chad,484.106478402576,1995
TD,Chad,494.348730460371,1994
TD,Chad,463.697069026862,1993
TD,Chad,568.049097125031,1992
TD,Chad,543.020947902277,1991
TD,Chad,516.580237387589,1990
TD,Chad,556.784449719399,1989
TD,Chad,548.356282705794,1988
TD,Chad,490.347737238548,1987
TD,Chad,518.198110914795,1986
TD,Chad,556.352859959833,1985
TD,Chad,469.50407763149,1984
TD,Chad,472.00116811317,1983
TD,Chad,417.900157280193,1982
TD,Chad,405.747249082264,1981
TD,Chad,410.313701045961,1980
TD,Chad,445.778881910871,1979
TD,Chad,578.625232027835,1978
TD,Chad,592.564258129908,1977
TD,Chad,591.016882536194,1976
TD,Chad,585.781168333434,1975
TD,Chad,549.271907634403,1974
TD,Chad,535.630248387092,1973
TD,Chad,598.821070187104,1972
TD,Chad,606.166727417757,1971
TD,Chad,634.159483833163,1970
JG,Channel Islands,NA,2017
JG,Channel Islands,NA,2016
JG,Channel Islands,NA,2015
JG,Channel Islands,NA,2014
JG,Channel Islands,NA,2013
JG,Channel Islands,NA,2012
JG,Channel Islands,NA,2011
JG,Channel Islands,NA,2010
JG,Channel Islands,NA,2009
JG,Channel Islands,NA,2008
JG,Channel Islands,NA,2007
JG,Channel Islands,NA,2006
JG,Channel Islands,NA,2005
JG,Channel Islands,NA,2004
JG,Channel Islands,NA,2003
JG,Channel Islands,NA,2002
JG,Channel Islands,NA,2001
JG,Channel Islands,NA,2000
JG,Channel Islands,NA,1999
JG,Channel Islands,NA,1998
JG,Channel Islands,NA,1997
JG,Channel Islands,NA,1996
JG,Channel Islands,NA,1995
JG,Channel Islands,NA,1994
JG,Channel Islands,NA,1993
JG,Channel Islands,NA,1992
JG,Channel Islands,NA,1991
JG,Channel Islands,NA,1990
JG,Channel Islands,NA,1989
JG,Channel Islands,NA,1988
JG,Channel Islands,NA,1987
JG,Channel Islands,NA,1986
JG,Channel Islands,NA,1985
JG,Channel Islands,NA,1984
JG,Channel Islands,NA,1983
JG,Channel Islands,NA,1982
JG,Channel Islands,NA,1981
JG,Channel Islands,NA,1980
JG,Channel Islands,NA,1979
JG,Channel Islands,NA,1978
JG,Channel Islands,NA,1977
JG,Channel Islands,NA,1976
JG,Channel Islands,NA,1975
JG,Channel Islands,NA,1974
JG,Channel Islands,NA,1973
JG,Channel Islands,NA,1972
JG,Channel Islands,NA,1971
JG,Channel Islands,NA,1970
CL,Chile,14748.510580873,2017
CL,Chile,14771.2576454381,2016
CL,Chile,14722.366327632,2015
CL,Chile,14561.3261643057,2014
CL,Chile,14461.1743775771,2013
CL,Chile,14035.679130826,2012
CL,Chile,13455.8378125533,2011
CL,Chile,12808.034586422,2010
CL,Chile,12227.2145300329,2009
CL,Chile,12553.7948363739,2008
CL,Chile,12256.4296859791,2007
CL,Chile,11808.8347703093,2006
CL,Chile,11225.0799494747,2005
CL,Chile,10726.6448499322,2004
CL,Chile,10109.6680484322,2003
CL,Chile,9814.65613491896,2002
CL,Chile,9622.15362871309,2001
CL,Chile,9419.98294955914,2000
CL,Chile,9049.47157913229,1999
CL,Chile,9199.1976785662,1998
CL,Chile,8932.07228879332,1997
CL,Chile,8427.82189597191,1996
CL,Chile,8004.31544614743,1995
CL,Chile,7459.17730595999,1994
CL,Chile,7214.69291775463,1993
CL,Chile,6879.77948881615,1992
CL,Chile,6291.68490694271,1991
CL,Chile,5933.20706414474,1990
CL,Chile,5836.71398945348,1989
CL,Chile,5397.02641250699,1988
CL,Chile,5109.1706239881,1987
CL,Chile,4875.12707258849,1986
CL,Chile,4697.51665824094,1985
CL,Chile,4583.38406951977,1984
CL,Chile,4465.62929279784,1983
CL,Chile,4767.19946935203,1982
CL,Chile,5432.1504956862,1981
CL,Chile,5172.03574880806,1980
CL,Chile,4859.5059931411,1979
CL,Chile,4549.16215576722,1978
CL,Chile,4288.21906171492,1977
CL,Chile,3942.56661737105,1976
CL,Chile,3856.03583894317,1975
CL,Chile,4497.1725663308,1974
CL,Chile,4462.26686687839,1973
CL,Chile,4773.97747305416,1972
CL,Chile,4901.24595451209,1971
CL,Chile,4552.25558836437,1970
CN,China,7308.06536597714,2017
CN,China,6883.89542488146,2016
CN,China,6484.43594759644,2015
CN,China,6096.48781698006,2014
CN,China,5710.5878733775,2013
CN,China,5325.1601061666,2012
CN,China,4961.23468857388,2011
CN,China,4550.45359583857,2010
CN,China,4132.90231241877,2009
CN,China,3796.63336331896,2008
CN,China,3480.15272549424,2007
CN,China,3062.53490453063,2006
CN,China,2732.16587968884,2005
CN,China,2467.13284333364,2004
CN,China,2253.92968857986,2003
CN,China,2061.16228377566,2002
CN,China,1901.40762975195,2001
CN,China,1767.83362700858,2000
CN,China,1642.35748775728,1999
CN,China,1538.66284389771,1998
CN,China,1440.59024983409,1997
CN,China,1332.4173094283,1996
CN,China,1224.8488213975,1995
CN,China,1116.03253544563,1994
CN,China,998.404789343151,1993
CN,China,886.950358931776,1992
CN,China,786.129658834727,1991
CN,China,729.160645387843,1990
CN,China,712.115363325364,1989
CN,China,694.064791777426,1988
CN,China,634.092911038278,1987
CN,China,576.908756619229,1986
CN,China,537.502652552483,1985
CN,China,480.302863849621,1984
CN,China,422.659190889165,1983
CN,China,386.890341740908,1982
CN,China,360.427967795046,1981
CN,China,347.120087871446,1980
CN,China,326.047625691632,1979
CN,China,307.08736374722,1978
CN,China,280.043830693448,1977
CN,China,263.908462856871,1976
CN,China,272.298867735992,1975
CN,China,254.922244588875,1974
CN,China,254.367708574393,1973
CN,China,241.502179818484,1972
CN,China,238.426228808754,1971
CN,China,228.90563989986,1970
CO,Colombia,7613.72657656518,2017
CO,Colombia,7626.00294628467,2016
CO,Colombia,7572.36550490706,2015
CO,Colombia,7441.31033370509,2014
CO,Colombia,7177.46579753109,2013
CO,Colombia,6926.62519869364,2012
CO,Colombia,6726.83468623466,2011
CO,Colombia,6326.54946861963,2010
CO,Colombia,6126.99551489325,2009
CO,Colombia,6121.74515048081,2008
CO,Colombia,5998.78814293754,2007
CO,Colombia,5684.02285577118,2006
CO,Colombia,5392.19057370415,2005
CO,Colombia,5219.7923309257,2004
CO,Colombia,5026.24215483602,2003
CO,Colombia,4908.73012307454,2002
CO,Colombia,4862.50154734803,2001
CO,Colombia,4857.80115237848,2000
CO,Colombia,4796.05823587336,1999
CO,Colombia,5089.4221725344,1998
CO,Colombia,5146.51101194221,1997
CO,Colombia,5062.71145228453,1996
CO,Colombia,5049.93245491302,1995
CO,Colombia,4889.13180009642,1994
CO,Colombia,4708.38381890833,1993
CO,Colombia,4554.56850034539,1992
CO,Colombia,4463.63375396527,1991
CO,Colombia,4462.7319553392,1990
CO,Colombia,4364.53704076725,1989
CO,Colombia,4304.66004491741,1988
CO,Colombia,4219.69943495044,1987
CO,Colombia,4086.28861336606,1986
CO,Colombia,3941.49473944605,1985
CO,Colombia,3903.51813121883,1984
CO,Colombia,3858.12834561107,1983
CO,Colombia,3881.11437154446,1982
CO,Colombia,3929.27187371062,1981
CO,Colombia,3926.93266343848,1980
CO,Colombia,3856.9647495291,1979
CO,Colombia,3742.4809206233,1978
CO,Colombia,3528.28003765725,1977
CO,Colombia,3464.00952707735,1976
CO,Colombia,3382.19026869494,1975
CO,Colombia,3379.41885299845,1974
CO,Colombia,3267.12103065848,1973
CO,Colombia,3130.39018160353,1972
CO,Colombia,2975.12621020934,1971
CO,Colombia,2876.24655231448,1970
KM,Comoros,1355.5393964334,2017
KM,Comoros,1350.16139637093,2016
KM,Comoros,1352.12677184471,2015
KM,Comoros,1369.17663091131,2014
KM,Comoros,1373.36033013866,2013
KM,Comoros,1346.23735348604,2012
KM,Comoros,1336.43361143132,2011
KM,Comoros,1315.21480648394,2010
KM,Comoros,1298.0073467865,2009
KM,Comoros,1288.42134553411,2008
KM,Comoros,1269.00552890628,2007
KM,Comoros,1289.47109381123,2006
KM,Comoros,1286.61310619557,2005
KM,Comoros,1281.27616375227,2004
KM,Comoros,1287.35770139402,2003
KM,Comoros,1291.23419328979,2002
KM,Comoros,1292.74811619828,2001
KM,Comoros,1294.79391851645,2000
KM,Comoros,1197.9195381605,1999
KM,Comoros,1206.00342016798,1998
KM,Comoros,1222.59546164709,1997
KM,Comoros,1207.28313117228,1996
KM,Comoros,1257.12706436576,1995
KM,Comoros,1247.75134665256,1994
KM,Comoros,1355.38479108678,1993
KM,Comoros,1354.49874010408,1992
KM,Comoros,1285.05777137657,1991
KM,Comoros,1398.86943497258,1990
KM,Comoros,1370.94318857705,1989
KM,Comoros,1458.56395916615,1988
KM,Comoros,1463.03977177595,1987
KM,Comoros,1482.33826339852,1986
KM,Comoros,1497.84533193777,1985
KM,Comoros,1506.300212497,1984
KM,Comoros,1487.16723026898,1983
KM,Comoros,1458.46885354648,1982
KM,Comoros,1411.27276879169,1981
KM,Comoros,1401.91344235523,1980
KM,Comoros,NA,1979
KM,Comoros,NA,1978
KM,Comoros,NA,1977
KM,Comoros,NA,1976
KM,Comoros,NA,1975
KM,Comoros,NA,1974
KM,Comoros,NA,1973
KM,Comoros,NA,1972
KM,Comoros,NA,1971
KM,Comoros,NA,1970
CD,"Congo, Dem. Rep.",408.924793379252,2017
CD,"Congo, Dem. Rep.",407.28964313607497,2016
CD,"Congo, Dem. Rep.",411.020573085248,2015
CD,"Congo, Dem. Rep.",397.341670468064,2014
CD,"Congo, Dem. Rep.",375.219175499846,2013
CD,"Congo, Dem. Rep.",357.598295891314,2012
CD,"Congo, Dem. Rep.",345.266114849658,2011
CD,"Congo, Dem. Rep.",334.02157257299,2010
CD,"Congo, Dem. Rep.",322.41825442277,2009
CD,"Congo, Dem. Rep.",324.040312807321,2008
CD,"Congo, Dem. Rep.",315.263863498655,2007
CD,"Congo, Dem. Rep.",306.52826072519,2006
CD,"Congo, Dem. Rep.",300.562422451628,2005
CD,"Congo, Dem. Rep.",292.350837126994,2004
CD,"Congo, Dem. Rep.",282.647066791353,2003
CD,"Congo, Dem. Rep.",276.05594555969,2002
CD,"Congo, Dem. Rep.",276.142108828791,2001
CD,"Congo, Dem. Rep.",289.986319882164,2000
CD,"Congo, Dem. Rep.",319.56205899989,1999
CD,"Congo, Dem. Rep.",341.777825371763,1998
CD,"Congo, Dem. Rep.",355.52815783432,1997
CD,"Congo, Dem. Rep.",386.112865674656,1996
CD,"Congo, Dem. Rep.",401.185557499341,1995
CD,"Congo, Dem. Rep.",411.49350934271,1994
CD,"Congo, Dem. Rep.",444.046701999733,1993
CD,"Congo, Dem. Rep.",533.534587781245,1992
CD,"Congo, Dem. Rep.",619.7962443836,1991
CD,"Congo, Dem. Rep.",702.134756391817,1990
CD,"Congo, Dem. Rep.",777.258489713319,1989
CD,"Congo, Dem. Rep.",811.998605917261,1988
CD,"Congo, Dem. Rep.",831.653691942447,1987
CD,"Congo, Dem. Rep.",832.283232579608,1986
CD,"Congo, Dem. Rep.",816.14015871186,1985
CD,"Congo, Dem. Rep.",833.584436652742,1984
CD,"Congo, Dem. Rep.",809.724641984709,1983
CD,"Congo, Dem. Rep.",818.230608619664,1982
CD,"Congo, Dem. Rep.",842.571713917344,1981
CD,"Congo, Dem. Rep.",844.50310204273,1980
CD,"Congo, Dem. Rep.",848.754213480329,1979
CD,"Congo, Dem. Rep.",869.068210655036,1978
CD,"Congo, Dem. Rep.",944.924603557904,1977
CD,"Congo, Dem. Rep.",965.201304765581,1976
CD,"Congo, Dem. Rep.",1048.5512347051,1975
CD,"Congo, Dem. Rep.",1134.30188551138,1974
CD,"Congo, Dem. Rep.",1129.87283609177,1973
CD,"Congo, Dem. Rep.",1073.002228968,1972
CD,"Congo, Dem. Rep.",1100.41797753898,1971
CD,"Congo, Dem. Rep.",1066.76974338278,1970
CG,"Congo, Rep.",2693.42849963747,2017
CG,"Congo, Rep.",2851.97541856545,2016
CG,"Congo, Rep.",3009.60068643053,2015
CG,"Congo, Rep.",3005.73691203916,2014
CG,"Congo, Rep.",2884.43628073502,2013
CG,"Congo, Rep.",2858.08610991045,2012
CG,"Congo, Rep.",2825.72712108892,2011
CG,"Congo, Rep.",2809.69495708158,2010
CG,"Congo, Rep.",2663.57661802254,2009
CG,"Congo, Rep.",2561.1937760907,2008
CG,"Congo, Rep.",2510.7351825041,2007
CG,"Congo, Rep.",2640.31829359286,2006
CG,"Congo, Rep.",2569.27977140538,2005
CG,"Congo, Rep.",2460.63530511731,2004
CG,"Congo, Rep.",2450.23531886517,2003
CG,"Congo, Rep.",2501.34468886551,2002
CG,"Congo, Rep.",2460.47473143699,2001
CG,"Congo, Rep.",2438.94893688507,2000
CG,"Congo, Rep.",2333.57997970308,1999
CG,"Congo, Rep.",2465.8668196239,1998
CG,"Congo, Rep.",2446.96597227145,1997
CG,"Congo, Rep.",2534.36160114499,1996
CG,"Congo, Rep.",2500.35111800389,1995
CG,"Congo, Rep.",2473.20742136115,1994
CG,"Congo, Rep.",2691.04710720808,1993
CG,"Congo, Rep.",2793.98733677207,1992
CG,"Congo, Rep.",2798.90817268172,1991
CG,"Congo, Rep.",2809.48066039158,1990
CG,"Congo, Rep.",2858.7770298481,1989
CG,"Congo, Rep.",2863.37916407211,1988
CG,"Congo, Rep.",2891.61905796061,1987
CG,"Congo, Rep.",2966.71136930454,1986
CG,"Congo, Rep.",3275.27611029196,1985
CG,"Congo, Rep.",3409.70944447935,1984
CG,"Congo, Rep.",3280.2471972495,1983
CG,"Congo, Rep.",3190.19909551997,1982
CG,"Congo, Rep.",2657.59564292004,1981
CG,"Congo, Rep.",2326.45237935602,1980
CG,"Congo, Rep.",2036.14489419349,1979
CG,"Congo, Rep.",1908.94598930022,1978
CG,"Congo, Rep.",1847.81537840374,1977
CG,"Congo, Rep.",2089.61863097366,1976
CG,"Congo, Rep.",2132.23184814889,1975
CG,"Congo, Rep.",2038.36797362932,1974
CG,"Congo, Rep.",1946.00827939179,1973
CG,"Congo, Rep.",1851.8478354842,1972
CG,"Congo, Rep.",1755.63097589225,1971
CG,"Congo, Rep.",1677.21609918308,1970
CR,Costa Rica,9732.26994718134,2017
CR,Costa Rica,9509.73874043803,2016
CR,Costa Rica,9219.3902349299,2015
CR,Costa Rica,8993.52652298471,2014
CR,Costa Rica,8785.74189377566,2013
CR,Costa Rica,8689.96567123724,2012
CR,Costa Rica,8390.47955730589,2011
CR,Costa Rica,8141.91359856475,2010
CR,Costa Rica,7854.95282987345,2009
CR,Costa Rica,8034.33038805147,2008
CR,Costa Rica,7779.32537779894,2007
CR,Costa Rica,7289.90434511818,2006
CR,Costa Rica,6892.92357893302,2005
CR,Costa Rica,6730.83178418895,2004
CR,Costa Rica,6545.73710003946,2003
CR,Costa Rica,6375.20422103903,2002
CR,Costa Rica,6274.31644926203,2001
CR,Costa Rica,6172.40871859972,2000
CR,Costa Rica,6062.26244630308,1999
CR,Costa Rica,5957.30027701254,1998
CR,Costa Rica,5696.76858478553,1997
CR,Costa Rica,5525.09753209666,1996
CR,Costa Rica,5591.19512718981,1995
CR,Costa Rica,5504.47854099706,1994
CR,Costa Rica,5403.26897953067,1993
CR,Costa Rica,5177.348545883,1992
CR,Costa Rica,4866.33346495194,1991
CR,Costa Rica,4884.60281408363,1990
CR,Costa Rica,4841.82856941024,1989
CR,Costa Rica,4703.04144567015,1988
CR,Costa Rica,4666.89329477503,1987
CR,Costa Rica,4572.91633357759,1986
CR,Costa Rica,4449.44883757602,1985
CR,Costa Rica,4537.76621257316,1984
CR,Costa Rica,4316.04670198147,1983
CR,Costa Rica,4311.76084662656,1982
CR,Costa Rica,4778.92270055992,1981
CR,Costa Rica,5023.73599042692,1980
CR,Costa Rica,5122.37026692554,1979
CR,Costa Rica,5013.85786251217,1978
CR,Costa Rica,4845.05750896201,1977
CR,Costa Rica,4566.79781364226,1976
CR,Costa Rica,4440.60859023171,1975
CR,Costa Rica,4459.90005359189,1974
CR,Costa Rica,4331.05284566329,1973
CR,Costa Rica,4121.0624525547,1972
CR,Costa Rica,3906.14275245872,1971
CR,Costa Rica,3754.57439771802,1970
CI,Cote d'Ivoire,1616.16929169734,2017
CI,Cote d'Ivoire,1539.31573513309,2016
CI,Cote d'Ivoire,1462.28392207852,2015
CI,Cote d'Ivoire,1377.79650318762,2014
CI,Cote d'Ivoire,1298.54481169143,2013
CI,Cote d'Ivoire,1222.43932259292,2012
CI,Cote d'Ivoire,1131.44456264863,2011
CI,Cote d'Ivoire,1211.93028525766,2010
CI,Cote d'Ivoire,1216.02151850721,2009
CI,Cote d'Ivoire,1204.9751626723,2008
CI,Cote d'Ivoire,1201.71660600267,2007
CI,Cote d'Ivoire,1207.08674607306,2006
CI,Cote d'Ivoire,1215.00171935047,2005
CI,Cote d'Ivoire,1219.96701655673,2004
CI,Cote d'Ivoire,1230.5187005844,2003
CI,Cote d'Ivoire,1274.12514980158,2002
CI,Cote d'Ivoire,1324.83505745406,2001
CI,Cote d'Ivoire,1355.26363888756,2000
CI,Cote d'Ivoire,1420.32206791985,1999
CI,Cote d'Ivoire,1437.44635815218,1998
CI,Cote d'Ivoire,1411.4353592844,1997
CI,Cote d'Ivoire,1403.69258303875,1996
CI,Cote d'Ivoire,1345.68316642101,1995
CI,Cote d'Ivoire,1298.63671215199,1994
CI,Cote d'Ivoire,1333.20375091707,1993
CI,Cote d'Ivoire,1383.65168051273,1992
CI,Cote d'Ivoire,1437.53475091462,1991
CI,Cote d'Ivoire,1489.66900635538,1990
CI,Cote d'Ivoire,1561.48966983125,1989
CI,Cote d'Ivoire,1572.51231301628,1988
CI,Cote d'Ivoire,1612.47569352539,1987
CI,Cote d'Ivoire,1679.49126929438,1986
CI,Cote d'Ivoire,1690.28445904482,1985
CI,Cote d'Ivoire,1683.34577885916,1984
CI,Cote d'Ivoire,1802.94910853762,1983
CI,Cote d'Ivoire,1957.44795916608,1982
CI,Cote d'Ivoire,2039.93973264409,1981
CI,Cote d'Ivoire,2059.27792522153,1980
CI,Cote d'Ivoire,2417.32888485695,1979
CI,Cote d'Ivoire,2468.60701386313,1978
CI,Cote d'Ivoire,2328.34794819754,1977
CI,Cote d'Ivoire,2270.65075545126,1976
CI,Cote d'Ivoire,2105.47758224245,1975
CI,Cote d'Ivoire,2037.461191316,1974
CI,Cote d'Ivoire,2046.48616881696,1973
CI,Cote d'Ivoire,2023.72379061808,1972
CI,Cote d'Ivoire,2031.56987381584,1971
CI,Cote d'Ivoire,1938.51254320334,1970
HR,Croatia,15331.9024818337,2017
HR,Croatia,14718.9331896949,2016
HR,Croatia,14117.2910112339,2015
HR,Croatia,13673.1910855488,2014
HR,Croatia,13629.5352207033,2013
HR,Croatia,13658.7955029354,2012
HR,Croatia,13937.7685994655,2011
HR,Croatia,13937.1422658809,2010
HR,Croatia,14113.4449175543,2009
HR,Croatia,15207.4720126421,2008
HR,Croatia,14902.1883598146,2007
HR,Croatia,14151.2303560564,2006
HR,Croatia,13497.5246952631,2005
HR,Croatia,12981.4312696391,2004
HR,Croatia,12495.8952402788,2003
HR,Croatia,11838.7126476264,2002
HR,Croatia,11254.4472767477,2001
HR,Croatia,10468.2322378263,2000
HR,Croatia,9988.64539189695,1999
HR,Croatia,10039.5039734808,1998
HR,Croatia,9849.94425153216,1997
HR,Croatia,9191.21024049168,1996
HR,Croatia,8563.04238974693,1995
HR,Croatia,NA,1994
HR,Croatia,NA,1993
HR,Croatia,NA,1992
HR,Croatia,NA,1991
HR,Croatia,NA,1990
HR,Croatia,NA,1989
HR,Croatia,NA,1988
HR,Croatia,NA,1987
HR,Croatia,NA,1986
HR,Croatia,NA,1985
HR,Croatia,NA,1984
HR,Croatia,NA,1983
HR,Croatia,NA,1982
HR,Croatia,NA,1981
HR,Croatia,NA,1980
HR,Croatia,NA,1979
HR,Croatia,NA,1978
HR,Croatia,NA,1977
HR,Croatia,NA,1976
HR,Croatia,NA,1975
HR,Croatia,NA,1974
HR,Croatia,NA,1973
HR,Croatia,NA,1972
HR,Croatia,NA,1971
HR,Croatia,NA,1970
CU,Cuba,6664.65830221734,2017
CU,Cuba,6550.27437297674,2016
CU,Cuba,6522.73679904185,2015
CU,Cuba,6255.42616104799,2014
CU,Cuba,6203.84326293832,2013
CU,Cuba,6051.68574614449,2012
CU,Cuba,5885.25462455411,2011
CU,Cuba,5730.35477459488,2010
CU,Cuba,5596.13968145983,2009
CU,Cuba,5511.04696456554,2008
CU,Cuba,5286.48019452478,2007
CU,Cuba,4924.1296085638,2006
CU,Cuba,4393.8300479724,2005
CU,Cuba,3955.16666643203,2004
CU,Cuba,3746.43781503043,2003
CU,Cuba,3619.05531013141,2002
CU,Cuba,3579.39547527961,2001
CU,Cuba,3480.83089218864,2000
CU,Cuba,3298.82676183545,1999
CU,Cuba,3119.50819843084,1998
CU,Cuba,3128.42705047639,1997
CU,Cuba,3057.74168498786,1996
CU,Cuba,2848.76772961857,1995
CU,Cuba,2793.21944957565,1994
CU,Cuba,2785.9718604522,1993
CU,Cuba,3289.05534390652,1992
CU,Cuba,3741.73672953076,1991
CU,Cuba,4219.99965173987,1990
CU,Cuba,4386.71378894023,1989
CU,Cuba,4401.69453823044,1988
CU,Cuba,4290.16173148069,1987
CU,Cuba,4440.10354964013,1986
CU,Cuba,4473.64937742446,1985
CU,Cuba,4432.42770357092,1984
CU,Cuba,4127.48657466916,1983
CU,Cuba,3931.74049214579,1982
CU,Cuba,3624.91669457963,1981
CU,Cuba,3043.82924172314,1980
CU,Cuba,3218.11000163516,1979
CU,Cuba,3205.33938193016,1978
CU,Cuba,3031.28228595681,1977
CU,Cuba,2815.26149259453,1976
CU,Cuba,2700.77531393749,1975
CU,Cuba,2500.20811976969,1974
CU,Cuba,2514.1739721754,1973
CU,Cuba,2472.02147317669,1972
CU,Cuba,2400.01770915603,1971
CU,Cuba,2249.7491088221,1970
CW,Curacao,NA,2017
CW,Curacao,NA,2016
CW,Curacao,NA,2015
CW,Curacao,NA,2014
CW,Curacao,NA,2013
CW,Curacao,NA,2012
CW,Curacao,NA,2011
CW,Curacao,NA,2010
CW,Curacao,NA,2009
CW,Curacao,NA,2008
CW,Curacao,NA,2007
CW,Curacao,NA,2006
CW,Curacao,NA,2005
CW,Curacao,NA,2004
CW,Curacao,NA,2003
CW,Curacao,NA,2002
CW,Curacao,NA,2001
CW,Curacao,NA,2000
CW,Curacao,NA,1999
CW,Curacao,NA,1998
CW,Curacao,NA,1997
CW,Curacao,NA,1996
CW,Curacao,NA,1995
CW,Curacao,NA,1994
CW,Curacao,NA,1993
CW,Curacao,NA,1992
CW,Curacao,NA,1991
CW,Curacao,NA,1990
CW,Curacao,NA,1989
CW,Curacao,NA,1988
CW,Curacao,NA,1987
CW,Curacao,NA,1986
CW,Curacao,NA,1985
CW,Curacao,NA,1984
CW,Curacao,NA,1983
CW,Curacao,NA,1982
CW,Curacao,NA,1981
CW,Curacao,NA,1980
CW,Curacao,NA,1979
CW,Curacao,NA,1978
CW,Curacao,NA,1977
CW,Curacao,NA,1976
CW,Curacao,NA,1975
CW,Curacao,NA,1974
CW,Curacao,NA,1973
CW,Curacao,NA,1972
CW,Curacao,NA,1971
CW,Curacao,NA,1970
CY,Cyprus,30100.1555860186,2017
CY,Cyprus,29081.816096969,2016
CY,Cyprus,27874.1583101339,2015
CY,Cyprus,27182.5024316368,2014
CY,Cyprus,27242.2283628513,2013
CY,Cyprus,28852.2015079526,2012
CY,Cyprus,30163.3139398774,2011
CY,Cyprus,30818.4799259532,2010
CY,Cyprus,31218.2070993334,2009
CY,Cyprus,32727.135332061,2008
CY,Cyprus,32378.570110512,2007
CY,Cyprus,31470.9246288539,2006
CY,Cyprus,30559.8462834406,2005
CY,Cyprus,29568.2018773167,2004
CY,Cyprus,28532.2486169351,2003
CY,Cyprus,28142.8629955747,2002
CY,Cyprus,27445.4612618691,2001
CY,Cyprus,26688.0290138294,2000
CY,Cyprus,25454.9484090259,1999
CY,Cyprus,24516.0844715012,1998
CY,Cyprus,23389.2430894556,1997
CY,Cyprus,23112.7503163861,1996
CY,Cyprus,23194.5078653539,1995
CY,Cyprus,21774.922547768,1994
CY,Cyprus,20991.4783788091,1993
CY,Cyprus,21355.075790782,1992
CY,Cyprus,20046.4749639874,1991
CY,Cyprus,20421.1505945601,1990
CY,Cyprus,19422.8234015497,1989
CY,Cyprus,18251.1865416049,1988
CY,Cyprus,16977.7238670902,1987
CY,Cyprus,16030.7439933307,1986
CY,Cyprus,15636.4846697457,1985
CY,Cyprus,15090.9124752791,1984
CY,Cyprus,14056.6579814247,1983
CY,Cyprus,13423.7234260943,1982
CY,Cyprus,12812.0124247599,1981
CY,Cyprus,12706.6960007687,1980
CY,Cyprus,12146.6573403071,1979
CY,Cyprus,11138.1686145893,1978
CY,Cyprus,10372.825491054,1977
CY,Cyprus,8915.34676013714,1976
CY,Cyprus,7353.17427309512,1975
CY,Cyprus,NA,1974
CY,Cyprus,NA,1973
CY,Cyprus,NA,1972
CY,Cyprus,NA,1971
CY,Cyprus,NA,1970
CZ,Czech Republic,22754.7526035585,2017
CZ,Czech Republic,21863.6416553161,2016
CZ,Czech Republic,21381.703080832,2015
CZ,Czech Republic,20343.6837534468,2014
CZ,Czech Republic,19826.7919430607,2013
CZ,Czech Republic,19929.7640673633,2012
CZ,Czech Republic,20118.5878140405,2011
CZ,Czech Republic,19808.0710912518,2010
CZ,Czech Republic,19424.2730588798,2009
CZ,Czech Republic,20520.7799619681,2008
CZ,Czech Republic,20151.1781213239,2007
CZ,Czech Republic,19193.7548219261,2006
CZ,Czech Republic,18011.386698787,2005
CZ,Czech Republic,16930.1897024746,2004
CZ,Czech Republic,16143.263640186,2003
CZ,Czech Republic,15577.3922047072,2002
CZ,Czech Republic,15294.6292874275,2001
CZ,Czech Republic,14806.5834697881,2000
CZ,Czech Republic,14160.9123751952,1999
CZ,Czech Republic,13946.6180704246,1998
CZ,Czech Republic,13979.3629745467,1997
CZ,Czech Republic,14047.8433198682,1996
CZ,Czech Republic,13462.9867988646,1995
CZ,Czech Republic,12666.6885060568,1994
CZ,Czech Republic,12313.0403168074,1993
CZ,Czech Republic,12318.2205105389,1992
CZ,Czech Republic,12393.6000763997,1991
CZ,Czech Republic,13988.6576013303,1990
CZ,Czech Republic,NA,1989
CZ,Czech Republic,NA,1988
CZ,Czech Republic,NA,1987
CZ,Czech Republic,NA,1986
CZ,Czech Republic,NA,1985
CZ,Czech Republic,NA,1984
CZ,Czech Republic,NA,1983
CZ,Czech Republic,NA,1982
CZ,Czech Republic,NA,1981
CZ,Czech Republic,NA,1980
CZ,Czech Republic,NA,1979
CZ,Czech Republic,NA,1978
CZ,Czech Republic,NA,1977
CZ,Czech Republic,NA,1976
CZ,Czech Republic,NA,1975
CZ,Czech Republic,NA,1974
CZ,Czech Republic,NA,1973
CZ,Czech Republic,NA,1972
CZ,Czech Republic,NA,1971
CZ,Czech Republic,NA,1970
DK,Denmark,62356.7517133375,2017
DK,Denmark,61370.7857055235,2016
DK,Denmark,60402.1332196008,2015
DK,Denmark,59437.9338973302,2014
DK,Denmark,58788.0817870167,2013
DK,Denmark,58487.7863650965,2012
DK,Denmark,58575.6189162915,2011
DK,Denmark,58041.4112245601,2010
DK,Denmark,57229.0516378881,2009
DK,Denmark,60504.7752990886,2008
DK,Denmark,61174.5451464235,2007
DK,Denmark,60892.7666094246,2006
DK,Denmark,58792.6713818243,2005
DK,Denmark,57608.7348945083,2004
DK,Denmark,56256.7676111391,2003
DK,Denmark,56190.8145223533,2002
DK,Denmark,56108.9627194633,2001
DK,Denmark,55850.6364296358,2000
DK,Denmark,54013.7779786091,1999
DK,Denmark,52640.9395201556,1998
DK,Denmark,51685.9805167323,1997
DK,Denmark,50262.2255029854,1996
DK,Denmark,49122.8819343921,1995
DK,Denmark,47928.3657984931,1994
DK,Denmark,45655.9186216693,1993
DK,Denmark,45803.4000912097,1992
DK,Denmark,45073.025211397,1991
DK,Denmark,44569.0111242296,1990
DK,Denmark,43992.4784272093,1989
DK,Denmark,43736.6807889816,1988
DK,Denmark,43763.9041090746,1987
DK,Denmark,43708.2546949267,1986
DK,Denmark,41720.6574119571,1985
DK,Denmark,40130.8556446144,1984
DK,Denmark,38505.6387639888,1983
DK,Denmark,37505.540682052,1982
DK,Denmark,36146.1325856468,1981
DK,Denmark,36378.1938203146,1980
DK,Denmark,36599.2293718218,1979
DK,Denmark,35322.5878820904,1978
DK,Denmark,34660.8123647392,1977
DK,Denmark,34130.5896631199,1976
DK,Denmark,32302.6882238218,1975
DK,Denmark,32874.7759712924,1974
DK,Denmark,33403.1163125138,1973
DK,Denmark,32284.274566081,1972
DK,Denmark,31241.8666254201,1971
DK,Denmark,30541.9261314246,1970
DJ,Djibouti,NA,2017
DJ,Djibouti,NA,2016
DJ,Djibouti,NA,2015
DJ,Djibouti,NA,2014
DJ,Djibouti,NA,2013
DJ,Djibouti,NA,2012
DJ,Djibouti,NA,2011
DJ,Djibouti,1343.26872994437,2010
DJ,Djibouti,NA,2009
DJ,Djibouti,NA,2008
DJ,Djibouti,NA,2007
DJ,Djibouti,NA,2006
DJ,Djibouti,NA,2005
DJ,Djibouti,NA,2004
DJ,Djibouti,NA,2003
DJ,Djibouti,NA,2002
DJ,Djibouti,NA,2001
DJ,Djibouti,NA,2000
DJ,Djibouti,NA,1999
DJ,Djibouti,NA,1998
DJ,Djibouti,NA,1997
DJ,Djibouti,NA,1996
DJ,Djibouti,NA,1995
DJ,Djibouti,NA,1994
DJ,Djibouti,NA,1993
DJ,Djibouti,NA,1992
DJ,Djibouti,NA,1991
DJ,Djibouti,NA,1990
DJ,Djibouti,NA,1989
DJ,Djibouti,NA,1988
DJ,Djibouti,NA,1987
DJ,Djibouti,NA,1986
DJ,Djibouti,NA,1985
DJ,Djibouti,NA,1984
DJ,Djibouti,NA,1983
DJ,Djibouti,NA,1982
DJ,Djibouti,NA,1981
DJ,Djibouti,NA,1980
DJ,Djibouti,NA,1979
DJ,Djibouti,NA,1978
DJ,Djibouti,NA,1977
DJ,Djibouti,NA,1976
DJ,Djibouti,NA,1975
DJ,Djibouti,NA,1974
DJ,Djibouti,NA,1973
DJ,Djibouti,NA,1972
DJ,Djibouti,NA,1971
DJ,Djibouti,NA,1970
DM,Dominica,6397.83468953572,2017
DM,Dominica,7086.78212998457,2016
DM,Dominica,6924.48811325311,2015
DM,Dominica,7115.5158760137,2014
DM,Dominica,6822.97606623685,2013
DM,Dominica,6869.62567862633,2012
DM,Dominica,6947.93586307906,2011
DM,Dominica,6967.24531354346,2010
DM,Dominica,6923.33795591502,2009
DM,Dominica,7007.65651894747,2008
DM,Dominica,6544.78667771128,2007
DM,Dominica,6160.49012704066,2006
DM,Dominica,5897.02030796361,2005
DM,Dominica,5875.80501451071,2004
DM,Dominica,5724.79629036403,2003
DM,Dominica,5403.07674589887,2002
DM,Dominica,5574.4213429445,2001
DM,Dominica,5578.80534117835,2000
DM,Dominica,5436.83144546702,1999
DM,Dominica,5390.59417714047,1998
DM,Dominica,5164.09799323213,1997
DM,Dominica,5029.65163585983,1996
DM,Dominica,4867.07245123873,1995
DM,Dominica,4727.58656892178,1994
DM,Dominica,4740.12473385013,1993
DM,Dominica,4658.68245944882,1992
DM,Dominica,4577.02335024058,1991
DM,Dominica,4513.32778867403,1990
DM,Dominica,4262.93388227662,1989
DM,Dominica,4242.00692502352,1988
DM,Dominica,3899.74331417667,1987
DM,Dominica,3633.41195683938,1986
DM,Dominica,3362.41915044199,1985
DM,Dominica,3286.13107105373,1984
DM,Dominica,3127.01783585329,1983
DM,Dominica,3027.9344125213,1982
DM,Dominica,2896.08971256542,1981
DM,Dominica,2612.93415637844,1980
DM,Dominica,2315.55408610704,1979
DM,Dominica,2861.89344421821,1978
DM,Dominica,2618.86629983226,1977
DM,Dominica,NA,1976
DM,Dominica,NA,1975
DM,Dominica,NA,1974
DM,Dominica,NA,1973
DM,Dominica,NA,1972
DM,Dominica,NA,1971
DM,Dominica,NA,1970
DO,Dominican Republic,7325.80848196729,2017
DO,Dominican Republic,7084.62685263117,2016
DO,Dominican Republic,6720.24393838456,2015
DO,Dominican Republic,6350.60248565866,2014
DO,Dominican Republic,5968.74369922888,2013
DO,Dominican Republic,5758.51265445784,2012
DO,Dominican Republic,5673.41353482329,2011
DO,Dominican Republic,5568.04667607763,2010
DO,Dominican Republic,5202.96743400336,2009
DO,Dominican Republic,5218.86583977233,2008
DO,Dominican Republic,5121.12389459394,2007
DO,Dominican Republic,4829.71374282392,2006
DO,Dominican Republic,4482.90270530421,2005
DO,Dominican Republic,4152.72165908727,2004
DO,Dominican Republic,4105.4486491983,2003
DO,Dominican Republic,4221.23244434778,2002
DO,Dominican Republic,4099.01702124697,2001
DO,Dominican Republic,4060.72966792324,2000
DO,Dominican Republic,3939.40107525447,1999
DO,Dominican Republic,3776.85039546783,1998
DO,Dominican Republic,3596.13089659062,1997
DO,Dominican Republic,3357.34902268692,1996
DO,Dominican Republic,3222.06722566143,1995
DO,Dominican Republic,3102.51301492287,1994
DO,Dominican Republic,3078.87530549518,1993
DO,Dominican Republic,2921.149376585,1992
DO,Dominican Republic,2676.26683869378,1991
DO,Dominican Republic,2702.12134362635,1990
DO,Dominican Republic,2913.38873139516,1989
DO,Dominican Republic,2845.25227123597,1988
DO,Dominican Republic,2840.45700073843,1987
DO,Dominican Republic,2631.4744490852,1986
DO,Dominican Republic,2594.14221699928,1985
DO,Dominican Republic,2705.84604337233,1984
DO,Dominican Republic,2729.3071040887,1983
DO,Dominican Republic,2665.28427472596,1982
DO,Dominican Republic,2678.9831045618,1981
DO,Dominican Republic,2627.45203815802,1980
DO,Dominican Republic,2490.2218116443,1979
DO,Dominican Republic,2439.12650188144,1978
DO,Dominican Republic,2446.33908885015,1977
DO,Dominican Republic,2388.43474565106,1976
DO,Dominican Republic,2294.90983614474,1975
DO,Dominican Republic,2238.36948955841,1974
DO,Dominican Republic,2167.7149327282,1973
DO,Dominican Republic,1972.18988983322,1972
DO,Dominican Republic,1836.01339213166,1971
DO,Dominican Republic,1702.90246468866,1970
EC,Ecuador,5205.76302016859,2017
EC,Ecuador,5176.05880316013,2016
EC,Ecuador,5330.53915447542,2015
EC,Ecuador,5412.13164601881,2014
EC,Ecuador,5295.68269596129,2013
EC,Ecuador,5122.18009020886,2012
EC,Ecuador,4921.84840912018,2011
EC,Ecuador,4633.59035839904,2010
EC,Ecuador,4547.50930098406,2009
EC,Ecuador,4596.14518230386,2008
EC,Ecuador,4393.72410498858,2007
EC,Ecuador,4372.09178155921,2006
EC,Ecuador,4258.42152292683,2005
EC,Ecuador,4112.67480536738,2004
EC,Ecuador,3865.05278513858,2003
EC,Ecuador,3827.36050163303,2002
EC,Ecuador,3741.86952355613,2001
EC,Ecuador,3663.66368711055,2000
EC,Ecuador,3693.71326543515,1999
EC,Ecuador,3954.9354359183,1998
EC,Ecuador,3908.98280326288,1997
EC,Ecuador,3826.3126222704,1996
EC,Ecuador,3842.59647510637,1995
EC,Ecuador,3840.83194044167,1994
EC,Ecuador,3766.8158712702502,1993
EC,Ecuador,3778.49606915307,1992
EC,Ecuador,3786.35182184573,1991
EC,Ecuador,3716.26570153702,1990
EC,Ecuador,3670.12314624159,1989
EC,Ecuador,3721.58672221024,1988
EC,Ecuador,3600.64025551053,1987
EC,Ecuador,3699.3011369804,1986
EC,Ecuador,3664.69263354789,1985
EC,Ecuador,3614.7174119744,1984
EC,Ecuador,3611.63354893433,1983
EC,Ecuador,3716.57546148438,1982
EC,Ecuador,3789.27625744308,1981
EC,Ecuador,3681.51347180421,1980
EC,Ecuador,3643.40091386312,1979
EC,Ecuador,3605.69079026684,1978
EC,Ecuador,3502.78915956716,1977
EC,Ecuador,3541.43966640012,1976
EC,Ecuador,3388.72065830347,1975
EC,Ecuador,3139.42257005476,1974
EC,Ecuador,2903.4246535403,1973
EC,Ecuador,2621.46548717609,1972
EC,Ecuador,2568.91863956243,1971
EC,Ecuador,2487.73327830352,1970
EG,"Egypt, Arab Rep.",2817.32022568546,2017
EG,"Egypt, Arab Rep.",2761.38619831262,2016
EG,"Egypt, Arab Rep.",2703.7420921544,2015
EG,"Egypt, Arab Rep.",2648.29416934637,2014
EG,"Egypt, Arab Rep.",2632.05823308547,2013
EG,"Egypt, Arab Rep.",2634.85005241012,2012
EG,"Egypt, Arab Rep.",2635.19156361373,2011
EG,"Egypt, Arab Rep.",2644.81703909751,2010
EG,"Egypt, Arab Rep.",2565.7691647904,2009
EG,"Egypt, Arab Rep.",2497.34022166258,2008
EG,"Egypt, Arab Rep.",2372.38301037958,2007
EG,"Egypt, Arab Rep.",2254.51045943922,2006
EG,"Egypt, Arab Rep.",2147.81981112009,2005
EG,"Egypt, Arab Rep.",2093.34632990987,2004
EG,"Egypt, Arab Rep.",2048.22100369217,2003
EG,"Egypt, Arab Rep.",2022.07153556091,2002
EG,"Egypt, Arab Rep.",2012.37605435222,2001
EG,"Egypt, Arab Rep.",1980.96784653019,2000
EG,"Egypt, Arab Rep.",1898.63637393864,1999
EG,"Egypt, Arab Rep.",1825.83429887674,1998
EG,"Egypt, Arab Rep.",1764.26984978532,1997
EG,"Egypt, Arab Rep.",1706.35250040412,1996
EG,"Egypt, Arab Rep.",1658.32280905522,1995
EG,"Egypt, Arab Rep.",1616.86957052932,1994
EG,"Egypt, Arab Rep.",1586.64041974427,1993
EG,"Egypt, Arab Rep.",1573.81565720366,1992
EG,"Egypt, Arab Rep.",1539.02364358755,1991
EG,"Egypt, Arab Rep.",1556.87214114058,1990
EG,"Egypt, Arab Rep.",1509.56646143366,1989
EG,"Egypt, Arab Rep.",1476.20310064024,1988
EG,"Egypt, Arab Rep.",1437.65280184436,1987
EG,"Egypt, Arab Rep.",1422.60046151836,1986
EG,"Egypt, Arab Rep.",1395.20846853767,1985
EG,"Egypt, Arab Rep.",1354.29760179967,1984
EG,"Egypt, Arab Rep.",1266.78794141816,1983
EG,"Egypt, Arab Rep.",1236.85234316467,1982
EG,"Egypt, Arab Rep.",1154.23453240803,1981
EG,"Egypt, Arab Rep.",1102.30849067397,1980
EG,"Egypt, Arab Rep.",1026.68835362323,1979
EG,"Egypt, Arab Rep.",1005.62315140054,1978
EG,"Egypt, Arab Rep.",947.461213935114,1977
EG,"Egypt, Arab Rep.",889.200941095374,1976
EG,"Egypt, Arab Rep.",802.749129485645,1975
EG,"Egypt, Arab Rep.",753.31290708198,1974
EG,"Egypt, Arab Rep.",758.065319510123,1973
EG,"Egypt, Arab Rep.",748.486957594695,1972
EG,"Egypt, Arab Rep.",742.557829547319,1971
EG,"Egypt, Arab Rep.",730.10502410555,1970
SV,El Salvador,3441.95167510727,2017
SV,El Salvador,3381.23205151468,2016
SV,El Salvador,3314.6992214788,2015
SV,El Salvador,3252.5930546868,2014
SV,El Salvador,3212.69854910195,2013
SV,El Salvador,3156.62432522619,2012
SV,El Salvador,3083.73657979219,2011
SV,El Salvador,2983.22977097694,2010
SV,El Salvador,2921.54228541221,2009
SV,El Salvador,2996.31821045176,2008
SV,El Salvador,2946.37857303193,2007
SV,El Salvador,2905.12647744777,2006
SV,El Salvador,2796.75911914817,2005
SV,El Salvador,2735.83851264425,2004
SV,El Salvador,2725.12836024829,2003
SV,El Salvador,2697.58519829929,2002
SV,El Salvador,2671.34380873182,2001
SV,El Salvador,2665.68324042846,2000
SV,El Salvador,2655.43377680167,1999
SV,El Salvador,2620.38351810777,1998
SV,El Salvador,2575.50126974779,1997
SV,El Salvador,2521.94436739718,1996
SV,El Salvador,2528.75030700411,1995
SV,El Salvador,2443.3743229483,1994
SV,El Salvador,2364.28748625061,1993
SV,El Salvador,2264.85909426406,1992
SV,El Salvador,2145.69873331192,1991
SV,El Salvador,2143.0371306733,1990
SV,El Salvador,2071.5773426711,1989
SV,El Salvador,2078.74661231547,1988
SV,El Salvador,2066.90719875817,1987
SV,El Salvador,2042.50726729993,1986
SV,El Salvador,2065.70626439979,1985
SV,El Salvador,2080.76889696732,1984
SV,El Salvador,2081.56380227129,1983
SV,El Salvador,2079.38288925323,1982
SV,El Salvador,2253.04601594422,1981
SV,El Salvador,2557.21744580002,1980
SV,El Salvador,2949.80011050125,1979
SV,El Salvador,3137.22186046,1978
SV,El Salvador,3039.24154764271,1977
SV,El Salvador,2907.21302296331,1976
SV,El Salvador,2829.29749804977,1975
SV,El Salvador,2812.86522338109,1974
SV,El Salvador,2735.03391070941,1973
SV,El Salvador,2673.62370451151,1972
SV,El Salvador,2584.48408528831,1971
SV,El Salvador,2554.18299119942,1970
GQ,Equatorial Guinea,11331.1527952619,2017
GQ,Equatorial Guinea,12346.2595573481,2016
GQ,Equatorial Guinea,14080.0765773426,2015
GQ,Equatorial Guinea,16130.336367463,2014
GQ,Equatorial Guinea,16748.0899969708,2013
GQ,Equatorial Guinea,18236.3058918906,2012
GQ,Equatorial Guinea,17593.1435205546,2011
GQ,Equatorial Guinea,17272.0097706819,2010
GQ,Equatorial Guinea,19848.7072187909,2009
GQ,Equatorial Guinea,20512.9407227592,2008
GQ,Equatorial Guinea,18243.2387488032,2007
GQ,Equatorial Guinea,16575.0822715397,2006
GQ,Equatorial Guinea,16107.1601253669,2005
GQ,Equatorial Guinea,14423.497197046,2004
GQ,Equatorial Guinea,10912.8824970404,2003
GQ,Equatorial Guinea,9987.80720382938,2002
GQ,Equatorial Guinea,8714.23171958392,2001
GQ,Equatorial Guinea,5557.96394160947,2000
GQ,Equatorial Guinea,4898.9004916368,1999
GQ,Equatorial Guinea,4060.89771600512,1998
GQ,Equatorial Guinea,3415.62783002195,1997
GQ,Equatorial Guinea,1420.98302290724,1996
GQ,Equatorial Guinea,885.805529427371,1995
GQ,Equatorial Guinea,781.772786774992,1994
GQ,Equatorial Guinea,693.920440161349,1993
GQ,Equatorial Guinea,646.44450840235,1992
GQ,Equatorial Guinea,495.727502535676,1991
GQ,Equatorial Guinea,517.174351046068,1990
GQ,Equatorial Guinea,542.703199881665,1989
GQ,Equatorial Guinea,565.676629717272,1988
GQ,Equatorial Guinea,568.282137358741,1987
GQ,Equatorial Guinea,564.721734755077,1986
GQ,Equatorial Guinea,605.9558713311,1985
GQ,Equatorial Guinea,569.985370697349,1984
GQ,Equatorial Guinea,607.021341996393,1983
GQ,Equatorial Guinea,625.974918181695,1982
GQ,Equatorial Guinea,659.418072050074,1981
GQ,Equatorial Guinea,659.481794210703,1980
GQ,Equatorial Guinea,NA,1979
GQ,Equatorial Guinea,NA,1978
GQ,Equatorial Guinea,NA,1977
GQ,Equatorial Guinea,NA,1976
GQ,Equatorial Guinea,NA,1975
GQ,Equatorial Guinea,NA,1974
GQ,Equatorial Guinea,NA,1973
GQ,Equatorial Guinea,NA,1972
GQ,Equatorial Guinea,NA,1971
GQ,Equatorial Guinea,NA,1970
ER,Eritrea,NA,2017
ER,Eritrea,NA,2016
ER,Eritrea,NA,2015
ER,Eritrea,NA,2014
ER,Eritrea,NA,2013
ER,Eritrea,NA,2012
ER,Eritrea,715.87254227157,2011
ER,Eritrea,667.744177753249,2010
ER,Eritrea,663.986573441535,2009
ER,Eritrea,651.133110889304,2008
ER,Eritrea,737.696468851061,2007
ER,Eritrea,746.841751462486,2006
ER,Eritrea,778.575535620435,2005
ER,Eritrea,788.85562990919,2004
ER,Eritrea,813.091934348835,2003
ER,Eritrea,875.643305836015,2002
ER,Eritrea,888.160096232951,2001
ER,Eritrea,845.979094703422,2000
ER,Eritrea,894.896680071059,1999
ER,Eritrea,907.336566558827,1998
ER,Eritrea,896.103607266269,1997
ER,Eritrea,829.941871164636,1996
ER,Eritrea,756.937207513389,1995
ER,Eritrea,731.189221536619,1994
ER,Eritrea,597.743181589472,1993
ER,Eritrea,522.428927453385,1992
ER,Eritrea,NA,1991
ER,Eritrea,NA,1990
ER,Eritrea,NA,1989
ER,Eritrea,NA,1988
ER,Eritrea,NA,1987
ER,Eritrea,NA,1986
ER,Eritrea,NA,1985
ER,Eritrea,NA,1984
ER,Eritrea,NA,1983
ER,Eritrea,NA,1982
ER,Eritrea,NA,1981
ER,Eritrea,NA,1980
ER,Eritrea,NA,1979
ER,Eritrea,NA,1978
ER,Eritrea,NA,1977
ER,Eritrea,NA,1976
ER,Eritrea,NA,1975
ER,Eritrea,NA,1974
ER,Eritrea,NA,1973
ER,Eritrea,NA,1972
ER,Eritrea,NA,1971
ER,Eritrea,NA,1970
EE,Estonia,19257.476165889,2017
EE,Estonia,18387.7690698739,2016
EE,Estonia,17773.0055158794,2015
EE,Estonia,17453.0029161383,2014
EE,Estonia,16918.5871147773,2013
EE,Estonia,16538.2125958308,2012
EE,Estonia,15798.6327787681,2011
EE,Estonia,14638.6048173457,2010
EE,Estonia,14282.6034990097,2009
EE,Estonia,16716.5031632479,2008
EE,Estonia,17627.0297205183,2007
EE,Estonia,16285.0067216,2006
EE,Estonia,14681.2253747477,2005
EE,Estonia,13346.3983138309,2004
EE,Estonia,12481.1896137323,2003
EE,Estonia,11546.7726523663,2002
EE,Estonia,10816.6031531195,2001
EE,Estonia,10108.2052912574,2000
EE,Estonia,9186.39295449766,1999
EE,Estonia,9293.07550974244,1998
EE,Estonia,8840.2610569351309,1997
EE,Estonia,7817.60463830299,1996
EE,Estonia,7313.74090418016,1995
EE,Estonia,6873.19262954777,1994
EE,Estonia,6840.10750538381,1993
EE,Estonia,NA,1992
EE,Estonia,NA,1991
EE,Estonia,NA,1990
EE,Estonia,NA,1989
EE,Estonia,NA,1988
EE,Estonia,NA,1987
EE,Estonia,NA,1986
EE,Estonia,NA,1985
EE,Estonia,NA,1984
EE,Estonia,NA,1983
EE,Estonia,NA,1982
EE,Estonia,NA,1981
EE,Estonia,NA,1980
EE,Estonia,NA,1979
EE,Estonia,NA,1978
EE,Estonia,NA,1977
EE,Estonia,NA,1976
EE,Estonia,NA,1975
EE,Estonia,NA,1974
EE,Estonia,NA,1973
EE,Estonia,NA,1972
EE,Estonia,NA,1971
EE,Estonia,NA,1970
SZ,Eswatini,4838.84410424584,2017
SZ,Eswatini,4795.79389128439,2016
SZ,Eswatini,4687.90523831464,2015
SZ,Eswatini,4708.11888116367,2014
SZ,Eswatini,4653.69939382694,2013
SZ,Eswatini,4403.5068682471,2012
SZ,Eswatini,4233.57509298305,2011
SZ,Eswatini,4168.50506162166,2010
SZ,Eswatini,4044.13290072096,2009
SZ,Eswatini,4010.34200461761,2008
SZ,Eswatini,4005.48140263273,2007
SZ,Eswatini,3859.65198294914,2006
SZ,Eswatini,3660.92985788084,2005
SZ,Eswatini,3468.19445470699,2004
SZ,Eswatini,3358.30613200056,2003
SZ,Eswatini,3244.73839805638,2002
SZ,Eswatini,3125.29382787028,2001
SZ,Eswatini,3117.81625512414,2000
SZ,Eswatini,3098.79686280566,1999
SZ,Eswatini,3053.56309481733,1998
SZ,Eswatini,3027.00969639072,1997
SZ,Eswatini,2991.55150574964,1996
SZ,Eswatini,2938.88902336723,1995
SZ,Eswatini,2862.96999299844,1994
SZ,Eswatini,2858.56986277252,1993
SZ,Eswatini,2838.68991866911,1992
SZ,Eswatini,2820.6563447751,1991
SZ,Eswatini,2848.86067014861,1990
SZ,Eswatini,2424.57806540901,1989
SZ,Eswatini,2215.98838867142,1988
SZ,Eswatini,2149.19400226659,1987
SZ,Eswatini,1940.16585857762,1986
SZ,Eswatini,1788.81396276668,1985
SZ,Eswatini,1784.30427385914,1984
SZ,Eswatini,1740.34020786833,1983
SZ,Eswatini,1780.56357240141,1982
SZ,Eswatini,1821.92302388831,1981
SZ,Eswatini,1644.71587103467,1980
SZ,Eswatini,1512.92847899261,1979
SZ,Eswatini,1516.76403295106,1978
SZ,Eswatini,1546.21553201216,1977
SZ,Eswatini,1580.22589397618,1976
SZ,Eswatini,1665.59989614936,1975
SZ,Eswatini,1507.51604575977,1974
SZ,Eswatini,1468.62580135184,1973
SZ,Eswatini,1386.98282378204,1972
SZ,Eswatini,1354.32585300978,1971
SZ,Eswatini,1225.81353826732,1970
ET,Ethiopia,548.117495566997,2017
ET,Ethiopia,514.057306751986,2016
ET,Ethiopia,482.639066335501,2015
ET,Ethiopia,449.420377149128,2014
ET,Ethiopia,419.183860251535,2013
ET,Ethiopia,389.938966721631,2012
ET,Ethiopia,369.202407829027,2011
ET,Ethiopia,341.554114905179,2010
ET,Ethiopia,312.033849443538,2009
ET,Ethiopia,294.805427784673,2008
ET,Ethiopia,273.492119814399,2007
ET,Ethiopia,252.212288224834,2006
ET,Ethiopia,233.944190480862,2005
ET,Ethiopia,215.154562212426,2004
ET,Ethiopia,194.873070098516,2003
ET,Ethiopia,204.938205916459,2002
ET,Ethiopia,207.752705244742,2001
ET,Ethiopia,197.432305149369,2000
ET,Ethiopia,191.571880199971,1999
ET,Ethiopia,187.516734052349,1998
ET,Ethiopia,200.026554690016,1997
ET,Ethiopia,199.922992257154,1996
ET,Ethiopia,183.54790306594,1995
ET,Ethiopia,178.801689835481,1994
ET,Ethiopia,179.404208919047,1993
ET,Ethiopia,164.336602268298,1992
ET,Ethiopia,186.52026948541,1991
ET,Ethiopia,208.079381572326,1990
ET,Ethiopia,209.628901420114,1989
ET,Ethiopia,217.51045149389,1988
ET,Ethiopia,223.552816149266,1987
ET,Ethiopia,202.72070217538,1986
ET,Ethiopia,190.833427579237,1985
ET,Ethiopia,221.737662503603,1984
ET,Ethiopia,235.608011906384,1983
ET,Ethiopia,224.433407527427,1982
ET,Ethiopia,228.642809542016,1981
ET,Ethiopia,NA,1980
ET,Ethiopia,NA,1979
ET,Ethiopia,NA,1978
ET,Ethiopia,NA,1977
ET,Ethiopia,NA,1976
ET,Ethiopia,NA,1975
ET,Ethiopia,NA,1974
ET,Ethiopia,NA,1973
ET,Ethiopia,NA,1972
ET,Ethiopia,NA,1971
ET,Ethiopia,NA,1970
FO,Faroe Islands,NA,2017
FO,Faroe Islands,NA,2016
FO,Faroe Islands,NA,2015
FO,Faroe Islands,NA,2014
FO,Faroe Islands,NA,2013
FO,Faroe Islands,NA,2012
FO,Faroe Islands,NA,2011
FO,Faroe Islands,48530.2338492813,2010
FO,Faroe Islands,NA,2009
FO,Faroe Islands,NA,2008
FO,Faroe Islands,NA,2007
FO,Faroe Islands,NA,2006
FO,Faroe Islands,NA,2005
FO,Faroe Islands,NA,2004
FO,Faroe Islands,NA,2003
FO,Faroe Islands,NA,2002
FO,Faroe Islands,NA,2001
FO,Faroe Islands,NA,2000
FO,Faroe Islands,NA,1999
FO,Faroe Islands,NA,1998
FO,Faroe Islands,NA,1997
FO,Faroe Islands,NA,1996
FO,Faroe Islands,NA,1995
FO,Faroe Islands,NA,1994
FO,Faroe Islands,NA,1993
FO,Faroe Islands,NA,1992
FO,Faroe Islands,NA,1991
FO,Faroe Islands,NA,1990
FO,Faroe Islands,NA,1989
FO,Faroe Islands,NA,1988
FO,Faroe Islands,NA,1987
FO,Faroe Islands,NA,1986
FO,Faroe Islands,NA,1985
FO,Faroe Islands,NA,1984
FO,Faroe Islands,NA,1983
FO,Faroe Islands,NA,1982
FO,Faroe Islands,NA,1981
FO,Faroe Islands,NA,1980
FO,Faroe Islands,NA,1979
FO,Faroe Islands,NA,1978
FO,Faroe Islands,NA,1977
FO,Faroe Islands,NA,1976
FO,Faroe Islands,NA,1975
FO,Faroe Islands,NA,1974
FO,Faroe Islands,NA,1973
FO,Faroe Islands,NA,1972
FO,Faroe Islands,NA,1971
FO,Faroe Islands,NA,1970
FJ,Fiji,4658.93258137235,2017
FJ,Fiji,4455.18755935348,2016
FJ,Fiji,4359.22014939828,2015
FJ,Fiji,4175.42402889772,2014
FJ,Fiji,3957.72817358072,2013
FJ,Fiji,3781.18451281074,2012
FJ,Fiji,3735.55831321832,2011
FJ,Fiji,3652.52743714193,2010
FJ,Fiji,3573.39256240052,2009
FJ,Fiji,3659.09210791941,2008
FJ,Fiji,3661.4087598366,2007
FJ,Fiji,3729.93432250334,2006
FJ,Fiji,3690.02376861496,2005
FJ,Fiji,3681.14791215705,2004
FJ,Fiji,3503.50916646384,2003
FJ,Fiji,3472.30575653426,2002
FJ,Fiji,3370.14362175203,2001
FJ,Fiji,3315.95448367946,2000
FJ,Fiji,3392.97631377929,1999
FJ,Fiji,3142.49797949748,1998
FJ,Fiji,3131.20989905998,1997
FJ,Fiji,3235.72852302376,1996
FJ,Fiji,3123.20740481367,1995
FJ,Fiji,3086.09815629558,1994
FJ,Fiji,2977.75101048234,1993
FJ,Fiji,2956.74563159894,1992
FJ,Fiji,2821.11621017379,1991
FJ,Fiji,2926.57253136991,1990
FJ,Fiji,2781.32636369518,1989
FJ,Fiji,2594.71681886817,1988
FJ,Fiji,2574.23674289913,1987
FJ,Fiji,2768.64530574747,1986
FJ,Fiji,2594.28966662772,1985
FJ,Fiji,2763.60880647734,1984
FJ,Fiji,2605.35720240973,1983
FJ,Fiji,2782.67684509878,1982
FJ,Fiji,3038.07856821999,1981
FJ,Fiji,2927.88883152887,1980
FJ,Fiji,3041.29016307068,1979
FJ,Fiji,2764.26154250057,1978
FJ,Fiji,2763.98188746638,1977
FJ,Fiji,2657.59547129808,1976
FJ,Fiji,2635.85378934915,1975
FJ,Fiji,2673.93974392643,1974
FJ,Fiji,2659.18640062191,1973
FJ,Fiji,2432.07745640481,1972
FJ,Fiji,2310.41449529162,1971
FJ,Fiji,2207.48643384731,1970
FI,Finland,47558.888476066,2017
FI,Finland,46438.8227423128,2016
FI,Finland,45316.3542706583,2015
FI,Finland,45239.3688031623,2014
FI,Finland,45715.6468163534,2013
FI,Finland,46277.5562828706,2012
FI,Finland,47171.0220648002,2011
FI,Finland,46202.4151628454,2010
FI,Finland,45065.7534943592,2009
FI,Finland,49363.6971964824,2008
FI,Finland,49239.1939572439,2007
FI,Finland,47011.657598012,2006
FI,Finland,45353.2599997077,2005
FI,Finland,44277.8427026504,2004
FI,Finland,42729.0244671581,2003
FI,Finland,41993.6890221885,2002
FI,Finland,41399.9435810574,2001
FI,Finland,40450.3733748937,2000
FI,Finland,38372.2220413352,1999
FI,Finland,36824.847965247,1998
FI,Finland,35021.5866269695,1997
FI,Finland,33059.0966943048,1996
FI,Finland,31997.004165002,1995
FI,Finland,30822.6083597141,1994
FI,Finland,29782.5435266688,1993
FI,Finland,30148.4350073736,1992
FI,Finland,31360.954387065,1991
FI,Finland,33514.9230312744,1990
FI,Finland,33437.8844069668,1989
FI,Finland,31934.1075100946,1988
FI,Finland,30441.1315800312,1987
FI,Finland,29478.4277861699,1986
FI,Finland,28789.4867096145,1985
FI,Finland,27922.2839315644,1984
FI,Finland,27197.7146200217,1983
FI,Finland,26532.2091838819,1982
FI,Finland,25882.2072097247,1981
FI,Finland,25660.5878865097,1980
FI,Finland,24424.2996337101,1979
FI,Finland,22858.8148888497,1978
FI,Finland,22274.2003438967,1977
FI,Finland,22283.2264036494,1976
FI,Finland,22273.7930840788,1975
FI,Finland,21976.2295032349,1974
FI,Finland,21399.0003808903,1973
FI,Finland,20116.0057692322,1972
FI,Finland,18783.1262896109,1971
FI,Finland,18373.79065166,1970
FR,France,43001.5912851838,2017
FR,France,42054.5312580687,2016
FR,France,41765.2440265444,2015
FR,France,41478.2469655007,2014
FR,France,41282.9908070269,2013
FR,France,41258.2747353878,2012
FR,France,41329.035368916,2011
FR,France,40638.33400426,2010
FR,France,40058.6797571015,2009
FR,France,41456.4834257339,2008
FR,France,41582.7997160453,2007
FR,France,40850.3555428927,2006
FR,France,40152.6928729541,2005
FR,France,39794.6355110844,2004
FR,France,38985.5358605545,2003
FR,France,38942.2812136435,2002
FR,France,38786.0858009267,2001
FR,France,38309.4427405716,2000
FR,France,37116.410797041,1999
FR,France,36073.6365822802,1998
FR,France,34952.5216196362,1997
FR,France,34275.6054057119,1996
FR,France,33917.9262091727,1995
FR,France,33338.3390647729,1994
FR,France,32691.6843267723,1993
FR,France,33041.3621138094,1992
FR,France,32683.3477082852,1991
FR,France,32524.0587566986,1990
FR,France,31761.2475212295,1989
FR,France,30604.4040261315,1988
FR,France,29383.9601242287,1987
FR,France,28814.1742519174,1986
FR,France,28315.8305125277,1985
FR,France,28020.4618852072,1984
FR,France,27757.2898547604,1983
FR,France,27567.0791373818,1982
FR,France,27033.3343785272,1981
FR,France,26877.7233916653,1980
FR,France,26577.7479383013,1979
FR,France,25772.3034605628,1978
FR,France,24888.1763225883,1977
FR,France,24164.7253937232,1976
FR,France,23279.8060309107,1975
FR,France,23654.1845528499,1974
FR,France,22842.6736415527,1973
FR,France,21648.5522659873,1972
FR,France,20880.893341792,1971
FR,France,19984.5896053597,1970
PF,French Polynesia,NA,2017
PF,French Polynesia,NA,2016
PF,French Polynesia,NA,2015
PF,French Polynesia,NA,2014
PF,French Polynesia,NA,2013
PF,French Polynesia,NA,2012
PF,French Polynesia,NA,2011
PF,French Polynesia,NA,2010
PF,French Polynesia,NA,2009
PF,French Polynesia,NA,2008
PF,French Polynesia,NA,2007
PF,French Polynesia,NA,2006
PF,French Polynesia,NA,2005
PF,French Polynesia,NA,2004
PF,French Polynesia,NA,2003
PF,French Polynesia,NA,2002
PF,French Polynesia,NA,2001
PF,French Polynesia,NA,2000
PF,French Polynesia,NA,1999
PF,French Polynesia,NA,1998
PF,French Polynesia,NA,1997
PF,French Polynesia,NA,1996
PF,French Polynesia,NA,1995
PF,French Polynesia,NA,1994
PF,French Polynesia,NA,1993
PF,French Polynesia,NA,1992
PF,French Polynesia,NA,1991
PF,French Polynesia,NA,1990
PF,French Polynesia,NA,1989
PF,French Polynesia,NA,1988
PF,French Polynesia,NA,1987
PF,French Polynesia,NA,1986
PF,French Polynesia,NA,1985
PF,French Polynesia,NA,1984
PF,French Polynesia,NA,1983
PF,French Polynesia,NA,1982
PF,French Polynesia,NA,1981
PF,French Polynesia,NA,1980
PF,French Polynesia,NA,1979
PF,French Polynesia,NA,1978
PF,French Polynesia,NA,1977
PF,French Polynesia,NA,1976
PF,French Polynesia,NA,1975
PF,French Polynesia,NA,1974
PF,French Polynesia,NA,1973
PF,French Polynesia,NA,1972
PF,French Polynesia,NA,1971
PF,French Polynesia,NA,1970
GA,Gabon,9203.99356108556,2017
GA,Gabon,9419.85671206659,2016
GA,Gabon,9512.00905238808,2015
GA,Gabon,9467.36378585918,2014
GA,Gabon,9409.04068232735,2013
GA,Gabon,9249.85820953921,2012
GA,Gabon,9127.70996825147,2011
GA,Gabon,8840.73066379785,2010
GA,Gabon,8545.94605301081,2009
GA,Gabon,8818.02391227421,2008
GA,Gabon,9404.40830039937,2007
GA,Gabon,9134.55968850484,2006
GA,Gabon,9665.99680304366,2005
GA,Gabon,9669.6384746557,2004
GA,Gabon,9849.63882039948,2003
GA,Gabon,9869.71775909755,2002
GA,Gabon,10132.7658335207,2001
GA,Gabon,10160.3444537978,2000
GA,Gabon,10608.4435536807,1999
GA,Gabon,11937.6366247739,1998
GA,Gabon,11826.7455774026,1997
GA,Gabon,11470.1560293892,1996
GA,Gabon,11354.6580183226,1995
GA,Gabon,11099.9575408245,1994
GA,Gabon,10988.1678684681,1993
GA,Gabon,10857.758825905301,1992
GA,Gabon,11511.6507731488,1991
GA,Gabon,11148.9716841142,1990
GA,Gabon,10894.4293125838,1989
GA,Gabon,10318.734550046,1988
GA,Gabon,9401.57289809644,1987
GA,Gabon,11665.1183284979,1986
GA,Gabon,12085.7736396323,1985
GA,Gabon,12712.4918105143,1984
GA,Gabon,12142.1145123379,1983
GA,Gabon,11800.2933377796,1982
GA,Gabon,12492.0138601941,1981
GA,Gabon,12186.9569423106,1980
GA,Gabon,12177.6532549765,1979
GA,Gabon,12412.8097592958,1978
GA,Gabon,16725.6000938781,1977
GA,Gabon,19562.586746466,1976
GA,Gabon,14732.8590145712,1975
GA,Gabon,12609.953256177,1974
GA,Gabon,9211.79803189271,1973
GA,Gabon,8513.79132974804,1972
GA,Gabon,7788.0762213189,1971
GA,Gabon,7198.88396475222,1970
GM,"Gambia, The",501.281015066687,2017
GM,"Gambia, The",493.875430300232,2016
GM,"Gambia, The",506.802617887505,2015
GM,"Gambia, The",493.331402797323,2014
GM,"Gambia, The",513.314364137075,2013
GM,"Gambia, The",504.949713709538,2012
GM,"Gambia, The",492.885645007982,2011
GM,"Gambia, The",530.787693425107,2010
GM,"Gambia, The",513.420132965245,2009
GM,"Gambia, The",496.871885204373,2008
GM,"Gambia, The",484.090383901957,2007
GM,"Gambia, The",481.336305389177,2006
GM,"Gambia, The",490.6944510009,2005
GM,"Gambia, The",510.987236920966,2004
GM,"Gambia, The",492.677126484728,2003
GM,"Gambia, The",475.997088050086,2002
GM,"Gambia, The",507.97064968987,2001
GM,"Gambia, The",495.561950666174,2000
GM,"Gambia, The",484.648532301192,1999
GM,"Gambia, The",469.847489824606,1998
GM,"Gambia, The",468.17636936583,1997
GM,"Gambia, The",460.276332374647,1996
GM,"Gambia, The",464.434217551333,1995
GM,"Gambia, The",474.832167620337,1994
GM,"Gambia, The",489.004562638772,1993
GM,"Gambia, The",490.131139433635,1992
GM,"Gambia, The",490.734205703888,1991
GM,"Gambia, The",494.414573258038,1990
GM,"Gambia, The",498.258247128858,1989
GM,"Gambia, The",493.245804573631,1988
GM,"Gambia, The",496.209926418897,1987
GM,"Gambia, The",508.734250500436,1986
GM,"Gambia, The",511.605576439913,1985
GM,"Gambia, The",537.184137852407,1984
GM,"Gambia, The",537.733334112609,1983
GM,"Gambia, The",500.749489920962,1982
GM,"Gambia, The",520.364846417038,1981
GM,"Gambia, The",519.704417652564,1980
GM,"Gambia, The",505.278347146548,1979
GM,"Gambia, The",529.447300091851,1978
GM,"Gambia, The",515.06978008357,1977
GM,"Gambia, The",514.860778842763,1976
GM,"Gambia, The",495.436882597602,1975
GM,"Gambia, The",454.89819752767,1974
GM,"Gambia, The",443.034398249235,1973
GM,"Gambia, The",417.879983297434,1972
GM,"Gambia, The",429.349362880389,1971
GM,"Gambia, The",442.312010317569,1970
GE,Georgia,4271.2822892525,2017
GE,Georgia,4074.92570847849,2016
GE,Georgia,3964.51004585112,2015
GE,Georgia,3859.58204524666,2014
GE,Georgia,3690.74874650261,2013
GE,Georgia,3559.11814503624,2012
GE,Georgia,3322.02417786433,2011
GE,Georgia,3073.52475273438,2010
GE,Georgia,2871.71805863214,2009
GE,Georgia,2954.16710843787,2008
GE,Georgia,2875.65641958461,2007
GE,Georgia,2541.05642238498,2006
GE,Georgia,2309.13651587674,2005
GE,Georgia,2093.73316224698,2004
GE,Georgia,1966.83910160655,2003
GE,Georgia,1759.06983402048,2002
GE,Georgia,1652.88108745074,2001
GE,Georgia,1552.81884237848,2000
GE,Georgia,1495.42300046312,1999
GE,Georgia,1424.10948851318,1998
GE,Georgia,1347.46858006834,1997
GE,Georgia,1180.73236012,1996
GE,Georgia,1023.96178855601,1995
GE,Georgia,961.206841532899,1994
GE,Georgia,1056.38725597969,1993
GE,Georgia,1505.71076467818,1992
GE,Georgia,2753.93454412673,1991
GE,Georgia,3515.05212798362,1990
GE,Georgia,4123.9615368449,1989
GE,Georgia,4455.38165619432,1988
GE,Georgia,4262.88755272382,1987
GE,Georgia,4243.8190357257,1986
GE,Georgia,4662.88382799537,1985
GE,Georgia,4482.43554358543,1984
GE,Georgia,4288.15894242395,1983
GE,Georgia,4147.58669974176,1982
GE,Georgia,4100.77344468669,1981
GE,Georgia,3927.6643842858,1980
GE,Georgia,3787.58082285238,1979
GE,Georgia,3553.65521617711,1978
GE,Georgia,3327.27542818603,1977
GE,Georgia,3133.9013675868,1976
GE,Georgia,2975.16848980397,1975
GE,Georgia,2791.19052875227,1974
GE,Georgia,2587.60906420362,1973
GE,Georgia,2451.56959165517,1972
GE,Georgia,2408.16329346253,1971
GE,Georgia,2374.67929018263,1970
DE,Germany,46987.787982009,2017
DE,Germany,46167.8307842585,2016
DE,Germany,45521.3192823697,2015
DE,Germany,45132.2736332789,2014
DE,Germany,44354.7368865267,2013
DE,Germany,44259.2599053983,2012
DE,Germany,44125.3314116503,2011
DE,Germany,41785.556912554,2010
DE,Germany,40086.1047594417,2009
DE,Germany,42365.0974955812,2008
DE,Germany,41831.8670883098,2007
DE,Germany,40456.8573802769,2006
DE,Germany,38969.3216980632,2005
DE,Germany,38673.8881132052,2004
DE,Germany,38218.3496455934,2003
DE,Germany,38512.9200411024,2002
DE,Germany,38577.7256293297,2001
DE,Germany,37998.4253119991,2000
DE,Germany,36955.2896071002,1999
DE,Germany,36258.6744317081,1998
DE,Germany,35560.2092859448,1997
DE,Germany,34965.6908864708,1996
DE,Germany,34782.5686253047,1995
DE,Germany,34289.1247492873,1994
DE,Germany,33583.0060357251,1993
DE,Germany,34130.852397553,1992
DE,Germany,33742.2192171049,1991
DE,Germany,32337.1010226197,1990
DE,Germany,30988.589460293,1989
DE,Germany,30057.941478281,1988
DE,Germany,29096.9101849167,1987
DE,Germany,28738.6826117652,1986
DE,Germany,28108.8930128788,1985
DE,Germany,27408.0998134019,1984
DE,Germany,26563.6449361396,1983
DE,Germany,26083.9521450124,1982
DE,Germany,26162.4546274364,1981
DE,Germany,26064.3893139114,1980
DE,Germany,25755.6578068766,1979
DE,Germany,24740.2365269267,1978
DE,Germany,23996.7729121627,1977
DE,Germany,23167.0592614971,1976
DE,Germany,21980.0878897735,1975
DE,Germany,22089.7489661836,1974
DE,Germany,21903.4035074806,1973
DE,Germany,20970.6264326325,1972
DE,Germany,20202.4337430061,1971
DE,Germany,19624.7497590296,1970
GH,Ghana,1738.25193096663,2017
GH,Ghana,1643.4487447777,2016
GH,Ghana,1624.76962408724,2015
GH,Ghana,1626.62278287807,2014
GH,Ghana,1617.46675421715,2013
GH,Ghana,1542.6851834027,2012
GH,Ghana,1445.36088882672,2011
GH,Ghana,1298.43695159215,2010
GH,Ghana,1233.67756113945,2009
GH,Ghana,1206.99040627354,2008
GH,Ghana,1134.69763510455,2007
GH,Ghana,1115.84971840359,2006
GH,Ghana,1075.86577170557,2005
GH,Ghana,1041.82622676295,2004
GH,Ghana,1011.3976207133,2003
GH,Ghana,985.333256906715,2002
GH,Ghana,966.261867015423,2001
GH,Ghana,952.137474702379,2000
GH,Ghana,940.933440912945,1999
GH,Ghana,923.626271165731,1998
GH,Ghana,904.237263460945,1997
GH,Ghana,890.00924181029,1996
GH,Ghana,873.275045063004,1995
GH,Ghana,861.692205667313,1994
GH,Ghana,857.724377344464,1993
GH,Ghana,841.745359772148,1992
GH,Ghana,834.073070186403,1991
GH,Ghana,815.507341519494,1990
GH,Ghana,812.321905122322,1989
GH,Ghana,795.530456622109,1988
GH,Ghana,775.095299642942,1987
GH,Ghana,761.383638586616,1986
GH,Ghana,745.337782077545,1985
GH,Ghana,730.834097710889,1984
GH,Ghana,693.464113792065,1983
GH,Ghana,748.825354115809,1982
GH,Ghana,827.819225509876,1981
GH,Ghana,880.541437804498,1980
GH,Ghana,896.749741298787,1979
GH,Ghana,938.564084747604,1978
GH,Ghana,881.442147110866,1977
GH,Ghana,878.429425736672,1976
GH,Ghana,930.016865469102,1975
GH,Ghana,1087.84761425099,1974
GH,Ghana,1045.48810090733,1973
GH,Ghana,1045.23360896528,1972
GH,Ghana,1102.52546232415,1971
GH,Ghana,1076.38660485844,1970
GI,Gibraltar,NA,2017
GI,Gibraltar,NA,2016
GI,Gibraltar,NA,2015
GI,Gibraltar,NA,2014
GI,Gibraltar,NA,2013
GI,Gibraltar,NA,2012
GI,Gibraltar,NA,2011
GI,Gibraltar,NA,2010
GI,Gibraltar,NA,2009
GI,Gibraltar,NA,2008
GI,Gibraltar,NA,2007
GI,Gibraltar,NA,2006
GI,Gibraltar,NA,2005
GI,Gibraltar,NA,2004
GI,Gibraltar,NA,2003
GI,Gibraltar,NA,2002
GI,Gibraltar,NA,2001
GI,Gibraltar,NA,2000
GI,Gibraltar,NA,1999
GI,Gibraltar,NA,1998
GI,Gibraltar,NA,1997
GI,Gibraltar,NA,1996
GI,Gibraltar,NA,1995
GI,Gibraltar,NA,1994
GI,Gibraltar,NA,1993
GI,Gibraltar,NA,1992
GI,Gibraltar,NA,1991
GI,Gibraltar,NA,1990
GI,Gibraltar,NA,1989
GI,Gibraltar,NA,1988
GI,Gibraltar,NA,1987
GI,Gibraltar,NA,1986
GI,Gibraltar,NA,1985
GI,Gibraltar,NA,1984
GI,Gibraltar,NA,1983
GI,Gibraltar,NA,1982
GI,Gibraltar,NA,1981
GI,Gibraltar,NA,1980
GI,Gibraltar,NA,1979
GI,Gibraltar,NA,1978
GI,Gibraltar,NA,1977
GI,Gibraltar,NA,1976
GI,Gibraltar,NA,1975
GI,Gibraltar,NA,1974
GI,Gibraltar,NA,1973
GI,Gibraltar,NA,1972
GI,Gibraltar,NA,1971
GI,Gibraltar,NA,1970
GR,Greece,23052.9862375429,2017
GR,Greece,22666.2862405708,2016
GR,Greece,22615.3945872492,2015
GR,Greece,22565.6804825426,2014
GR,Greece,22251.2572924131,2013
GR,Greece,22830.5267787719,2012
GR,Greece,24495.7111345202,2011
GR,Greece,26917.7589787254,2010
GR,Greece,28514.8100942614,2009
GR,Greece,29874.7434456727,2008
GR,Greece,30054.8893883805,2007
GR,Greece,29176.3928664896,2006
GR,Greece,27698.5106148475,2005
GR,Greece,27614.4059346282,2004
GR,Greece,26349.2773362358,2003
GR,Greece,24965.5940271221,2002
GR,Greece,24111.4174535329,2001
GR,Greece,23275.4443060502,2000
GR,Greece,22489.3159600447,1999
GR,Greece,21902.738778458,1998
GR,Greece,21198.7906496062,1997
GR,Greece,20389.3180153866,1996
GR,Greece,19909.5296030908,1995
GR,Greece,19591.3995220489,1994
GR,Greece,19303.6669844654,1993
GR,Greece,19733.2904130851,1992
GR,Greece,19746.3821359444,1991
GR,Greece,19383.934648323,1990
GR,Greece,19590.0677863798,1989
GR,Greece,18971.6435058095,1988
GR,Greece,18257.8040269463,1987
GR,Greece,18742.3160580413,1986
GR,Greece,18707.5689832413,1985
GR,Greece,18320.5841977454,1984
GR,Greece,18049.1837420238,1983
GR,Greece,18352.4398564881,1982
GR,Greece,18677.4750732207,1981
GR,Greece,19143.1241110279,1980
GR,Greece,19202.0550826147,1979
GR,Greece,18825.0906239721,1978
GR,Greece,17782.1208458912,1977
GR,Greece,17500.3129206643,1976
GR,Greece,16634.4748313228,1975
GR,Greece,15786.2695800376,1974
GR,Greece,16934.8024450683,1973
GR,Greece,15738.2824730944,1972
GR,Greece,14379.9007450618,1971
GR,Greece,13392.3081358857,1970
GL,Greenland,48460.7514117986,2017
GL,Greenland,47974.0731748846,2016
GL,Greenland,45335.6130300796,2015
GL,Greenland,46362.5906665085,2014
GL,Greenland,44131.2517597431,2013
GL,Greenland,44454.3735497748,2012
GL,Greenland,43781.4625641366,2011
GL,Greenland,43988.3324931946,2010
GL,Greenland,43684.587199796,2009
GL,Greenland,43305.7027608534,2008
GL,Greenland,40626.7814272793,2007
GL,Greenland,39539.9157055674,2006
GL,Greenland,37352.8925366913,2005
GL,Greenland,35593.4254981198,2004
GL,Greenland,33379.583469,2003
GL,Greenland,32051.665664368,2002
GL,Greenland,32514.7598494986,2001
GL,Greenland,32193.0025213682,2000
GL,Greenland,30111.9577032899,1999
GL,Greenland,29702.688972125,1998
GL,Greenland,27613.480696594,1997
GL,Greenland,27262.4139043324,1996
GL,Greenland,26899.8018575843,1995
GL,Greenland,26073.0270997514,1994
GL,Greenland,24748.533678432,1993
GL,Greenland,26011.6275626403,1992
GL,Greenland,27314.107194088,1991
GL,Greenland,27295.9523444254,1990
GL,Greenland,31087.3204227791,1989
GL,Greenland,29412.2423364339,1988
GL,Greenland,28211.9211584797,1987
GL,Greenland,27036.990708914,1986
GL,Greenland,25387.6140366334,1985
GL,Greenland,24724.4610195573,1984
GL,Greenland,26375.3367208026,1983
GL,Greenland,25790.9724005255,1982
GL,Greenland,27248.0986152271,1981
GL,Greenland,27499.3834842896,1980
GL,Greenland,25610.1031611625,1979
GL,Greenland,24621.5604407947,1978
GL,Greenland,23130.1993274424,1977
GL,Greenland,21126.7150112384,1976
GL,Greenland,19978.734734742,1975
GL,Greenland,19890.5550639839,1974
GL,Greenland,19008.827909677,1973
GL,Greenland,18055.461814736,1972
GL,Greenland,17401.3188157865,1971
GL,Greenland,15656.4729016411,1970
GD,Grenada,8827.69860430899,2017
GD,Grenada,8449.30776858458,2016
GD,Grenada,8194.2381676678,2015
GD,Grenada,7747.50073076196,2014
GD,Grenada,7266.28734042283,2013
GD,Grenada,7147.18918737909,2012
GD,Grenada,7274.72313572426,2011
GD,Grenada,7257.75662232319,2010
GD,Grenada,7325.6710994073,2009
GD,Grenada,7869.21693735805,2008
GD,Grenada,7815.06520462278,2007
GD,Grenada,7382.16261402016,2006
GD,Grenada,7709.14955177846,2005
GD,Grenada,6826.29001746957,2004
GD,Grenada,6893.36806378174,2003
GD,Grenada,6319.92924986007,2002
GD,Grenada,6132.69475613606,2001
GD,Grenada,6284.69996784302,2000
GD,Grenada,6015.27929001296,1999
GD,Grenada,5649.77067982845,1998
GD,Grenada,5078.16287907923,1997
GD,Grenada,4862.73043799469,1996
GD,Grenada,4689.18509857326,1995
GD,Grenada,4634.66803425752,1994
GD,Grenada,4609.54085406109,1993
GD,Grenada,4753.17066617138,1992
GD,Grenada,4829.01238132332,1991
GD,Grenada,4769.39689123885,1990
GD,Grenada,4557.34809557295,1989
GD,Grenada,4338.34086371354,1988
GD,Grenada,4157.57779642914,1987
GD,Grenada,3782.1680232373,1986
GD,Grenada,3536.97936147456,1985
GD,Grenada,3387.19667420458,1984
GD,Grenada,3354.21197285327,1983
GD,Grenada,3337.32959530559,1982
GD,Grenada,3294.10705109723,1981
GD,Grenada,3301.72602197799,1980
GD,Grenada,3335.66332663549,1979
GD,Grenada,3140.9488710266,1978
GD,Grenada,2944.47474012589,1977
GD,Grenada,NA,1976
GD,Grenada,NA,1975
GD,Grenada,NA,1974
GD,Grenada,NA,1973
GD,Grenada,NA,1972
GD,Grenada,NA,1971
GD,Grenada,NA,1970
GU,Guam,31847.6496791422,2017
GU,Guam,32046.0448496306,2016
GU,Guam,32182.8929142559,2015
GU,Guam,32169.5644356757,2014
GU,Guam,31741.5211298832,2013
GU,Guam,31252.6636152997,2012
GU,Guam,30690.4366504784,2011
GU,Guam,30700.4340081784,2010
GU,Guam,30112.6271684902,2009
GU,Guam,30054.0138683035,2008
GU,Guam,29578.3856170959,2007
GU,Guam,29375.276247165,2006
GU,Guam,30592.1607999249,2005
GU,Guam,29603.7734824842,2004
GU,Guam,27882.7097948152,2003
GU,Guam,27723.4603891235,2002
GU,Guam,NA,2001
GU,Guam,NA,2000
GU,Guam,NA,1999
GU,Guam,NA,1998
GU,Guam,NA,1997
GU,Guam,NA,1996
GU,Guam,NA,1995
GU,Guam,NA,1994
GU,Guam,NA,1993
GU,Guam,NA,1992
GU,Guam,NA,1991
GU,Guam,NA,1990
GU,Guam,NA,1989
GU,Guam,NA,1988
GU,Guam,NA,1987
GU,Guam,NA,1986
GU,Guam,NA,1985
GU,Guam,NA,1984
GU,Guam,NA,1983
GU,Guam,NA,1982
GU,Guam,NA,1981
GU,Guam,NA,1980
GU,Guam,NA,1979
GU,Guam,NA,1978
GU,Guam,NA,1977
GU,Guam,NA,1976
GU,Guam,NA,1975
GU,Guam,NA,1974
GU,Guam,NA,1973
GU,Guam,NA,1972
GU,Guam,NA,1971
GU,Guam,NA,1970
GT,Guatemala,3123.94356980653,2017
GT,Guatemala,3100.86844067699,2016
GT,Guatemala,3069.04133462968,2015
GT,Guatemala,3007.95776505106,2014
GT,Guatemala,2948.05084488516,2013
GT,Guatemala,2903.44365928518,2012
GT,Guatemala,2880.43471703594,2011
GT,Guatemala,2825.5190291355502,2010
GT,Guatemala,2806.97597716027,2009
GT,Guatemala,2854.05529589818,2008
GT,Guatemala,2825.12763391509,2007
GT,Guatemala,2717.75892603467,2006
GT,Guatemala,2638.28859289055,2005
GT,Guatemala,2614.71092971773,2004
GT,Guatemala,2594.92427862443,2003
GT,Guatemala,2591.32759169913,2002
GT,Guatemala,2554.25685520006,2001
GT,Guatemala,2554.77970964521,2000
GT,Guatemala,2522.85962147806,1999
GT,Guatemala,2484.75848040934,1998
GT,Guatemala,2420.02522250643,1997
GT,Guatemala,2371.31014309238,1996
GT,Guatemala,2355.89243930754,1995
GT,Guatemala,2296.9295866261,1994
GT,Guatemala,2259.76492725374,1993
GT,Guatemala,2225.91947990719,1992
GT,Guatemala,2173.62843577468,1991
GT,Guatemala,2146.5933293053,1990
GT,Guatemala,2131.07728403341,1989
GT,Guatemala,2098.44605273457,1988
GT,Guatemala,2067.39724253575,1987
GT,Guatemala,2044.07751357601,1986
GT,Guatemala,2090.33927837815,1985
GT,Guatemala,2154.71120015581,1984
GT,Guatemala,2197.45509973588,1983
GT,Guatemala,2312.2323806053,1982
GT,Guatemala,2457.29985864321,1981
GT,Guatemala,2502.86037716781,1980
GT,Guatemala,2472.35235822945,1979
GT,Guatemala,2419.71372333848,1978
GT,Guatemala,2361.92120079683,1977
GT,Guatemala,2246.04374884136,1976
GT,Guatemala,2145.33413420328,1975
GT,Guatemala,2159.6952676566,1974
GT,Guatemala,2084.86779317547,1973
GT,Guatemala,2005.98790382957,1972
GT,Guatemala,1921.02018710079,1971
GT,Guatemala,1870.78533574234,1970
GN,Guinea,893.12933200795,2017
GN,Guinea,809.957816532747,2016
GN,Guinea,750.403076363854,2015
GN,Guinea,741.049717312176,2014
GN,Guinea,731.493337699027,2013
GN,Guinea,719.709185241663,2012
GN,Guinea,694.603115399056,2011
GN,Guinea,672.42440256326,2010
GN,Guinea,656.159015645005,2009
GN,Guinea,678.952420990295,2008
GN,Guinea,667.095295376801,2007
GN,Guinea,638.599337542777,2006
GN,Guinea,644.858352323376,2005
GN,Guinea,638.987891635608,2004
GN,Guinea,636.692235131121,2003
GN,Guinea,641.072927209266,2002
GN,Guinea,621.828959710054,2001
GN,Guinea,612.720609711875,2000
GN,Guinea,611.560817948144,1999
GN,Guinea,603.640081283775,1998
GN,Guinea,597.520340011594,1997
GN,Guinea,583.176961705544,1996
GN,Guinea,573.179602088054,1995
GN,Guinea,562.51937320393,1994
GN,Guinea,555.469294056595,1993
GN,Guinea,543.057407165732,1992
GN,Guinea,540.429674411346,1991
GN,Guinea,541.809620827544,1990
GN,Guinea,534.914857864084,1989
GN,Guinea,530.227823330346,1988
GN,Guinea,514.340246740208,1987
GN,Guinea,513.114417851615,1986
GN,Guinea,NA,1985
GN,Guinea,NA,1984
GN,Guinea,NA,1983
GN,Guinea,NA,1982
GN,Guinea,NA,1981
GN,Guinea,NA,1980
GN,Guinea,NA,1979
GN,Guinea,NA,1978
GN,Guinea,NA,1977
GN,Guinea,NA,1976
GN,Guinea,NA,1975
GN,Guinea,NA,1974
GN,Guinea,NA,1973
GN,Guinea,NA,1972
GN,Guinea,NA,1971
GN,Guinea,NA,1970
GW,Guinea-Bissau,614.439429918411,2017
GW,Guinea-Bissau,594.978358692716,2016
GW,Guinea-Bissau,574.491700576592,2015
GW,Guinea-Bissau,555.605048729962,2014
GW,Guinea-Bissau,565.047969925518,2013
GW,Guinea-Bissau,561.986650036213,2012
GW,Guinea-Bissau,587.140383038061,2011
GW,Guinea-Bissau,557.632132626126,2010
GW,Guinea-Bissau,546.947092261669,2009
GW,Guinea-Bissau,542.645951129504,2008
GW,Guinea-Bissau,538.985481805324,2007
GW,Guinea-Bissau,534.822272283187,2006
GW,Guinea-Bissau,535.440957455005,2005
GW,Guinea-Bissau,525.824373105346,2004
GW,Guinea-Bissau,523.730947822119,2003
GW,Guinea-Bissau,532.747858899851,2002
GW,Guinea-Bissau,550.039418981954,2001
GW,Guinea-Bissau,549.819707488698,2000
GW,Guinea-Bissau,532.22533922273,1999
GW,Guinea-Bissau,537.209602841964,1998
GW,Guinea-Bissau,761.584535566939,1997
GW,Guinea-Bissau,729.057499183523,1996
GW,Guinea-Bissau,666.464021116397,1995
GW,Guinea-Bissau,651.85007089814,1994
GW,Guinea-Bissau,645.514137629069,1993
GW,Guinea-Bissau,646.533828009824,1992
GW,Guinea-Bissau,654.134091259165,1991
GW,Guinea-Bissau,636.598619957088,1990
GW,Guinea-Bissau,613.505416866206,1989
GW,Guinea-Bissau,591.089428939319,1988
GW,Guinea-Bissau,577.657415807903,1987
GW,Guinea-Bissau,574.10296943501,1986
GW,Guinea-Bissau,592.205529817989,1985
GW,Guinea-Bissau,582.467482459667,1984
GW,Guinea-Bissau,547.386674215744,1983
GW,Guinea-Bissau,580.488571474278,1982
GW,Guinea-Bissau,568.739441556982,1981
GW,Guinea-Bissau,488.767409553477,1980
GW,Guinea-Bissau,586.755845880163,1979
GW,Guinea-Bissau,577.209062697784,1978
GW,Guinea-Bissau,510.503115894586,1977
GW,Guinea-Bissau,550.873123776099,1976
GW,Guinea-Bissau,527.960953044008,1975
GW,Guinea-Bissau,494.925220042859,1974
GW,Guinea-Bissau,480.640117178883,1973
GW,Guinea-Bissau,484.222127831592,1972
GW,Guinea-Bissau,464.175626208753,1971
GW,Guinea-Bissau,492.267918216487,1970
GY,Guyana,3852.69202529353,2017
GY,Guyana,3793.04429526465,2016
GY,Guyana,3690.1189473967,2015
GY,Guyana,3595.9862479323,2014
GY,Guyana,3481.4514470653,2013
GY,Guyana,3332.70690715094,2012
GY,Guyana,3179.86643087574,2011
GY,Guyana,3033.24772490536,2010
GY,Guyana,2919.3994059249,2009
GY,Guyana,2822.65630637882,2008
GY,Guyana,2769.21567867091,2007
GY,Guyana,2588.03124911092,2006
GY,Guyana,2462.34679909081,2005
GY,Guyana,2512.77661303631,2004
GY,Guyana,2476.07001117394,2003
GY,Guyana,2493.00832589171,2002
GY,Guyana,2463.70866755402,2001
GY,Guyana,2403.93173371773,2000
GY,Guyana,2427.55032357068,1999
GY,Guyana,2344.92015041577,1998
GY,Guyana,2371.77602176405,1997
GY,Guyana,2225.4231310033,1996
GY,Guyana,2060.08295203265,1995
GY,Guyana,1967.58631456626,1994
GY,Guyana,1824.32528378574,1993
GY,Guyana,1698.94080328243,1992
GY,Guyana,1585.36999006963,1991
GY,Guyana,1497.15888387801,1990
GY,Guyana,1539.82241851112,1989
GY,Guyana,1608.54152669373,1988
GY,Guyana,1655.21772451727,1987
GY,Guyana,1625.44608888006,1986
GY,Guyana,1627.46764406304,1985
GY,Guyana,1579.5210297133,1984
GY,Guyana,1655.19491944747,1983
GY,Guyana,1770.59167095592,1982
GY,Guyana,2038.35231167745,1981
GY,Guyana,2012.36947299419,1980
GY,Guyana,1988.00742725875,1979
GY,Guyana,2041.30096711917,1978
GY,Guyana,2099.8466878126,1977
GY,Guyana,2180.56067114219,1976
GY,Guyana,2171.33824203036,1975
GY,Guyana,2023.23181754739,1974
GY,Guyana,1898.94297553301,1973
GY,Guyana,1896.29765678686,1972
GY,Guyana,1984.08083262185,1971
GY,Guyana,1948.0678096113,1970
HT,Haiti,728.844936653431,2017
HT,Haiti,729.855938429812,2016
HT,Haiti,729.119629770203,2015
HT,Haiti,730.400920728369,2014
HT,Haiti,720.568887031755,2013
HT,Haiti,701.397243135936,2012
HT,Haiti,691.894254954519,2011
HT,Haiti,665.627419493396,2010
HT,Haiti,715.225948888184,2009
HT,Haiti,704.727587476857,2008
HT,Haiti,709.961579294773,2007
HT,Haiti,698.060828658308,2006
HT,Haiti,693.804698205322,2005
HT,Haiti,692.66800768806,2004
HT,Haiti,729.817110198347,2003
HT,Haiti,739.295463305946,2002
HT,Haiti,753.671199282826,2001
HT,Haiti,774.674584111268,2000
HT,Haiti,781.355425318603,1999
HT,Haiti,774.173306989062,1998
HT,Haiti,771.223803386621,1997
HT,Haiti,764.568280410444,1996
HT,Haiti,747.705380743593,1995
HT,Haiti,693.089435612769,1994
HT,Haiti,802.103169099114,1993
HT,Haiti,864.485614089789,1992
HT,Haiti,930.881004133112,1991
HT,Haiti,931.963592850209,1990
HT,Haiti,941.130946554765,1989
HT,Haiti,989.386813512617,1988
HT,Haiti,1008.21575688544,1987
HT,Haiti,1038.27494887552,1986
HT,Haiti,1066.72678295747,1985
HT,Haiti,1084.73234695311,1984
HT,Haiti,1107.04496729606,1983
HT,Haiti,1123.3278180836,1982
HT,Haiti,1192.45294234327,1981
HT,Haiti,1255.78787057993,1980
HT,Haiti,1195.59459719412,1979
HT,Haiti,1135.45093297582,1978
HT,Haiti,1091.16333169348,1977
HT,Haiti,1073.01972141142,1976
HT,Haiti,1008.3670112514,1975
HT,Haiti,1015.27978154273,1974
HT,Haiti,976.407369363505,1973
HT,Haiti,947.747766478955,1972
HT,Haiti,954.390198903847,1971
HT,Haiti,911.822447360446,1970
HN,Honduras,2160.09120569907,2017
HN,Honduras,2096.57152155544,2016
HN,Honduras,2052.97245412901,2015
HN,Honduras,2011.78386735929,2014
HN,Honduras,1986.93541624282,2013
HN,Honduras,1968.28279010114,2012
HN,Honduras,1925.90720967489,2011
HN,Honduras,1891.15739535346,2010
HN,Honduras,1860.41940831492,2009
HN,Honduras,1947.3582064942,2008
HN,Honduras,1909.55726382661,2007
HN,Honduras,1839.31204426483,2006
HN,Honduras,1766.53016079162,2005
HN,Honduras,1706.00443752563,2004
HN,Honduras,1645.83528308777,2003
HN,Honduras,1614.47811919654,2002
HN,Honduras,1596.93153678241,2001
HN,Honduras,1596.54526170644,2000
HN,Honduras,1529.30284990389,1999
HN,Honduras,1584.41180641449,1998
HN,Honduras,1573.6982813902,1997
HN,Honduras,1548.28360337551,1996
HN,Honduras,1563.98845330213,1995
HN,Honduras,1515.31275767477,1994
HN,Honduras,1555.42992297111,1993
HN,Honduras,1502.25475019559,1992
HN,Honduras,1456.81556264672,1991
HN,Honduras,1550.40365536039,1990
HN,Honduras,1552.34172635219,1989
HN,Honduras,1555.6036400332,1988
HN,Honduras,1574.28540358407,1987
HN,Honduras,1520.45138887367,1986
HN,Honduras,1487.033599678,1985
HN,Honduras,1450.6216278663,1984
HN,Honduras,1406.10567973672,1983
HN,Honduras,1436.48886191813,1982
HN,Honduras,1512.45147148787,1981
HN,Honduras,1578.88418527905,1980
HN,Honduras,1618.59714362909,1979
HN,Honduras,1580.7314322387,1978
HN,Honduras,1538.56806552916,1977
HN,Honduras,1437.4262432139,1976
HN,Honduras,1341.2140348514,1975
HN,Honduras,1353.59041007911,1974
HN,Honduras,1412.07142416709,1973
HN,Honduras,1348.50997620247,1972
HN,Honduras,1313.31063121756,1971
HN,Honduras,1300.73090112689,1970
HK,"Hong Kong SAR, China",37949.305818913,2017
HK,"Hong Kong SAR, China",36820.9774243543,2016
HK,"Hong Kong SAR, China",36260.5696163202,2015
HK,"Hong Kong SAR, China",35717.6668450891,2014
HK,"Hong Kong SAR, China",35002.5129718853,2013
HK,"Hong Kong SAR, China",34086.30777744,2012
HK,"Hong Kong SAR, China",33888.4926701567,2011
HK,"Hong Kong SAR, China",32549.998231121,2010
HK,"Hong Kong SAR, China",30711.4839460763,2009
HK,"Hong Kong SAR, China",31553.6389891557,2008
HK,"Hong Kong SAR, China",31081.5861097557,2007
HK,"Hong Kong SAR, China",29446.2837822567,2006
HK,"Hong Kong SAR, China",27688.7798785343,2005
HK,"Hong Kong SAR, China",25896.7135547539,2004
HK,"Hong Kong SAR, China",24010.5392599268,2003
HK,"Hong Kong SAR, China",23252.5254695618,2002
HK,"Hong Kong SAR, China",22975.1203995447,2001
HK,"Hong Kong SAR, China",23015.9818793122,2000
HK,"Hong Kong SAR, China",21567.0022680912,1999
HK,"Hong Kong SAR, China",21241.5347203784,1998
HK,"Hong Kong SAR, China",22758.3931190215,1997
HK,"Hong Kong SAR, China",21835.1289292016,1996
HK,"Hong Kong SAR, China",21893.7987672663,1995
HK,"Hong Kong SAR, China",21813.8414527935,1994
HK,"Hong Kong SAR, China",21040.6493399445,1993
HK,"Hong Kong SAR, China",20155.3434649352,1992
HK,"Hong Kong SAR, China",19132.381481779,1991
HK,"Hong Kong SAR, China",18251.0178139522,1990
HK,"Hong Kong SAR, China",17634.2578181948,1989
HK,"Hong Kong SAR, China",17421.2153691259,1988
HK,"Hong Kong SAR, China",16190.2102372009,1987
HK,"Hong Kong SAR, China",14421.7289341061,1986
HK,"Hong Kong SAR, China",13148.7766893802,1985
HK,"Hong Kong SAR, China",13190.9246715327,1984
HK,"Hong Kong SAR, China",12113.0955373903,1983
HK,"Hong Kong SAR, China",11604.9139967645,1982
HK,"Hong Kong SAR, China",11448.7747338461,1981
HK,"Hong Kong SAR, China",10727.3601816901,1980
HK,"Hong Kong SAR, China",10006.1923577119,1979
HK,"Hong Kong SAR, China",9473.48481953444,1978
HK,"Hong Kong SAR, China",8910.60049155802,1977
HK,"Hong Kong SAR, China",8091.39830018634,1976
HK,"Hong Kong SAR, China",7053.52433059524,1975
HK,"Hong Kong SAR, China",7153.3367592868,1974
HK,"Hong Kong SAR, China",7208.91889563566,1973
HK,"Hong Kong SAR, China",6604.23098752535,1972
HK,"Hong Kong SAR, China",6086.20882723098,1971
HK,"Hong Kong SAR, China",5796.17549907527,1970
HU,Hungary,15695.6979442978,2017
HU,Hungary,15032.1355766305,2016
HU,Hungary,14653.6201059971,2015
HU,Hungary,14119.4821909086,2014
HU,Hungary,13510.7174545978,2013
HU,Hungary,13197.2609183053,2012
HU,Hungary,13347.0247958271,2011
HU,Hungary,13092.2337567695,2010
HU,Hungary,12977.6353219238,2009
HU,Hungary,13873.3246635431,2008
HU,Hungary,13732.1493782744,2007
HU,Hungary,13653.2219400698,2006
HU,Hungary,13126.4556553927,2005
HU,Hungary,12549.66935929,2004
HU,Hungary,11925.0702074427,2003
HU,Hungary,11450.2838364102,2002
HU,Hungary,10923.1046996323,2001
HU,Hungary,10495.0159032343,2000
HU,Hungary,10044.9777266139,1999
HU,Hungary,9707.20593020268,1998
HU,Hungary,9291.08913577449,1997
HU,Hungary,8972.68779744587,1996
HU,Hungary,8956.02079163332,1995
HU,Hungary,8812.29944926503,1994
HU,Hungary,8548.31315166266,1993
HU,Hungary,8588.04705858069,1992
HU,Hungary,8856.0520544192,1991
HU,Hungary,NA,1990
HU,Hungary,NA,1989
HU,Hungary,NA,1988
HU,Hungary,NA,1987
HU,Hungary,NA,1986
HU,Hungary,NA,1985
HU,Hungary,NA,1984
HU,Hungary,NA,1983
HU,Hungary,NA,1982
HU,Hungary,NA,1981
HU,Hungary,NA,1980
HU,Hungary,NA,1979
HU,Hungary,NA,1978
HU,Hungary,NA,1977
HU,Hungary,NA,1976
HU,Hungary,NA,1975
HU,Hungary,NA,1974
HU,Hungary,NA,1973
HU,Hungary,NA,1972
HU,Hungary,NA,1971
HU,Hungary,NA,1970
IS,Iceland,51281.9877418365,2017
IS,Iceland,50188.498419478,2016
IS,Iceland,47405.0431731233,2015
IS,Iceland,45852.913451827,2014
IS,Iceland,45420.9903305018,2013
IS,Iceland,44032.4245376967,2012
IS,Iceland,43700.7929926958,2011
IS,Iceland,43024.9238377351,2010
IS,Iceland,44491.7360128986,2009
IS,Iceland,47889.3865451827,2008
IS,Iceland,47835.3842371616,2007
IS,Iceland,44859.8325413478,2006
IS,Iceland,43635.0158688476,2005
IS,Iceland,41692.0950546537,2004
IS,Iceland,38928.9874098742,2003
IS,Iceland,38330.1254458548,2002
IS,Iceland,38412.1372170003,2001
IS,Iceland,37465.4498035287,2000
IS,Iceland,36210.6730138438,1999
IS,Iceland,35226.9603848321,1998
IS,Iceland,33247.1471997636,1997
IS,Iceland,32359.2709965181,1996
IS,Iceland,31111.6678901594,1995
IS,Iceland,31244.4713624995,1994
IS,Iceland,30418.7185911777,1993
IS,Iceland,30331.2124539423,1992
IS,Iceland,31787.2368194212,1991
IS,Iceland,32229.8841906442,1990
IS,Iceland,32106.0621468749,1989
IS,Iceland,32422.3422273407,1988
IS,Iceland,32963.7211965483,1987
IS,Iceland,30703.0066051748,1986
IS,Iceland,29103.7937326449,1985
IS,Iceland,28398.8122525731,1984
IS,Iceland,27564.3180595852,1983
IS,Iceland,28545.7744880295,1982
IS,Iceland,28319.7145613766,1981
IS,Iceland,27472.8544144611,1980
IS,Iceland,26256.1277435033,1979
IS,Iceland,25285.2874044612,1978
IS,Iceland,24037.172891134,1977
IS,Iceland,22253.5130455428,1976
IS,Iceland,21211.4886015111,1975
IS,Iceland,21346.5741329469,1974
IS,Iceland,20469.3007484262,1973
IS,Iceland,19456.3429161193,1972
IS,Iceland,18594.5850101204,1971
IS,Iceland,16580.0732629022,1970
IN,India,1987.3410867622,2017
IN,India,1874.22850055163,2016
IN,India,1751.66437757278,2015
IN,India,1640.18064703047,2014
IN,India,1544.61919713923,2013
IN,India,1469.17756241594,2012
IN,India,1410.42587646228,2011
IN,India,1357.56370057352,2010
IN,India,1268.24916759241,2009
IN,India,1192.51176356938,2008
IN,India,1173.87532557111,2007
IN,India,1106.92639155315,2006
IN,India,1040.31227440621,2005
IN,India,979.283829178542,2004
IN,India,922.167884448701,2003
IN,India,869.201316171361,2002
IN,India,851.616499486339,2001
IN,India,826.592425353968,2000
IN,India,810.217216781555,1999
IN,India,757.934050558076,1998
IN,India,727.043121211111,1997
IN,India,711.92877530414,1996
IN,India,674.619503043249,1995
IN,India,639.268701602587,1994
IN,India,611.118806653556,1993
IN,India,595.013413571266,1992
IN,India,575.501500031171,1991
IN,India,581.218214651479,1990
IN,India,562.296525839837,1989
IN,India,542.054189599947,1988
IN,India,505.179042961367,1987
IN,India,496.639401894171,1986
IN,India,484.643663958021,1985
IN,India,470.974193607036,1984
IN,India,464.176934609261,1983
IN,India,442.798465668973,1982
IN,India,438.006872177292,1981
IN,India,422.90380449852,1980
IN,India,405.472609347618,1979
IN,India,437.81914317634,1978
IN,India,423.740154591475,1977
IN,India,404.235098956951,1976
IN,India,406.892501737002,1975
IN,India,381.539554848942,1974
IN,India,385.96625438767,1973
IN,India,382.450863619116,1972
IN,India,393.531241970539,1971
IN,India,396.011663036131,1970
ID,Indonesia,4120.42856058397,2017
ID,Indonesia,3968.05591117707,2016
ID,Indonesia,3824.27488523624,2015
ID,Indonesia,3692.97344616043,2014
ID,Indonesia,3563.29986394284,2013
ID,Indonesia,3421.27352044829,2012
ID,Indonesia,3270.61948985329,2011
ID,Indonesia,3122.3628152165,2010
ID,Indonesia,2979.00471389963,2009
ID,Indonesia,2885.30927484935,2008
ID,Indonesia,2757.89366984431,2007
ID,Indonesia,2627.90524538689,2006
ID,Indonesia,2524.22242375953,2005
ID,Indonesia,2420.39718164002,2004
ID,Indonesia,2335.59404450349,2003
ID,Indonesia,2259.30770358823,2002
ID,Indonesia,2191.57417695176,2001
ID,Indonesia,2143.65950412517,2000
ID,Indonesia,2071.52468259901,1999
ID,Indonesia,2084.14288145912,1998
ID,Indonesia,2433.34073555451,1997
ID,Indonesia,2358.11980727245,1996
ID,Indonesia,2220.07694952066,1995
ID,Indonesia,2083.36241705891,1994
ID,Indonesia,1968.41647091388,1993
ID,Indonesia,1878.97304404286,1992
ID,Indonesia,1794.42281169053,1991
ID,Indonesia,1707.81835475605,1990
ID,Indonesia,1621.12165767744,1989
ID,Indonesia,1536.50576595431,1988
ID,Indonesia,1480.23160007758,1987
ID,Indonesia,1438.62753756627,1986
ID,Indonesia,1386.7327720964,1985
ID,Indonesia,1382.39383351781,1984
ID,Indonesia,1320.99189957539,1983
ID,Indonesia,1296.89579206891,1982
ID,Indonesia,1298.06599025623,1981
ID,Indonesia,1231.1951345592,1980
ID,Indonesia,1147.23966378436,1979
ID,Indonesia,1094.70171130965,1978
ID,Indonesia,1050.29133548903,1977
ID,Indonesia,989.552354631569,1976
ID,Indonesia,949.077669491197,1975
ID,Indonesia,927.198580914314,1974
ID,Indonesia,883.782093796898,1973
ID,Indonesia,839.028135676655,1972
ID,Indonesia,804.723785724023,1971
ID,Indonesia,772.129684816276,1970
IR,"Iran, Islamic Rep.",6952.44358365352,2017
IR,"Iran, Islamic Rep.",6794.29321463849,2016
IR,"Iran, Islamic Rep.",6073.45370087772,2015
IR,"Iran, Islamic Rep.",6236.28941082747,2014
IR,"Iran, Islamic Rep.",6038.5298354295,2013
IR,"Iran, Islamic Rep.",6125.7266203219,2012
IR,"Iran, Islamic Rep.",6698.68496154763,2011
IR,"Iran, Islamic Rep.",6603.21226914401,2010
IR,"Iran, Islamic Rep.",6313.03687802174,2009
IR,"Iran, Islamic Rep.",6319.77051631988,2008
IR,"Iran, Islamic Rep.",6373.24958375621,2007
IR,"Iran, Islamic Rep.",5957.94575920198,2006
IR,"Iran, Islamic Rep.",5738.69744748755,2005
IR,"Iran, Islamic Rep.",5626.71974996258,2004
IR,"Iran, Islamic Rep.",5456.44531850896,2003
IR,"Iran, Islamic Rep.",5080.64134626953,2002
IR,"Iran, Islamic Rep.",4796.07568723359,2001
IR,"Iran, Islamic Rep.",4818.90052062682,2000
IR,"Iran, Islamic Rep.",4610.00992576118,1999
IR,"Iran, Islamic Rep.",4630.14445159307,1998
IR,"Iran, Islamic Rep.",4591.42505631842,1997
IR,"Iran, Islamic Rep.",4631.11540933234,1996
IR,"Iran, Islamic Rep.",4464.39657529347,1995
IR,"Iran, Islamic Rep.",4426.14290505715,1994
IR,"Iran, Islamic Rep.",4559.30324198761,1993
IR,"Iran, Islamic Rep.",4584.79587914623,1992
IR,"Iran, Islamic Rep.",4543.54192460347,1991
IR,"Iran, Islamic Rep.",4137.05725666456,1990
IR,"Iran, Islamic Rep.",3736.66671333505,1989
IR,"Iran, Islamic Rep.",3640.3148902719,1988
IR,"Iran, Islamic Rep.",3989.53368312833,1987
IR,"Iran, Islamic Rep.",4119.41280068435,1986
IR,"Iran, Islamic Rep.",4773.0022040545,1985
IR,"Iran, Islamic Rep.",4865.04001940226,1984
IR,"Iran, Islamic Rep.",5558.01123361547,1983
IR,"Iran, Islamic Rep.",5335.77750791065,1982
IR,"Iran, Islamic Rep.",4368.62784708509,1981
IR,"Iran, Islamic Rep.",4791.81154291981,1980
IR,"Iran, Islamic Rep.",6862.7205249368,1979
IR,"Iran, Islamic Rep.",7941.23443817147,1978
IR,"Iran, Islamic Rep.",9546.9635755197,1977
IR,"Iran, Islamic Rep.",10266.8587367966,1976
IR,"Iran, Islamic Rep.",9026.29929030895,1975
IR,"Iran, Islamic Rep.",9524.59700095361,1974
IR,"Iran, Islamic Rep.",9198.42478071495,1973
IR,"Iran, Islamic Rep.",8706.81221638347,1972
IR,"Iran, Islamic Rep.",7816.10076082952,1971
IR,"Iran, Islamic Rep.",7014.97363757137,1970
IQ,Iraq,5604.57005725823,2017
IQ,Iraq,5846.51174634922,2016
IQ,Iraq,5298.10391212163,2015
IQ,Iraq,5344.3319642002,2014
IQ,Iraq,5508.04357882812,2013
IQ,Iraq,5322.38530653205,2012
IQ,Iraq,4848.44239867785,2011
IQ,Iraq,4657.28042580536,2010
IQ,Iraq,4493.18412633592,2009
IQ,Iraq,4436.25206984141,2008
IQ,Iraq,4168.66704409654,2007
IQ,Iraq,4181.40081811838,2006
IQ,Iraq,3869.95342447494,2005
IQ,Iraq,3792.54179752013,2004
IQ,Iraq,2524.38111249936,2003
IQ,Iraq,3881.26013962643,2002
IQ,Iraq,4293.5594571164,2001
IQ,Iraq,4323.72623508853,2000
IQ,Iraq,4393.81302226348,1999
IQ,Iraq,3853.01089226578,1998
IQ,Iraq,2947.02590882523,1997
IQ,Iraq,2507.56275601946,1996
IQ,Iraq,2329.68116509142,1995
IQ,Iraq,2352.53710758242,1994
IQ,Iraq,2335.04463252421,1993
IQ,Iraq,1845.98450165112,1992
IQ,Iraq,1432.17203666133,1991
IQ,Iraq,4091.02857629177,1990
IQ,Iraq,2656.94549091326,1989
IQ,Iraq,2805.63679964615,1988
IQ,Iraq,2867.49189293871,1987
IQ,Iraq,2680.64710088407,1986
IQ,Iraq,2619.88206152247,1985
IQ,Iraq,2644.45602823193,1984
IQ,Iraq,2752.22021046526,1983
IQ,Iraq,3250.20185065901,1982
IQ,Iraq,3229.18755466833,1981
IQ,Iraq,3345.99102631639,1980
IQ,Iraq,2761.82477534583,1979
IQ,Iraq,2355.75875845994,1978
IQ,Iraq,2076.86041020543,1977
IQ,Iraq,2104.57225896738,1976
IQ,Iraq,1855.13128070697,1975
IQ,Iraq,1703.45189522242,1974
IQ,Iraq,1515.44470607219,1973
IQ,Iraq,1499.40390774615,1972
IQ,Iraq,1493.86957289718,1971
IQ,Iraq,1465.97049762468,1970
IE,Ireland,74559.3345776974,2017
IE,Ireland,70298.6577938644,2016
IE,Ireland,67719.1599244947,2015
IE,Ireland,54638.3756268248,2014
IE,Ireland,50587.2964066907,2013
IE,Ireland,50183.4565202567,2012
IE,Ireland,50304.6782308617,2011
IE,Ireland,48711.9499293773,2010
IE,Ireland,48054.4709695458,2009
IE,Ireland,51111.9961724819,2008
IE,Ireland,54568.6727078456,2007
IE,Ireland,53337.5046338153,2006
IE,Ireland,52163.639573258,2005
IE,Ireland,50452.9449893245,2004
IE,Ireland,48215.7122950804,2003
IE,Ireland,47601.1816131098,2002
IE,Ireland,45700.9635570816,2001
IE,Ireland,44089.2470254758,2000
IE,Ireland,40820.8174438088,1999
IE,Ireland,37352.4811414754,1998
IE,Ireland,34733.0882927856,1997
IE,Ireland,31635.5538626293,1996
IE,Ireland,29609.4134374367,1995
IE,Ireland,27146.2270876996,1994
IE,Ireland,25770.159543803,1993
IE,Ireland,25220.2099816622,1992
IE,Ireland,24571.3763916712,1991
IE,Ireland,24245.2058399067,1990
IE,Ireland,22371.5841974894,1989
IE,Ireland,21058.771962797,1988
IE,Ireland,19929.1144081434,1987
IE,Ireland,19043.1798479309,1986
IE,Ireland,19133.7905262357,1985
IE,Ireland,18590.8025864371,1984
IE,Ireland,17925.8122534683,1983
IE,Ireland,18097.5594179557,1982
IE,Ireland,17861.6038019627,1981
IE,Ireland,17490.4052136079,1980
IE,Ireland,17164.3051772698,1979
IE,Ireland,16875.9105887896,1978
IE,Ireland,15969.377935122,1977
IE,Ireland,14958.8040404464,1976
IE,Ireland,14977.3608150383,1975
IE,Ireland,14410.6693815247,1974
IE,Ireland,14052.7178940111,1973
IE,Ireland,13636.1042902661,1972
IE,Ireland,12996.8098229664,1971
IE,Ireland,12708.7720855012,1970
IM,Isle of Man,NA,2017
IM,Isle of Man,87381.7860359045,2016
IM,Isle of Man,81412.8744656074,2015
IM,Isle of Man,81902.3085073824,2014
IM,Isle of Man,77548.9134385828,2013
IM,Isle of Man,73720.5096474418,2012
IM,Isle of Man,71137.5402572204,2011
IM,Isle of Man,69766.5211886388,2010
IM,Isle of Man,67857.0960586518,2009
IM,Isle of Man,67152.220585748,2008
IM,Isle of Man,64993.8711622874,2007
IM,Isle of Man,61319.1871890134,2006
IM,Isle of Man,57629.9855618258,2005
IM,Isle of Man,54956.4596313018,2004
IM,Isle of Man,52661.1651783173,2003
IM,Isle of Man,49885.1251064786,2002
IM,Isle of Man,47492.6230213497,2001
IM,Isle of Man,45515.9619154884,2000
IM,Isle of Man,43743.7170184636,1999
IM,Isle of Man,39018.3909589249,1998
IM,Isle of Man,34883.387546469,1997
IM,Isle of Man,32554.9280003242,1996
IM,Isle of Man,30535.9213884749,1995
IM,Isle of Man,29474.4250625737,1994
IM,Isle of Man,28432.2394734028,1993
IM,Isle of Man,27787.9984703118,1992
IM,Isle of Man,27696.0947294637,1991
IM,Isle of Man,27504.4348955594,1990
IM,Isle of Man,26792.0460492811,1989
IM,Isle of Man,25570.6135533809,1988
IM,Isle of Man,23366.2571149318,1987
IM,Isle of Man,21677.2324451702,1986
IM,Isle of Man,18460.5143185633,1985
IM,Isle of Man,18519.20189419,1984
IM,Isle of Man,NA,1983
IM,Isle of Man,NA,1982
IM,Isle of Man,NA,1981
IM,Isle of Man,NA,1980
IM,Isle of Man,NA,1979
IM,Isle of Man,NA,1978
IM,Isle of Man,NA,1977
IM,Isle of Man,NA,1976
IM,Isle of Man,NA,1975
IM,Isle of Man,NA,1974
IM,Isle of Man,NA,1973
IM,Isle of Man,NA,1972
IM,Isle of Man,NA,1971
IM,Isle of Man,NA,1970
IL,Israel,34333.3619004441,2017
IL,Israel,33839.8348481301,2016
IL,Israel,33179.9434554644,2015
IL,Israel,32996.7469567795,2014
IL,Israel,32374.3342702397,2013
IL,Israel,31671.480002502,2012
IL,Israel,31593.0441204215,2011
IL,Israel,30659.1277511137,2010
IL,Israel,29594.4109274656,2009
IL,Israel,29961.4443192408,2008
IL,Israel,29645.9578663767,2007
IL,Israel,28532.0328493777,2006
IL,Israel,27500.1592072409,2005
IL,Israel,26926.2341579441,2004
IL,Israel,26290.6242727737,2003
IL,Israel,26521.3776722743,2002
IL,Israel,27057.5492569368,2001
IL,Israel,27686.4403352535,2000
IL,Israel,26390.5585125029,1999
IL,Israel,26235.7428355135,1998
IL,Israel,25893.6850625967,1997
IL,Israel,25544.339665245,1996
IL,Israel,24919.0794135841,1995
IL,Israel,24007.7299105443,1994
IL,Israel,22933.9709155289,1993
IL,Israel,22620.5194369983,1992
IL,Israel,21729.7560379135,1991
IL,Israel,21422.2650895618,1990
IL,Israel,20589.4072269337,1989
IL,Israel,20822.0060185731,1988
IL,Israel,20571.2854476862,1987
IL,Israel,19513.0680064405,1986
IL,Israel,19020.3320322238,1985
IL,Israel,18607.578971460902,1984
IL,Israel,18678.0497739239,1983
IL,Israel,18402.7686429918,1982
IL,Israel,18369.1213932404,1981
IL,Israel,17788.6851971689,1980
IL,Israel,17921.5816166884,1979
IL,Israel,17313.0706239367,1978
IL,Israel,16751.4859142264,1977
IL,Israel,16955.2629228498,1976
IL,Israel,17282.3085529991,1975
IL,Israel,17126.1163079909,1974
IL,Israel,16570.2329922164,1973
IL,Israel,16341.4459610107,1972
IL,Israel,14946.5989567383,1971
IL,Israel,13901.6646337283,1970
IT,Italy,35029.4264231408,2017
IT,Italy,34397.6509928518,2016
IT,Italy,33959.2937236277,2015
IT,Italy,33615.9717818679,2014
IT,Italy,33887.2981674565,2013
IT,Italy,34885.2968955209,2012
IT,Italy,35994.1335816766,2011
IT,Italy,35849.3731979401,2010
IT,Italy,35363.4004619474,2009
IT,Italy,37585.3373525671,2008
IT,Italy,38236.7956108395,2007
IT,Italy,37872.1683558927,2006
IT,Italy,37238.9365291342,2005
IT,Italy,37070.3305155452,2004
IT,Italy,36729.9755411316,2003
IT,Italy,36837.8639859992,2002
IT,Italy,36801.2938105496,2001
IT,Italy,36180.7783332899,2000
IT,Italy,34902.2621269685,1999
IT,Italy,34371.9820181408,1998
IT,Italy,33835.0731328908,1997
IT,Italy,33242.8522991256,1996
IT,Italy,32829.8827518868,1995
IT,Italy,31909.2367105491,1994
IT,Italy,31243.6790226551,1993
IT,Italy,31531.6900203869,1992
IT,Italy,31292.0530946068,1991
IT,Italy,30839.278333373,1990
IT,Italy,30264.1268256979,1989
IT,Italy,29294.2351298169,1988
IT,Italy,28128.5751368512,1987
IT,Italy,27261.2766251823,1986
IT,Italy,26504.734260523,1985
IT,Italy,25790.7479813438,1984
IT,Italy,24990.3609392227,1983
IT,Italy,24710.5165239465,1982
IT,Italy,24626.9756754019,1981
IT,Italy,24450.1443050625,1980
IT,Italy,23688.0591465442,1979
IT,Italy,22420.5738807156,1978
IT,Italy,21794.4336629366,1977
IT,Italy,21340.7658036232,1976
IT,Italy,20020.9225719472,1975
IT,Italy,20570.8183835409,1974
IT,Italy,19626.3936040595,1973
IT,Italy,18445.545571081,1972
IT,Italy,17890.3212930414,1971
IT,Italy,17653.0152595722,1970
JM,Jamaica,4776.2040775053,2017
JM,Jamaica,4753.70515629292,2016
JM,Jamaica,4713.64710197445,2015
JM,Jamaica,4697.18748242328,2014
JM,Jamaica,4691.89319102417,2013
JM,Jamaica,4695.60183427233,2012
JM,Jamaica,4751.74431496278,2011
JM,Jamaica,4696.84189437613,2010
JM,Jamaica,4791.25693856766,2009
JM,Jamaica,5033.59137891238,2008
JM,Jamaica,5099.80697311156,2007
JM,Jamaica,5053.03763911805,2006
JM,Jamaica,4936.48617487665,2005
JM,Jamaica,4919.66573436915,2004
JM,Jamaica,4883.3099203848,2003
JM,Jamaica,4739.62865951842,2002
JM,Jamaica,4678.33841081802,2001
JM,Jamaica,4651.03274853509,2000
JM,Jamaica,4649.09337904085,1999
JM,Jamaica,4642.86718204628,1998
JM,Jamaica,4799.76381533078,1997
JM,Jamaica,4903.10277575668,1996
JM,Jamaica,4956.97587375457,1995
JM,Jamaica,4890.77983603601,1994
JM,Jamaica,4871.53973863781,1993
JM,Jamaica,4494.83690983052,1992
JM,Jamaica,4447.87004854476,1991
JM,Jamaica,4276.66415497026,1990
JM,Jamaica,4132.34023867203,1989
JM,Jamaica,3878.43229091988,1988
JM,Jamaica,3752.19661021478,1987
JM,Jamaica,3504.49970879686,1986
JM,Jamaica,3473.10393922173,1985
JM,Jamaica,3623.65852536373,1984
JM,Jamaica,3736.52719816708,1983
JM,Jamaica,3728.36896670092,1982
JM,Jamaica,3714.52981293931,1981
JM,Jamaica,3676.02438137379,1980
JM,Jamaica,3953.76110896606,1979
JM,Jamaica,4047.12473642764,1978
JM,Jamaica,4098.09714412668,1977
JM,Jamaica,4259.51561526241,1976
JM,Jamaica,4626.67894069822,1975
JM,Jamaica,4707.51505182244,1974
JM,Jamaica,4993.70525341894,1973
JM,Jamaica,5370.56172190541,1972
JM,Jamaica,4624.65923494668,1971
JM,Jamaica,4582.61631541786,1970
JP,Japan,48438.8345811643,2017
JP,Japan,47444.1435613443,2016
JP,Japan,47102.5808781328,2015
JP,Japan,46484.1552668943,2014
JP,Japan,46249.2095886497,2013
JP,Japan,45276.8743354208,2012
JP,Japan,44538.7261906961,2011
JP,Japan,44507.6763859172,2010
JP,Japan,42724.7603699506,2009
JP,Japan,45165.787918765804,2008
JP,Japan,45687.2738147656,2007
JP,Japan,44995.4944919199,2006
JP,Japan,44393.6263842136,2005
JP,Japan,43671.6799739019,2004
JP,Japan,42744.01128499,2003
JP,Japan,42190.8048728002,2002
JP,Japan,42239.1849263722,2001
JP,Japan,42169.7332837728,2000
JP,Japan,41097.9596039728,1999
JP,Japan,41277.0667588089,1998
JP,Japan,41861.7534385858,1997
JP,Japan,41514.8977946698,1996
JP,Japan,40368.7122822971,1995
JP,Japan,39441.5867622391,1994
JP,Japan,39187.0345374998,1993
JP,Japan,39488.3934345231,1992
JP,Japan,39253.6418414259,1991
JP,Japan,38074.4635372551,1990
JP,Japan,36422.6070094665,1989
JP,Japan,34877.6552283176,1988
JP,Japan,32801.2061871434,1987
JP,Japan,31473.9984330858,1986
JP,Japan,30646.8786159949,1985
JP,Japan,29301.3658497302,1984
JP,Japan,28217.4982124445,1983
JP,Japan,27443.6096477109,1982
JP,Japan,26744.5561182362,1981
JP,Japan,25854.5750247978,1980
JP,Japan,25343.9836795834,1979
JP,Japan,24229.6229443581,1978
JP,Japan,23225.4357107301,1977
JP,Japan,22464.0862125623,1976
JP,Japan,21765.6691612111,1975
JP,Japan,21453.7065366016,1974
JP,Japan,22138.4313978023,1973
JP,Japan,20662.7046487824,1972
JP,Japan,19328.0090383104,1971
JP,Japan,18699.7429578181,1970
JO,Jordan,3232.75834375668,2017
JO,Jordan,3241.25076482136,2016
JO,Jordan,3275.27219379511,2015
JO,Jordan,3323.03309599158,2014
JO,Jordan,3374.40881441605,2013
JO,Jordan,3455.80112701204,2012
JO,Jordan,3554.46233506079,2011
JO,Jordan,3656.45367450307,2010
JO,Jordan,3764.78426460065,2009
JO,Jordan,3752.65035522893,2008
JO,Jordan,3668.05547488475,2007
JO,Jordan,3540.09075638119,2006
JO,Jordan,3403.35155646294,2005
JO,Jordan,3251.53150116388,2004
JO,Jordan,3075.5308974405,2003
JO,Jordan,3017.37152156993,2002
JO,Jordan,2907.14042929886,2001
JO,Jordan,2812.77198721841,2000
JO,Jordan,2746.87910880256,1999
JO,Jordan,2703.47924818333,1998
JO,Jordan,2676.55744452355,1997
JO,Jordan,2654.18401670976,1996
JO,Jordan,2681.5075117908,1995
JO,Jordan,2627.48117696806,1994
JO,Jordan,2627.06182307282,1993
JO,Jordan,2652.10891145229,1992
JO,Jordan,2364.03090763901,1991
JO,Jordan,2448.39017203015,1990
JO,Jordan,2543.58777517349,1989
JO,Jordan,3067.78399743962,1988
JO,Jordan,3250.1929782771,1987
JO,Jordan,3280.76703622849,1986
JO,Jordan,3187.56611573314,1985
JO,Jordan,3208.97078920009,1984
JO,Jordan,3078.74591718647,1983
JO,Jordan,3145.69438519327,1982
JO,Jordan,3046.62076378687,1981
JO,Jordan,3015.94278243543,1980
JO,Jordan,2616.53923346019,1979
JO,Jordan,2467.68968375468,1978
JO,Jordan,2094.15991250394,1977
JO,Jordan,2018.19178991995,1976
JO,Jordan,1668.5247358517,1975
JO,Jordan,NA,1974
JO,Jordan,NA,1973
JO,Jordan,NA,1972
JO,Jordan,NA,1971
JO,Jordan,NA,1970
KZ,Kazakhstan,10867.738737726,2017
KZ,Kazakhstan,10582.7008718243,2016
KZ,Kazakhstan,10617.4746550169,2015
KZ,Kazakhstan,10646.0344648129,2014
KZ,Kazakhstan,10368.4992994867,2013
KZ,Kazakhstan,9923.42220833588,2012
KZ,Kazakhstan,9603.24465532864,2011
KZ,Kazakhstan,9070.48825285747,2010
KZ,Kazakhstan,8573.70829395042,2009
KZ,Kazakhstan,8698.42365358633,2008
KZ,Kazakhstan,8523.76620456842,2007
KZ,Kazakhstan,7917.19534233992,2006
KZ,Kazakhstan,7227.98294897369,2005
KZ,Kazakhstan,6647.6921294863,2004
KZ,Kazakhstan,6107.70925919321,2003
KZ,Kazakhstan,5606.85299730821,2002
KZ,Kazakhstan,5106.6341669994,2001
KZ,Kazakhstan,4491.59182332101,2000
KZ,Kazakhstan,4078.42679260504,1999
KZ,Kazakhstan,3933.55776762162,1998
KZ,Kazakhstan,3941.12484785733,1997
KZ,Kazakhstan,3814.4993269459,1996
KZ,Kazakhstan,3738.4694732917,1995
KZ,Kazakhstan,4001.66928058123,1994
KZ,Kazakhstan,4512.62020399236,1993
KZ,Kazakhstan,4936.99125131982,1992
KZ,Kazakhstan,5209.68159951374,1991
KZ,Kazakhstan,5890.27604341737,1990
KZ,Kazakhstan,NA,1989
KZ,Kazakhstan,NA,1988
KZ,Kazakhstan,NA,1987
KZ,Kazakhstan,NA,1986
KZ,Kazakhstan,NA,1985
KZ,Kazakhstan,NA,1984
KZ,Kazakhstan,NA,1983
KZ,Kazakhstan,NA,1982
KZ,Kazakhstan,NA,1981
KZ,Kazakhstan,NA,1980
KZ,Kazakhstan,NA,1979
KZ,Kazakhstan,NA,1978
KZ,Kazakhstan,NA,1977
KZ,Kazakhstan,NA,1976
KZ,Kazakhstan,NA,1975
KZ,Kazakhstan,NA,1974
KZ,Kazakhstan,NA,1973
KZ,Kazakhstan,NA,1972
KZ,Kazakhstan,NA,1971
KZ,Kazakhstan,NA,1970
KE,Kenya,1157.05248776621,2017
KE,Kenya,1129.71319597921,2016
KE,Kenya,1093.13417027403,2015
KE,Kenya,1060.09501596406,2014
KE,Kenya,1032.2773268424,2013
KE,Kenya,1000.8292167941,2012
KE,Kenya,982.980837581714,2011
KE,Kenya,951.687961116879,2010
KE,Kenya,902.124545867569,2009
KE,Kenya,897.601930611382,2008
KE,Kenya,920.649216604445,2007
KE,Kenya,885.809632464257,2006
KE,Kenya,855.225039996787,2005
KE,Kenya,829.952874962489,2004
KE,Kenya,811.426558401271,2003
KE,Kenya,809.961627867232,2002
KE,Kenya,827.705229937068,2001
KE,Kenya,819.615425085922,2000
KE,Kenya,837.411877582187,1999
KE,Kenya,841.49444415629,1998
KE,Kenya,837.810655693543,1997
KE,Kenya,857.948176122027,1996
KE,Kenya,848.147813422001,1995
KE,Kenya,837.003708980988,1994
KE,Kenya,840.941134211088,1993
KE,Kenya,864.787001525433,1992
KE,Kenya,900.352505841296,1991
KE,Kenya,917.408011957574,1990
KE,Kenya,910.806181663459,1989
KE,Kenya,900.687238937331,1988
KE,Kenya,878.681884791206,1987
KE,Kenya,859.98640651891,1986
KE,Kenya,832.487390744966,1985
KE,Kenya,828.62215287543,1984
KE,Kenya,845.902196221972,1983
KE,Kenya,867.710946599727,1982
KE,Kenya,888.520172385293,1981
KE,Kenya,889.937115239388,1980
KE,Kenya,875.853479459166,1979
KE,Kenya,845.583660156293,1978
KE,Kenya,821.517998419167,1977
KE,Kenya,779.45383966191,1976
KE,Kenya,792.264715731568,1975
KE,Kenya,815.276946896821,1974
KE,Kenya,813.053887313424,1973
KE,Kenya,796.525533385137,1972
KE,Kenya,705.462222459711,1971
KE,Kenya,598.457426165572,1970
KI,Kiribati,1753.29559989529,2017
KI,Kiribati,1772.93279639374,2016
KI,Kiribati,1710.65641002456,2015
KI,Kiribati,1571.2303626498,2014
KI,Kiribati,1604.2849703894,2013
KI,Kiribati,1561.40029843359,2012
KI,Kiribati,1514.4979214378,2011
KI,Kiribati,1516.81186907787,2010
KI,Kiribati,1561.24762121981,2009
KI,Kiribati,1582.82972456681,2008
KI,Kiribati,1654.05592684939,2007
KI,Kiribati,1658.59507721265,2006
KI,Kiribati,1695.6838253286,2005
KI,Kiribati,1648.28087232712,2004
KI,Kiribati,1706.96806630926,2003
KI,Kiribati,1702.72019347007,2002
KI,Kiribati,1668.40801592887,2001
KI,Kiribati,1722.46241840075,2000
KI,Kiribati,1648.96379800244,1999
KI,Kiribati,1703.8060075498,1998
KI,Kiribati,1626.25473875117,1997
KI,Kiribati,1625.62526434188,1996
KI,Kiribati,1622.80060893809,1995
KI,Kiribati,1645.08845348239,1994
KI,Kiribati,1637.58192752684,1993
KI,Kiribati,1644.09309007685,1992
KI,Kiribati,1653.54956739876,1991
KI,Kiribati,1683.0576618888,1990
KI,Kiribati,1734.89145092919,1989
KI,Kiribati,1841.07196486317,1988
KI,Kiribati,1732.52629760093,1987
KI,Kiribati,1958.12091034833,1986
KI,Kiribati,2021.31090370244,1985
KI,Kiribati,2214.64367512004,1984
KI,Kiribati,2147.02456125756,1983
KI,Kiribati,2194.41188582209,1982
KI,Kiribati,2080.72744703445,1981
KI,Kiribati,2181.00199801528,1980
KI,Kiribati,2649.75416759771,1979
KI,Kiribati,3040.79865777579,1978
KI,Kiribati,3054.18476490993,1977
KI,Kiribati,3249.96881796966,1976
KI,Kiribati,4503.14543323727,1975
KI,Kiribati,4336.13389075522,1974
KI,Kiribati,3027.67126987254,1973
KI,Kiribati,2540.74651156709,1972
KI,Kiribati,2301.8092038506,1971
KI,Kiribati,2393.93703678538,1970
KP,"Korea, Dem. People’s Rep.",NA,2017
KP,"Korea, Dem. People’s Rep.",NA,2016
KP,"Korea, Dem. People’s Rep.",NA,2015
KP,"Korea, Dem. People’s Rep.",NA,2014
KP,"Korea, Dem. People’s Rep.",NA,2013
KP,"Korea, Dem. People’s Rep.",NA,2012
KP,"Korea, Dem. People’s Rep.",NA,2011
KP,"Korea, Dem. People’s Rep.",NA,2010
KP,"Korea, Dem. People’s Rep.",NA,2009
KP,"Korea, Dem. People’s Rep.",NA,2008
KP,"Korea, Dem. People’s Rep.",NA,2007
KP,"Korea, Dem. People’s Rep.",NA,2006
KP,"Korea, Dem. People’s Rep.",NA,2005
KP,"Korea, Dem. People’s Rep.",NA,2004
KP,"Korea, Dem. People’s Rep.",NA,2003
KP,"Korea, Dem. People’s Rep.",NA,2002
KP,"Korea, Dem. People’s Rep.",NA,2001
KP,"Korea, Dem. People’s Rep.",NA,2000
KP,"Korea, Dem. People’s Rep.",NA,1999
KP,"Korea, Dem. People’s Rep.",NA,1998
KP,"Korea, Dem. People’s Rep.",NA,1997
KP,"Korea, Dem. People’s Rep.",NA,1996
KP,"Korea, Dem. People’s Rep.",NA,1995
KP,"Korea, Dem. People’s Rep.",NA,1994
KP,"Korea, Dem. People’s Rep.",NA,1993
KP,"Korea, Dem. People’s Rep.",NA,1992
KP,"Korea, Dem. People’s Rep.",NA,1991
KP,"Korea, Dem. People’s Rep.",NA,1990
KP,"Korea, Dem. People’s Rep.",NA,1989
KP,"Korea, Dem. People’s Rep.",NA,1988
KP,"Korea, Dem. People’s Rep.",NA,1987
KP,"Korea, Dem. People’s Rep.",NA,1986
KP,"Korea, Dem. People’s Rep.",NA,1985
KP,"Korea, Dem. People’s Rep.",NA,1984
KP,"Korea, Dem. People’s Rep.",NA,1983
KP,"Korea, Dem. People’s Rep.",NA,1982
KP,"Korea, Dem. People’s Rep.",NA,1981
KP,"Korea, Dem. People’s Rep.",NA,1980
KP,"Korea, Dem. People’s Rep.",NA,1979
KP,"Korea, Dem. People’s Rep.",NA,1978
KP,"Korea, Dem. People’s Rep.",NA,1977
KP,"Korea, Dem. People’s Rep.",NA,1976
KP,"Korea, Dem. People’s Rep.",NA,1975
KP,"Korea, Dem. People’s Rep.",NA,1974
KP,"Korea, Dem. People’s Rep.",NA,1973
KP,"Korea, Dem. People’s Rep.",NA,1972
KP,"Korea, Dem. People’s Rep.",NA,1971
KP,"Korea, Dem. People’s Rep.",NA,1970
KR,"Korea, Rep.",26152.0307748563,2017
KR,"Korea, Rep.",25484.0375903163,2016
KR,"Korea, Rep.",24870.7708964387,2015
KR,"Korea, Rep.",24323.5728375795,2014
KR,"Korea, Rep.",23685.4067110429,2013
KR,"Korea, Rep.",23123.7613575514,2012
KR,"Korea, Rep.",22724.7055707813,2011
KR,"Korea, Rep.",22086.9529193201,2010
KR,"Korea, Rep.",20843.1348004932,2009
KR,"Korea, Rep.",20803.5005404023,2008
KR,"Korea, Rep.",20385.3200379602,2007
KR,"Korea, Rep.",19427.1898414365,2006
KR,"Korea, Rep.",18568.3628147064,2005
KR,"Korea, Rep.",17905.2257914499,2004
KR,"Korea, Rep.",17136.6615671131,2003
KR,"Korea, Rep.",16734.8456640213,2002
KR,"Korea, Rep.",15667.3784594262,2001
KR,"Korea, Rep.",15104.5215176462,2000
KR,"Korea, Rep.",13983.4128290361,1999
KR,"Korea, Rep.",12652.3534853386,1998
KR,"Korea, Rep.",13481.6261712846,1997
KR,"Korea, Rep.",12847.770996661,1996
KR,"Korea, Rep.",12055.2312884405,1995
KR,"Korea, Rep.",11113.5130969854,1994
KR,"Korea, Rep.",10279.5472758828,1993
KR,"Korea, Rep.",9719.06200438635,1992
KR,"Korea, Rep.",9249.38879200146,1991
KR,"Korea, Rep.",8464.93705011657,1990
KR,"Korea, Rep.",7784.94135489639,1989
KR,"Korea, Rep.",7345.92642153515,1988
KR,"Korea, Rep.",6629.04152192469,1987
KR,"Korea, Rep.",5952.54901168501,1986
KR,"Korea, Rep.",5405.35427611252,1985
KR,"Korea, Rep.",5066.22210707343,1984
KR,"Korea, Rep.",4644.1437462986,1983
KR,"Korea, Rep.",4161.98327251673,1982
KR,"Korea, Rep.",3904.12801351381,1981
KR,"Korea, Rep.",3699.84991027243,1980
KR,"Korea, Rep.",3823.00218326617,1979
KR,"Korea, Rep.",3573.22144745355,1978
KR,"Korea, Rep.",3275.05015276067,1977
KR,"Korea, Rep.",2962.75281499353,1976
KR,"Korea, Rep.",2661.38911078668,1975
KR,"Korea, Rep.",2509.21949896389,1974
KR,"Korea, Rep.",2331.9429937378,1973
KR,"Korea, Rep.",2067.0520475836,1972
KR,"Korea, Rep.",1965.63873329769,1971
KR,"Korea, Rep.",1815.0177529679,1970
XK,Kosovo,4058.82262576765,2017
XK,Kosovo,3925.27022222405,2016
XK,Kosovo,3802.39391549143,2015
XK,Kosovo,3612.72910097733,2014
XK,Kosovo,3565.45711917871,2013
XK,Kosovo,3483.26765326742,2012
XK,Kosovo,3412.09286867549,2011
XK,Kosovo,3283.51030374783,2010
XK,Kosovo,3203.95402168657,2009
XK,Kosovo,3125.35208331566,2008
XK,Kosovo,3069.37696478603,2007
XK,Kosovo,2884.00070228026,2006
XK,Kosovo,2781.98463026585,2005
XK,Kosovo,2625.47365678038,2004
XK,Kosovo,2560.37510314323,2003
XK,Kosovo,2417.54130572341,2002
XK,Kosovo,2436.26104876574,2001
XK,Kosovo,1920.01229988026,2000
XK,Kosovo,NA,1999
XK,Kosovo,NA,1998
XK,Kosovo,NA,1997
XK,Kosovo,NA,1996
XK,Kosovo,NA,1995
XK,Kosovo,NA,1994
XK,Kosovo,NA,1993
XK,Kosovo,NA,1992
XK,Kosovo,NA,1991
XK,Kosovo,NA,1990
XK,Kosovo,NA,1989
XK,Kosovo,NA,1988
XK,Kosovo,NA,1987
XK,Kosovo,NA,1986
XK,Kosovo,NA,1985
XK,Kosovo,NA,1984
XK,Kosovo,NA,1983
XK,Kosovo,NA,1982
XK,Kosovo,NA,1981
XK,Kosovo,NA,1980
XK,Kosovo,NA,1979
XK,Kosovo,NA,1978
XK,Kosovo,NA,1977
XK,Kosovo,NA,1976
XK,Kosovo,NA,1975
XK,Kosovo,NA,1974
XK,Kosovo,NA,1973
XK,Kosovo,NA,1972
XK,Kosovo,NA,1971
XK,Kosovo,NA,1970
KW,Kuwait,33790.3343267077,2017
KW,Kuwait,35887.1002017771,2016
KW,Kuwait,35969.3493105175,2015
KW,Kuwait,37158.6396671062,2014
KW,Kuwait,38698.8725418702,2013
KW,Kuwait,40287.4084092696,2012
KW,Kuwait,39939.9318474037,2011
KW,Kuwait,38577.3816572031,2010
KW,Kuwait,41905.5096009352,2009
KW,Kuwait,47898.7501602237,2008
KW,Kuwait,49576.7038405222,2007
KW,Kuwait,49342.6946287444,2006
KW,Kuwait,47983.2400906745,2005
KW,Kuwait,44971.8824791805,2004
KW,Kuwait,41332.222133429,2003
KW,Kuwait,35636.3603621936,2002
KW,Kuwait,35153.0105556567,2001
KW,Kuwait,35891.0331847397,2000
KW,Kuwait,35923.8079180499,1999
KW,Kuwait,38985.6272309318,1998
KW,Kuwait,40266.1546919045,1997
KW,Kuwait,41308.6565329174,1996
KW,Kuwait,41595.9999529527,1995
KW,Kuwait,NA,1994
KW,Kuwait,NA,1993
KW,Kuwait,NA,1992
KW,Kuwait,NA,1991
KW,Kuwait,NA,1990
KW,Kuwait,NA,1989
KW,Kuwait,NA,1988
KW,Kuwait,NA,1987
KW,Kuwait,NA,1986
KW,Kuwait,NA,1985
KW,Kuwait,NA,1984
KW,Kuwait,NA,1983
KW,Kuwait,NA,1982
KW,Kuwait,NA,1981
KW,Kuwait,NA,1980
KW,Kuwait,NA,1979
KW,Kuwait,NA,1978
KW,Kuwait,NA,1977
KW,Kuwait,NA,1976
KW,Kuwait,NA,1975
KW,Kuwait,NA,1974
KW,Kuwait,NA,1973
KW,Kuwait,NA,1972
KW,Kuwait,NA,1971
KW,Kuwait,NA,1970
KG,Kyrgyz Republic,1070.36894328941,2017
KG,Kyrgyz Republic,1042.2803275725,2016
KG,Kyrgyz Republic,1019.8769713862,2015
KG,Kyrgyz Republic,1002.01557983407,2014
KG,Kyrgyz Republic,983.00007466258,2013
KG,Kyrgyz Republic,904.152349504022,2012
KG,Kyrgyz Republic,921.177039121392,2011
KG,Kyrgyz Republic,880.037775119109,2010
KG,Kyrgyz Republic,894.81795864929,2009
KG,Kyrgyz Republic,880.278820143015,2008
KG,Kyrgyz Republic,819.806297297808,2007
KG,Kyrgyz Republic,762.520116111145,2006
KG,Kyrgyz Republic,747.565616648644,2005
KG,Kyrgyz Republic,757.374428304605,2004
KG,Kyrgyz Republic,716.26425084356,2003
KG,Kyrgyz Republic,676.269634182213,2002
KG,Kyrgyz Republic,682.624141983275,2001
KG,Kyrgyz Republic,654.312311839923,2000
KG,Kyrgyz Republic,628.069322847163,1999
KG,Kyrgyz Republic,614.989848634769,1998
KG,Kyrgyz Republic,611.521285879766,1997
KG,Kyrgyz Republic,564.531454061683,1996
KG,Kyrgyz Republic,535.043964563196,1995
KG,Kyrgyz Republic,571.403996831761,1994
KG,Kyrgyz Republic,714.762829974722,1993
KG,Kyrgyz Republic,845.709606636806,1992
KG,Kyrgyz Republic,993.509724982556,1991
KG,Kyrgyz Republic,1095.93262805238,1990
KG,Kyrgyz Republic,1056.95211164466,1989
KG,Kyrgyz Republic,1049.98483072137,1988
KG,Kyrgyz Republic,944.064394122256,1987
KG,Kyrgyz Republic,931.457997187948,1986
KG,Kyrgyz Republic,NA,1985
KG,Kyrgyz Republic,NA,1984
KG,Kyrgyz Republic,NA,1983
KG,Kyrgyz Republic,NA,1982
KG,Kyrgyz Republic,NA,1981
KG,Kyrgyz Republic,NA,1980
KG,Kyrgyz Republic,NA,1979
KG,Kyrgyz Republic,NA,1978
KG,Kyrgyz Republic,NA,1977
KG,Kyrgyz Republic,NA,1976
KG,Kyrgyz Republic,NA,1975
KG,Kyrgyz Republic,NA,1974
KG,Kyrgyz Republic,NA,1973
KG,Kyrgyz Republic,NA,1972
KG,Kyrgyz Republic,NA,1971
KG,Kyrgyz Republic,NA,1970
LA,Lao PDR,1706.13351459672,2017
LA,Lao PDR,1621.73526466858,2016
LA,Lao PDR,1538.84436834536,2015
LA,Lao PDR,1456.46765527935,2014
LA,Lao PDR,1373.81443750225,2013
LA,Lao PDR,1290.83774819673,2012
LA,Lao PDR,1213.18469310894,2011
LA,Lao PDR,1140.59920478703,2010
LA,Lao PDR,1068.16851075414,2009
LA,Lao PDR,1010.39066541789,2008
LA,Lao PDR,953.092091962223,2007
LA,Lao PDR,900.780853320282,2006
LA,Lao PDR,842.9118834439,2005
LA,Lao PDR,799.41190476348,2004
LA,Lao PDR,763.158775210105,2003
LA,Lao PDR,730.429271297853,2002
LA,Lao PDR,700.278330592421,2001
LA,Lao PDR,672.875388277317,2000
LA,Lao PDR,646.728737335868,1999
LA,Lao PDR,613.324393314807,1998
LA,Lao PDR,600.932234612855,1997
LA,Lao PDR,573.547813812489,1996
LA,Lao PDR,547.974321398575,1995
LA,Lao PDR,523.936682973222,1994
LA,Lao PDR,496.565836632057,1993
LA,Lao PDR,481.304264532372,1992
LA,Lao PDR,468.564034543179,1991
LA,Lao PDR,462.001627182118,1990
LA,Lao PDR,445.487049550732,1989
LA,Lao PDR,401.578166236509,1988
LA,Lao PDR,421.912999772349,1987
LA,Lao PDR,440.574745996754,1986
LA,Lao PDR,432.162177549622,1985
LA,Lao PDR,422.959241865704,1984
LA,Lao PDR,NA,1983
LA,Lao PDR,NA,1982
LA,Lao PDR,NA,1981
LA,Lao PDR,NA,1980
LA,Lao PDR,NA,1979
LA,Lao PDR,NA,1978
LA,Lao PDR,NA,1977
LA,Lao PDR,NA,1976
LA,Lao PDR,NA,1975
LA,Lao PDR,NA,1974
LA,Lao PDR,NA,1973
LA,Lao PDR,NA,1972
LA,Lao PDR,NA,1971
LA,Lao PDR,NA,1970
LV,Latvia,15532.2250291868,2017
LV,Latvia,14713.0180826353,2016
LV,Latvia,14284.2883301309,2015
LV,Latvia,13758.9553079116,2014
LV,Latvia,13381.3317300188,2013
LV,Latvia,12924.7261592272,2012
LV,Latvia,12270.3406215312,2011
LV,Latvia,11326.2194746243,2010
LV,Latvia,11547.9907675541,2009
LV,Latvia,13270.0004134053,2008
LV,Latvia,13614.2563693779,2007
LV,Latvia,12278.3070358248,2006
LV,Latvia,10873.4142851194,2005
LV,Latvia,9717.10904632295,2004
LV,Latvia,8872.10319923346,2003
LV,Latvia,8103.58763662909,2002
LV,Latvia,7478.76310467515,2001
LV,Latvia,6934.72292638759,2000
LV,Latvia,6515.89272282384,1999
LV,Latvia,6298.12609983124,1998
LV,Latvia,5857.03658202075,1997
LV,Latvia,5321.39679038991,1996
LV,Latvia,5140.52815929204,1995
LV,Latvia,5160.58194802102,1994
LV,Latvia,NA,1993
LV,Latvia,NA,1992
LV,Latvia,NA,1991
LV,Latvia,NA,1990
LV,Latvia,NA,1989
LV,Latvia,NA,1988
LV,Latvia,NA,1987
LV,Latvia,NA,1986
LV,Latvia,NA,1985
LV,Latvia,NA,1984
LV,Latvia,NA,1983
LV,Latvia,NA,1982
LV,Latvia,NA,1981
LV,Latvia,NA,1980
LV,Latvia,NA,1979
LV,Latvia,NA,1978
LV,Latvia,NA,1977
LV,Latvia,NA,1976
LV,Latvia,NA,1975
LV,Latvia,NA,1974
LV,Latvia,NA,1973
LV,Latvia,NA,1972
LV,Latvia,NA,1971
LV,Latvia,NA,1970
LB,Lebanon,6271.2193232913,2017
LB,Lebanon,6330.42360672236,2016
LB,Lebanon,6400.57906671425,2015
LB,Lebanon,6649.21377221184,2014
LB,Lebanon,6909.99395507347,2013
LB,Lebanon,7190.73794578985,2012
LB,Lebanon,7452.83480636987,2011
LB,Lebanon,7756.74406876812,2010
LB,Lebanon,7388.58736122261,2009
LB,Lebanon,6781.60681081716,2008
LB,Lebanon,6204.09687784295,2007
LB,Lebanon,5683.13383505321,2006
LB,Lebanon,5660.58978165366,2005
LB,Lebanon,5665.17192603489,2004
LB,Lebanon,5549.56082043425,2003
LB,Lebanon,5641.09367183125,2002
LB,Lebanon,5715.69480633084,2001
LB,Lebanon,5716.6588512092,2000
LB,Lebanon,5783.97202727955,1999
LB,Lebanon,5899.92920538492,1998
LB,Lebanon,5745.89960878822,1997
LB,Lebanon,5761.1238546418,1996
LB,Lebanon,5297.59525730321,1995
LB,Lebanon,5159.4759643499,1994
LB,Lebanon,5003.81188878993,1993
LB,Lebanon,4767.12129466098,1992
LB,Lebanon,4310.50974043075,1991
LB,Lebanon,3006.4011220893,1990
LB,Lebanon,2442.73604396303,1989
LB,Lebanon,4310.66107063231,1988
LB,Lebanon,NA,1987
LB,Lebanon,NA,1986
LB,Lebanon,NA,1985
LB,Lebanon,NA,1984
LB,Lebanon,NA,1983
LB,Lebanon,NA,1982
LB,Lebanon,NA,1981
LB,Lebanon,NA,1980
LB,Lebanon,NA,1979
LB,Lebanon,NA,1978
LB,Lebanon,NA,1977
LB,Lebanon,NA,1976
LB,Lebanon,NA,1975
LB,Lebanon,NA,1974
LB,Lebanon,NA,1973
LB,Lebanon,NA,1972
LB,Lebanon,NA,1971
LB,Lebanon,NA,1970
LS,Lesotho,1392.30325414342,2017
LS,Lesotho,1436.1495317694,2016
LS,Lesotho,1402.70368528975,2015
LS,Lesotho,1375.34996500503,2014
LS,Lesotho,1343.52354264215,2013
LS,Lesotho,1328.05793966893,2012
LS,Lesotho,1259.91253843096,2011
LS,Lesotho,1183.42152969065,2010
LS,Lesotho,1118.73248030413,2009
LS,Lesotho,1096.79424446377,2008
LS,Lesotho,1027.649712212,2007
LS,Lesotho,978.787232862544,2006
LS,Lesotho,936.1589332324,2005
LS,Lesotho,900.365435243123,2004
LS,Lesotho,879.938494863134,2003
LS,Lesotho,836.804997990131,2002
LS,Lesotho,828.379134510385,2001
LS,Lesotho,801.045671161785,2000
LS,Lesotho,776.150479538961,1999
LS,Lesotho,781.064229903553,1998
LS,Lesotho,780.755549752974,1997
LS,Lesotho,766.009621648596,1996
LS,Lesotho,739.045691709659,1995
LS,Lesotho,729.827305422107,1994
LS,Lesotho,703.418955670476,1993
LS,Lesotho,694.800638589161,1992
LS,Lesotho,664.428449187294,1991
LS,Lesotho,635.29787367763,1990
LS,Lesotho,612.447174430899,1989
LS,Lesotho,591.522581888226,1988
LS,Lesotho,556.476255927954,1987
LS,Lesotho,564.720661239477,1986
LS,Lesotho,552.018189877714,1985
LS,Lesotho,551.135347796489,1984
LS,Lesotho,535.517982289908,1983
LS,Lesotho,538.949455606787,1982
LS,Lesotho,530.020712406684,1981
LS,Lesotho,541.109208880978,1980
LS,Lesotho,572.434797040058,1979
LS,Lesotho,572.809034901427,1978
LS,Lesotho,498.580342882654,1977
LS,Lesotho,421.321354596193,1976
LS,Lesotho,390.098223986857,1975
LS,Lesotho,463.081700795666,1974
LS,Lesotho,427.767221574331,1973
LS,Lesotho,346.511076960931,1972
LS,Lesotho,355.290205236495,1971
LS,Lesotho,345.787140740033,1970
LR,Liberia,548.010538342081,2017
LR,Liberia,548.268143607989,2016
LR,Liberia,571.453129531788,2015
LR,Liberia,586.229360784297,2014
LR,Liberia,597.381389680455,2013
LR,Liberia,564.520844221776,2012
LR,Liberia,538.11623500132,2011
LR,Liberia,513.445698620224,2010
LR,Liberia,501.615734791463,2009
LR,Liberia,495.679015083664,2008
LR,Liberia,482.124952731092,2007
LR,Liberia,457.699212126197,2006
LR,Liberia,438.247567042964,2005
LR,Liberia,427.21118312232,2004
LR,Liberia,424.231862841808,2003
LR,Liberia,617.811266028939,2002
LR,Liberia,609.677179115426,2001
LR,Liberia,614.312359313008,2000
LR,Liberia,NA,1999
LR,Liberia,NA,1998
LR,Liberia,NA,1997
LR,Liberia,NA,1996
LR,Liberia,NA,1995
LR,Liberia,NA,1994
LR,Liberia,NA,1993
LR,Liberia,NA,1992
LR,Liberia,NA,1991
LR,Liberia,NA,1990
LR,Liberia,NA,1989
LR,Liberia,NA,1988
LR,Liberia,NA,1987
LR,Liberia,NA,1986
LR,Liberia,NA,1985
LR,Liberia,NA,1984
LR,Liberia,NA,1983
LR,Liberia,NA,1982
LR,Liberia,NA,1981
LR,Liberia,NA,1980
LR,Liberia,NA,1979
LR,Liberia,NA,1978
LR,Liberia,NA,1977
LR,Liberia,NA,1976
LR,Liberia,NA,1975
LR,Liberia,NA,1974
LR,Liberia,NA,1973
LR,Liberia,NA,1972
LR,Liberia,NA,1971
LR,Liberia,NA,1970
LY,Libya,7085.53065888283,2017
LY,Libya,5669.73394586099,2016
LY,Libya,5899.89964685628,2015
LY,Libya,6530.85671467715,2014
LY,Libya,8649.8984096106,2013
LY,Libya,10066.5790283158,2012
LY,Libya,4539.00252138836,2011
LY,Libya,12064.7806924218,2010
LY,Libya,11607.1982788564,2009
LY,Libya,11844.9252400819,2008
LY,Libya,11699.3143201487,2007
LY,Libya,11164.8087386679,2006
LY,Libya,10642.8965689334,2005
LY,Libya,9660.94817358162,2004
LY,Libya,9395.76598464741,2003
LY,Libya,8448.12229969998,2002
LY,Libya,8667.56366237605,2001
LY,Libya,8963.66583654145,2000
LY,Libya,8779.89138318819,1999
LY,Libya,NA,1998
LY,Libya,NA,1997
LY,Libya,NA,1996
LY,Libya,NA,1995
LY,Libya,NA,1994
LY,Libya,NA,1993
LY,Libya,NA,1992
LY,Libya,NA,1991
LY,Libya,NA,1990
LY,Libya,NA,1989
LY,Libya,NA,1988
LY,Libya,NA,1987
LY,Libya,NA,1986
LY,Libya,NA,1985
LY,Libya,NA,1984
LY,Libya,NA,1983
LY,Libya,NA,1982
LY,Libya,NA,1981
LY,Libya,NA,1980
LY,Libya,NA,1979
LY,Libya,NA,1978
LY,Libya,NA,1977
LY,Libya,NA,1976
LY,Libya,NA,1975
LY,Libya,NA,1974
LY,Libya,NA,1973
LY,Libya,NA,1972
LY,Libya,NA,1971
LY,Libya,NA,1970
LI,Liechtenstein,NA,2017
LI,Liechtenstein,NA,2016
LI,Liechtenstein,NA,2015
LI,Liechtenstein,NA,2014
LI,Liechtenstein,NA,2013
LI,Liechtenstein,NA,2012
LI,Liechtenstein,NA,2011
LI,Liechtenstein,141200.380010278,2010
LI,Liechtenstein,NA,2009
LI,Liechtenstein,NA,2008
LI,Liechtenstein,NA,2007
LI,Liechtenstein,NA,2006
LI,Liechtenstein,NA,2005
LI,Liechtenstein,NA,2004
LI,Liechtenstein,NA,2003
LI,Liechtenstein,NA,2002
LI,Liechtenstein,NA,2001
LI,Liechtenstein,NA,2000
LI,Liechtenstein,NA,1999
LI,Liechtenstein,NA,1998
LI,Liechtenstein,NA,1997
LI,Liechtenstein,NA,1996
LI,Liechtenstein,NA,1995
LI,Liechtenstein,NA,1994
LI,Liechtenstein,NA,1993
LI,Liechtenstein,NA,1992
LI,Liechtenstein,NA,1991
LI,Liechtenstein,NA,1990
LI,Liechtenstein,NA,1989
LI,Liechtenstein,NA,1988
LI,Liechtenstein,NA,1987
LI,Liechtenstein,NA,1986
LI,Liechtenstein,NA,1985
LI,Liechtenstein,NA,1984
LI,Liechtenstein,NA,1983
LI,Liechtenstein,NA,1982
LI,Liechtenstein,NA,1981
LI,Liechtenstein,NA,1980
LI,Liechtenstein,NA,1979
LI,Liechtenstein,NA,1978
LI,Liechtenstein,NA,1977
LI,Liechtenstein,NA,1976
LI,Liechtenstein,NA,1975
LI,Liechtenstein,NA,1974
LI,Liechtenstein,NA,1973
LI,Liechtenstein,NA,1972
LI,Liechtenstein,NA,1971
LI,Liechtenstein,NA,1970
LT,Lithuania,16838.5432003613,2017
LT,Lithuania,15944.6254140906,2016
LT,Lithuania,15381.3487334195,2015
LT,Lithuania,14935.5350183879,2014
LT,Lithuania,14301.7297553804,2013
LT,Lithuania,13679.1490041819,2012
LT,Lithuania,12999.4267391649,2011
LT,Lithuania,11984.8685698823,2010
LT,Lithuania,11546.8222513116,2009
LT,Lithuania,13405.1882370579,2008
LT,Lithuania,12928.2599422279,2007
LT,Lithuania,11500.5291506331,2006
LT,Lithuania,10537.9103730548,2005
LT,Lithuania,9624.01373328868,2004
LT,Lithuania,8931.51953507369,2003
LT,Lithuania,8014.63690893918,2002
LT,Lithuania,7447.07745294769,2001
LT,Lithuania,6933.58786910926,2000
LT,Lithuania,6630.9145655744,1999
LT,Lithuania,6659.5980950334,1998
LT,Lithuania,6152.13698762214,1997
LT,Lithuania,5639.23688820173,1996
LT,Lithuania,5322.41952544427,1995
LT,Lithuania,NA,1994
LT,Lithuania,NA,1993
LT,Lithuania,NA,1992
LT,Lithuania,NA,1991
LT,Lithuania,NA,1990
LT,Lithuania,NA,1989
LT,Lithuania,NA,1988
LT,Lithuania,NA,1987
LT,Lithuania,NA,1986
LT,Lithuania,NA,1985
LT,Lithuania,NA,1984
LT,Lithuania,NA,1983
LT,Lithuania,NA,1982
LT,Lithuania,NA,1981
LT,Lithuania,NA,1980
LT,Lithuania,NA,1979
LT,Lithuania,NA,1978
LT,Lithuania,NA,1977
LT,Lithuania,NA,1976
LT,Lithuania,NA,1975
LT,Lithuania,NA,1974
LT,Lithuania,NA,1973
LT,Lithuania,NA,1972
LT,Lithuania,NA,1971
LT,Lithuania,NA,1970
LU,Luxembourg,106519.582417511,2017
LU,Luxembourg,107479.511137011,2016
LU,Luxembourg,107235.270035624,2015
LU,Luxembourg,105658.519707846,2014
LU,Luxembourg,103721.747011941,2013
LU,Luxembourg,102404.611908171,2012
LU,Luxembourg,105264.748445355,2011
LU,Luxembourg,104965.306078267,2010
LU,Luxembourg,101939.613397919,2009
LU,Luxembourg,108577.352288198,2008
LU,Luxembourg,111968.349480982,2007
LU,Luxembourg,104943.440343903,2006
LU,Luxembourg,101380.774586459,2005
LU,Luxembourg,99778.4687902506,2004
LU,Luxembourg,97678.4605355307,2003
LU,Luxembourg,97287.5972796707,2002
LU,Luxembourg,94695.3392381768,2001
LU,Luxembourg,93462.9248464056,2000
LU,Luxembourg,87516.4451246196,1999
LU,Luxembourg,81771.4409779514,1998
LU,Luxembourg,78075.530561911,1997
LU,Luxembourg,74790.0675957683,1996
LU,Luxembourg,74776.8054689525,1995
LU,Luxembourg,74763.8711649338,1994
LU,Luxembourg,72999.737639745,1993
LU,Luxembourg,71003.6691215862,1992
LU,Luxembourg,70667.2383696508,1991
LU,Luxembourg,65921.9101702064,1990
LU,Luxembourg,63380.4728401178,1989
LU,Luxembourg,58288.7672145164,1988
LU,Luxembourg,54131.9196013879,1987
LU,Luxembourg,52413.050754269,1986
LU,Luxembourg,47869.4833743857,1985
LU,Luxembourg,46659.4879243767,1984
LU,Luxembourg,43986.0798933195,1983
LU,Luxembourg,42720.7950511756,1982
LU,Luxembourg,42277.6013648631,1981
LU,Luxembourg,42637.318543117,1980
LU,Luxembourg,42432.5617878676,1979
LU,Luxembourg,41557.3052955045,1978
LU,Luxembourg,40001.8770952766,1977
LU,Luxembourg,39452.0962191387,1976
LU,Luxembourg,38667.8731800886,1975
LU,Luxembourg,41842.2230973305,1974
LU,Luxembourg,40677.8999706537,1973
LU,Luxembourg,37973.1601384384,1972
LU,Luxembourg,36057.4545649601,1971
LU,Luxembourg,35457.2357263496,1970
MO,"Macao SAR, China",56249.7094702971,2017
MO,"Macao SAR, China",52089.7451975138,2016
MO,"Macao SAR, China",53478.7334558201,2015
MO,"Macao SAR, China",69580.4498216624,2014
MO,"Macao SAR, China",71992.0324196552,2013
MO,"Macao SAR, China",66271.3727635586,2012
MO,"Macao SAR, China",62121.8792685534,2011
MO,"Macao SAR, China",52253.1553117325,2010
MO,"Macao SAR, China",42651.0574108346,2009
MO,"Macao SAR, China",43006.7800379804,2008
MO,"Macao SAR, China",42479.6320239389,2007
MO,"Macao SAR, China",37922.2785453695,2006
MO,"Macao SAR, China",34224.888111321,2005
MO,"Macao SAR, China",32428.3403199679,2004
MO,"Macao SAR, China",26219.1743904477,2003
MO,"Macao SAR, China",24075.9678873145,2002
MO,"Macao SAR, China",22647.9525720351,2001
MO,"Macao SAR, China",22534.871923009,2000
MO,"Macao SAR, China",21788.8867648016,1999
MO,"Macao SAR, China",22792.6989589575,1998
MO,"Macao SAR, China",24376.4141439287,1997
MO,"Macao SAR, China",24940.5036233334,1996
MO,"Macao SAR, China",25555.9478429785,1995
MO,"Macao SAR, China",25245.8194018941,1994
MO,"Macao SAR, China",24712.9130434145,1993
MO,"Macao SAR, China",24006.0034961216,1992
MO,"Macao SAR, China",21708.4806371693,1991
MO,"Macao SAR, China",21540.2109549932,1990
MO,"Macao SAR, China",20609.3411542811,1989
MO,"Macao SAR, China",20357.9388175144,1988
MO,"Macao SAR, China",19654.7352164024,1987
MO,"Macao SAR, China",17928.9975851249,1986
MO,"Macao SAR, China",17520.7045565171,1985
MO,"Macao SAR, China",18134.3366016454,1984
MO,"Macao SAR, China",17423.8442486412,1983
MO,"Macao SAR, China",16452.8988814663,1982
MO,"Macao SAR, China",NA,1981
MO,"Macao SAR, China",NA,1980
MO,"Macao SAR, China",NA,1979
MO,"Macao SAR, China",NA,1978
MO,"Macao SAR, China",NA,1977
MO,"Macao SAR, China",NA,1976
MO,"Macao SAR, China",NA,1975
MO,"Macao SAR, China",NA,1974
MO,"Macao SAR, China",NA,1973
MO,"Macao SAR, China",NA,1972
MO,"Macao SAR, China",NA,1971
MO,"Macao SAR, China",NA,1970
MG,Madagascar,422.448254190389,2017
MG,Madagascar,416.00557478759,2016
MG,Madagascar,410.194159196256,2015
MG,Madagascar,408.659543307053,2014
MG,Madagascar,406.373099453534,2013
MG,Madagascar,408.340882984342,2012
MG,Madagascar,407.326944671557,2011
MG,Madagascar,412.730934137725,2010
MG,Madagascar,423.305823117847,2009
MG,Madagascar,453.63647347476,2008
MG,Madagascar,435.717088211071,2007
MG,Madagascar,422.141144692194,2006
MG,Madagascar,413.867494917738,2005
MG,Madagascar,407.517462052747,2004
MG,Madagascar,398.901978555256,2003
MG,Madagascar,374.489090807365,2002
MG,Madagascar,442.135823538468,2001
MG,Madagascar,430.108996269166,2000
MG,Madagascar,423.576141162102,1999
MG,Madagascar,417.66667602124,1998
MG,Madagascar,414.774253712874,1997
MG,Madagascar,412.808337480976,1996
MG,Madagascar,416.938320785458,1995
MG,Madagascar,422.746160759111,1994
MG,Madagascar,436.101667406309,1993
MG,Madagascar,440.137210467183,1992
MG,Madagascar,448.035509251794,1991
MG,Madagascar,492.398908832677,1990
MG,Madagascar,491.435526108866,1989
MG,Madagascar,485.810598619473,1988
MG,Madagascar,483.262597977384,1987
MG,Madagascar,491.275875272196,1986
MG,Madagascar,495.655446418753,1985
MG,Madagascar,504.150290815363,1984
MG,Madagascar,510.125926689984,1983
MG,Madagascar,520.355914513284,1982
MG,Madagascar,545.472013503856,1981
MG,Madagascar,621.715476634948,1980
MG,Madagascar,634.723337793161,1979
MG,Madagascar,594.595029190067,1978
MG,Madagascar,628.57777851215906,1977
MG,Madagascar,631.81266235018,1976
MG,Madagascar,670.571833889645,1975
MG,Madagascar,681.190405580626,1974
MG,Madagascar,686.782162654076,1973
MG,Madagascar,725.148376944682,1972
MG,Madagascar,755.012720330563,1971
MG,Madagascar,746.521973479786,1970
MW,Malawi,512.645612270701,2017
MW,Malawi,506.249661337383,2016
MW,Malawi,507.548405016318,2015
MW,Malawi,507.537974993908,2014
MW,Malawi,493.818369482748,2013
MW,Malawi,482.923781207912,2012
MW,Malawi,487.730681851429,2011
MW,Malawi,478.668589704525,2010
MW,Malawi,460.92468272226,2009
MW,Malawi,437.895476144955,2008
MW,Malawi,418.588218571652,2007
MW,Malawi,392.759998934441,2006
MW,Malawi,385.460830097058,2005
MW,Malawi,383.094188753926,2004
MW,Malawi,372.531249361403,2003
MW,Malawi,361.043545559542,2002
MW,Malawi,363.755173723256,2001
MW,Malawi,392.524584680197,2000
MW,Malawi,396.916552824584,1999
MW,Malawi,396.221252715127,1998
MW,Malawi,392.044870531303,1997
MW,Malawi,386.844592801651,1996
MW,Malawi,367.001610628692,1995
MW,Malawi,317.590281719903,1994
MW,Malawi,355.110732854073,1993
MW,Malawi,324.548985604369,1992
MW,Malawi,353.354813432066,1991
MW,Malawi,331.751029677091,1990
MW,Malawi,325.259999898179,1989
MW,Malawi,337.253398842255,1988
MW,Malawi,346.76399791215,1987
MW,Malawi,362.348942849561,1986
MW,Malawi,383.019574954199,1985
MW,Malawi,382.246959932896,1984
MW,Malawi,375.005408697546,1983
MW,Malawi,371.02797050549,1982
MW,Malawi,370.636781749044,1981
MW,Malawi,401.478374847977,1980
MW,Malawi,411.365803112026,1979
MW,Malawi,405.979561405909,1978
MW,Malawi,381.504585309102,1977
MW,Malawi,374.919194484077,1976
MW,Malawi,367.740210983502,1975
MW,Malawi,356.554651200069,1974
MW,Malawi,341.937570855811,1973
MW,Malawi,343.335254155574,1972
MW,Malawi,331.860079569615,1971
MW,Malawi,293.155214064983,1970
MY,Malaysia,11720.7386318685,2017
MY,Malaysia,11219.6298551139,2016
MY,Malaysia,10912.1513483495,2015
MY,Malaysia,10524.0707387984,2014
MY,Malaysia,10061.7154366437,2013
MY,Malaysia,9743.10479725272,2012
MY,Malaysia,9372.00753879807,2011
MY,Malaysia,9040.56625117172,2010
MY,Malaysia,8559.2344996317,2009
MY,Malaysia,8850.00922148093,2008
MY,Malaysia,8605.01751665581,2007
MY,Malaysia,8255.2860438746,2006
MY,Malaysia,7974.25085267786,2005
MY,Malaysia,7720.83042852016,2004
MY,Malaysia,7374.34304924429,2003
MY,Malaysia,7112.05559471703,2002
MY,Malaysia,6890.36414795931,2001
MY,Malaysia,7007.04150381685,2000
MY,Malaysia,6588.19671896298,1999
MY,Malaysia,6360.65557042613,1998
MY,Malaysia,7041.67093870596,1997
MY,Malaysia,6731.40296554103,1996
MY,Malaysia,6277.6109665854,1995
MY,Malaysia,5861.74777878412,1994
MY,Malaysia,5503.00114992083,1993
MY,Malaysia,5134.58945124545,1992
MY,Malaysia,4838.51397464488,1991
MY,Malaysia,4536.96683571009,1990
MY,Malaysia,4280.95285890115,1989
MY,Malaysia,4042.12990292491,1988
MY,Malaysia,3788.11691026175,1987
MY,Malaysia,3708.49918534356,1986
MY,Malaysia,3767.50767244133,1985
MY,Malaysia,3908.41785075757,1984
MY,Malaysia,3718.16225397568,1983
MY,Malaysia,3583.57690164699,1982
MY,Malaysia,3463.23405737731,1981
MY,Malaysia,3317.27267805688,1980
MY,Malaysia,3165.04977125454,1979
MY,Malaysia,2968.81811043029,1978
MY,Malaysia,2855.96935810042,1977
MY,Malaysia,2718.84396292833,1976
MY,Malaysia,2498.45371854233,1975
MY,Malaysia,2539.37442839465,1974
MY,Malaysia,2400.66903365817,1973
MY,Malaysia,2200.12169003681,1972
MY,Malaysia,2058.89919821334,1971
MY,Malaysia,1915.87155010324,1970
MV,Maldives,7885.48897534179,2017
MV,Maldives,7699.71311647338,2016
MV,Maldives,7501.54519042946,2015
MV,Maldives,7624.76597039564,2014
MV,Maldives,7436.06179246294,2013
MV,Maldives,7251.67627055564,2012
MV,Maldives,7384.8492111405,2011
MV,Maldives,7076.66242320238,2010
MV,Maldives,6827.64870626618,2009
MV,Maldives,7572.79543550442,2008
MV,Maldives,7087.65368738208,2007
MV,Maldives,6734.42699467905,2006
MV,Maldives,5471.70158271906,2005
MV,Maldives,6467.48160190977,2004
MV,Maldives,6272.3939041638,2003
MV,Maldives,5673.45686156493,2002
MV,Maldives,5434.59971233766,2001
MV,Maldives,5797.6042557965,2000
MV,Maldives,5702.72826638099,1999
MV,Maldives,5472.50832494314,1998
MV,Maldives,5179.96725347503,1997
MV,Maldives,4864.55815797119,1996
MV,Maldives,4599.63773117231,1995
MV,Maldives,NA,1994
MV,Maldives,NA,1993
MV,Maldives,NA,1992
MV,Maldives,NA,1991
MV,Maldives,NA,1990
MV,Maldives,NA,1989
MV,Maldives,NA,1988
MV,Maldives,NA,1987
MV,Maldives,NA,1986
MV,Maldives,NA,1985
MV,Maldives,NA,1984
MV,Maldives,NA,1983
MV,Maldives,NA,1982
MV,Maldives,NA,1981
MV,Maldives,NA,1980
MV,Maldives,NA,1979
MV,Maldives,NA,1978
MV,Maldives,NA,1977
MV,Maldives,NA,1976
MV,Maldives,NA,1975
MV,Maldives,NA,1974
MV,Maldives,NA,1973
MV,Maldives,NA,1972
MV,Maldives,NA,1971
MV,Maldives,NA,1970
ML,Mali,764.169157080828,2017
ML,Mali,747.09165646389,2016
ML,Mali,727.461077910691,2015
ML,Mali,706.981553968772,2014
ML,Mali,679.909721917612,2013
ML,Mali,684.16295019826,2012
ML,Mali,710.606419349545,2011
ML,Mali,709.581964584771,2010
ML,Mali,694.743150532469,2009
ML,Mali,685.689385390537,2008
ML,Mali,676.603639507193,2007
ML,Mali,675.950566330353,2006
ML,Mali,667.469980410184,2005
ML,Mali,647.115493818228,2004
ML,Mali,657.720917371308,2003
ML,Mali,621.735763659769,2002
ML,Mali,621.476640049779,2001
ML,Mali,554.652402640932,2000
ML,Mali,570.816910509816,1999
ML,Mali,554.748510261351,1998
ML,Mali,529.300594796509,1997
ML,Mali,518.0982099586,1996
ML,Mali,496.670226061208,1995
ML,Mali,505.358353089913,1994
ML,Mali,500.225535853911,1993
ML,Mali,497.82027403719,1992
ML,Mali,527.171318885781,1991
ML,Mali,482.124821573911,1990
ML,Mali,503.617880242883,1989
ML,Mali,490.841599325924,1988
ML,Mali,463.262355981899,1987
ML,Mali,470.286807359913,1986
ML,Mali,465.029650681301,1985
ML,Mali,393.48606103122,1984
ML,Mali,402.447523845141,1983
ML,Mali,403.622238372239,1982
ML,Mali,445.048054850923,1981
ML,Mali,447.374730484921,1980
ML,Mali,476.591259375386,1979
ML,Mali,439.631686960938,1978
ML,Mali,454.058924938143,1977
ML,Mali,434.431084908292,1976
ML,Mali,389.09342306841,1975
ML,Mali,354.807745218026,1974
ML,Mali,366.776111917244,1973
ML,Mali,378.774828378587,1972
ML,Mali,363.955118465297,1971
ML,Mali,360.534650285483,1970
MT,Malta,27523.5091326042,2017
MT,Malta,26510.0665498094,2016
MT,Malta,25659.9696064178,2015
MT,Malta,23747.9042763263,2014
MT,Malta,22322.2206570606,2013
MT,Malta,21654.7210146231,2012
MT,Malta,21279.4003504869,2011
MT,Malta,21087.7946931036,2010
MT,Malta,20466.5636022539,2009
MT,Malta,21142.0208113957,2008
MT,Malta,20590.9521864608,2007
MT,Malta,19870.7522043411,2006
MT,Malta,19585.1242660293,2005
MT,Malta,18991.7828034799,2004
MT,Malta,19035.3611499787,2003
MT,Malta,18685.6556885791,2002
MT,Malta,18280.2135257269,2001
MT,Malta,18306.665059282,2000
MT,Malta,17256.851592428,1999
MT,Malta,16577.0327879946,1998
MT,Malta,15871.6084604188,1997
MT,Malta,15193.4620113725,1996
MT,Malta,14736.8776237922,1995
MT,Malta,13954.885988878,1994
MT,Malta,13332.575437453,1993
MT,Malta,12888.8838287686,1992
MT,Malta,12439.0323766971,1991
MT,Malta,12026.4033042837,1990
MT,Malta,11425.7952120037,1989
MT,Malta,10665.2248047161,1988
MT,Malta,9918.57833273914,1987
MT,Malta,9592.80062622978,1986
MT,Malta,9389.62825395008,1985
MT,Malta,9315.21348262343,1984
MT,Malta,9230.17562880887,1983
MT,Malta,9418.8747716498,1982
MT,Malta,9408.16482368309,1981
MT,Malta,9173.78780569755,1980
MT,Malta,8659.98647944964,1979
MT,Malta,7917.5938621124,1978
MT,Malta,7197.15432640375,1977
MT,Malta,6440.57462341685,1976
MT,Malta,5532.03936424782,1975
MT,Malta,4661.10072595146,1974
MT,Malta,4233.10294046748,1973
MT,Malta,4061.22012395459,1972
MT,Malta,3834.02315146026,1971
MT,Malta,3742.8082839990702,1970
MH,Marshall Islands,3194.86111540448,2017
MH,Marshall Islands,3101.09628310768,2016
MH,Marshall Islands,3058.64194010628,2015
MH,Marshall Islands,3083.79182270495,2014
MH,Marshall Islands,3120.46464161541,2013
MH,Marshall Islands,3045.51938664376,2012
MH,Marshall Islands,2953.41470099015,2011
MH,Marshall Islands,2926.74839442217,2010
MH,Marshall Islands,2754.98711342074,2009
MH,Marshall Islands,2804.59673936352,2008
MH,Marshall Islands,2857.7577546079,2007
MH,Marshall Islands,2771.07893661664,2006
MH,Marshall Islands,2756.99444339307,2005
MH,Marshall Islands,2717.34791617365,2004
MH,Marshall Islands,2765.91921316321,2003
MH,Marshall Islands,2818.48108573624,2002
MH,Marshall Islands,2797.26925892293,2001
MH,Marshall Islands,2689.87377222415,2000
MH,Marshall Islands,2556.86113392061,1999
MH,Marshall Islands,2623.14392583882,1998
MH,Marshall Islands,2694.9052335462,1997
MH,Marshall Islands,2875.84647539846,1996
MH,Marshall Islands,3211.00597518248,1995
MH,Marshall Islands,2981.59547608845,1994
MH,Marshall Islands,2837.77541267542,1993
MH,Marshall Islands,2708.8442059245,1992
MH,Marshall Islands,2572.23136297432,1991
MH,Marshall Islands,2631.57022201407,1990
MH,Marshall Islands,2644.14145138469,1989
MH,Marshall Islands,2795.61935342726,1988
MH,Marshall Islands,2711.06576764322,1987
MH,Marshall Islands,2599.89774329785,1986
MH,Marshall Islands,2189.83178214969,1985
MH,Marshall Islands,2449.48916592735,1984
MH,Marshall Islands,2471.06423483706,1983
MH,Marshall Islands,2239.50082240333,1982
MH,Marshall Islands,2232.4124263551,1981
MH,Marshall Islands,NA,1980
MH,Marshall Islands,NA,1979
MH,Marshall Islands,NA,1978
MH,Marshall Islands,NA,1977
MH,Marshall Islands,NA,1976
MH,Marshall Islands,NA,1975
MH,Marshall Islands,NA,1974
MH,Marshall Islands,NA,1973
MH,Marshall Islands,NA,1972
MH,Marshall Islands,NA,1971
MH,Marshall Islands,NA,1970
MR,Mauritania,1339.20789569556,2017
MR,Mauritania,1336.99336827391,2016
MR,Mauritania,1348.75482244981,2015
MR,Mauritania,1369.18359843965,2014
MR,Mauritania,1335.3499588358,2013
MR,Mauritania,1296.36596446876,2012
MR,Mauritania,1262.09811969814,2011
MR,Mauritania,1241.42875580126,2010
MR,Mauritania,1220.05795873962,2009
MR,Mauritania,1269.25112522353,2008
MR,Mauritania,1292.43759613332,2007
MR,Mauritania,1293.61813240808,2006
MR,Mauritania,1119.83476212154,2005
MR,Mauritania,1057.35995880999,2004
MR,Mauritania,1028.62342745378,2003
MR,Mauritania,998.216336448232,2002
MR,Mauritania,1019.39909385461,2001
MR,Mauritania,1026.74911968362,2000
MR,Mauritania,1058.81660419273,1999
MR,Mauritania,1008.74160658416,1998
MR,Mauritania,1006.74658467243,1997
MR,Mauritania,1076.00467058066,1996
MR,Mauritania,1042.88621608513,1995
MR,Mauritania,974.101634109196,1994
MR,Mauritania,1030.90265315791,1993
MR,Mauritania,999.107901071467,1992
MR,Mauritania,1006.43684919987,1991
MR,Mauritania,1014.79179617318,1990
MR,Mauritania,1060.42967382671,1989
MR,Mauritania,1039.05915090131,1988
MR,Mauritania,1049.02021409172,1987
MR,Mauritania,1057.63832227123,1986
MR,Mauritania,1028.37860558477,1985
MR,Mauritania,1026.91357187872,1984
MR,Mauritania,1091.99284664022,1983
MR,Mauritania,1083.73754143854,1982
MR,Mauritania,1142.69005871428,1981
MR,Mauritania,1137.45371669595,1980
MR,Mauritania,1133.05242929078,1979
MR,Mauritania,1113.37154693861,1978
MR,Mauritania,1152.23931436246,1977
MR,Mauritania,1209.2477976437,1976
MR,Mauritania,1147.32885869895,1975
MR,Mauritania,1245.69619689905,1974
MR,Mauritania,1143.99965038161,1973
MR,Mauritania,1235.12334426908,1972
MR,Mauritania,1281.90858821927,1971
MR,Mauritania,1297.01180020722,1970
MU,Mauritius,10199.47936243,2017
MU,Mauritius,9833.6131341629,2016
MU,Mauritius,9476.66538887816,2015
MU,Mauritius,9163.63347496595,2014
MU,Mauritius,8848.88703370886,2013
MU,Mauritius,8580.08565130036,2012
MU,Mauritius,8313.27125413517,2011
MU,Mauritius,8000.37643182154,2010
MU,Mauritius,7683.12492562686,2009
MU,Mauritius,7456.36924654787,2008
MU,Mauritius,7100.86182491986,2007
MU,Mauritius,6746.88662379623,2006
MU,Mauritius,6463.92279169136,2005
MU,Mauritius,6388.74646870512,2004
MU,Mauritius,6162.11560892952,2003
MU,Mauritius,5859.65930584692,2002
MU,Mauritius,5806.70734801615,2001
MU,Mauritius,5663.18729866722,2000
MU,Mauritius,5285.54977792918,1999
MU,Mauritius,5216.95986876822,1998
MU,Mauritius,4970.30740026313,1997
MU,Mauritius,4762.08900267968,1996
MU,Mauritius,4556.43727867891,1995
MU,Mauritius,4406.83508083579,1994
MU,Mauritius,4291.46636498311,1993
MU,Mauritius,4132.62368498032,1992
MU,Mauritius,3931.32250075332,1991
MU,Mauritius,3805.21146228921,1990
MU,Mauritius,3575.45474151638,1989
MU,Mauritius,3448.9443306312,1988
MU,Mauritius,3251.91965150315,1987
MU,Mauritius,3008.82282228286,1986
MU,Mauritius,2762.76447323337,1985
MU,Mauritius,2604.32081646596,1984
MU,Mauritius,2513.59942327555,1983
MU,Mauritius,2527.12383498251,1982
MU,Mauritius,2424.90673441734,1981
MU,Mauritius,2324.38231607051,1980
MU,Mauritius,2628.34889838327,1979
MU,Mauritius,2583.6392366883,1978
MU,Mauritius,2521.04845605165,1977
MU,Mauritius,2404.94191419429,1976
MU,Mauritius,NA,1975
MU,Mauritius,NA,1974
MU,Mauritius,NA,1973
MU,Mauritius,NA,1972
MU,Mauritius,NA,1971
MU,Mauritius,NA,1970
MX,Mexico,10297.5862081747,2017
MX,Mexico,10206.8934536683,2016
MX,Mexico,10037.2014904097,2015
MX,Mexico,9839.050190896,2014
MX,Mexico,9693.72296894468,2013
MX,Mexico,9690.86906453233,2012
MX,Mexico,9477.88718509023,2011
MX,Mexico,9271.39823324639,2010
MX,Mexico,8947.74147387305,2009
MX,Mexico,9587.63633933012,2008
MX,Mexico,9622.04795699136,2007
MX,Mexico,9547.33357068323,2006
MX,Mexico,9270.65654228665,2005
MX,Mexico,9190.74159228825,2004
MX,Mexico,8967.02919031783,2003
MX,Mexico,8960.55408647201,2002
MX,Mexico,9088.05331877876,2001
MX,Mexico,9253.96804618644,2000
MX,Mexico,8946.13287719935,1999
MX,Mexico,8835.87554348668,1998
MX,Mexico,8530.35508532051,1997
MX,Mexico,8109.19869834691,1996
MX,Mexico,7717.72153127439,1995
MX,Mexico,8373.51352854788,1994
MX,Mexico,8117.08981623173,1993
MX,Mexico,8104.29107732218,1992
MX,Mexico,7970.14439521028,1991
MX,Mexico,7790.79967323082,1990
MX,Mexico,7548.97667178617,1989
MX,Mexico,7393.1082809297905,1988
MX,Mexico,7445.85369014963,1987
MX,Mexico,7470.79268275293,1986
MX,Mexico,7872.01771604416,1985
MX,Mexico,7872.45769659001,1984
MX,Mexico,7784.85918968501,1983
MX,Mexico,8253.44620942392,1982
MX,Mexico,8494.01210071256,1981
MX,Mexico,8016.88474447579,1980
MX,Mexico,7520.98161093569,1979
MX,Mexico,7029.24077076204,1978
MX,Mexico,6618.13903940076,1977
MX,Mexico,6571.2311203849,1976
MX,Mexico,6465.76905274415,1975
MX,Mexico,6287.63486339258,1974
MX,Mexico,6117.58915336606,1973
MX,Mexico,5841.22234055225,1972
MX,Mexico,5561.1818705781,1971
MX,Mexico,5524.27238582021,1970
FM,"Micronesia, Fed. Sts.",2764.24903619348,2017
FM,"Micronesia, Fed. Sts.",2708.76908464743,2016
FM,"Micronesia, Fed. Sts.",2722.54626668879,2015
FM,"Micronesia, Fed. Sts.",2629.58414433419,2014
FM,"Micronesia, Fed. Sts.",2726.09392247563,2013
FM,"Micronesia, Fed. Sts.",2874.03055895195,2012
FM,"Micronesia, Fed. Sts.",2962.30257058365,2011
FM,"Micronesia, Fed. Sts.",2881.37614054863,2010
FM,"Micronesia, Fed. Sts.",2821.96393009481,2009
FM,"Micronesia, Fed. Sts.",2773.83031244816,2008
FM,"Micronesia, Fed. Sts.",2812.26989025179,2007
FM,"Micronesia, Fed. Sts.",2843.32659562391,2006
FM,"Micronesia, Fed. Sts.",2826.71380700831,2005
FM,"Micronesia, Fed. Sts.",2756.86262248468,2004
FM,"Micronesia, Fed. Sts.",2838.61508511344,2003
FM,"Micronesia, Fed. Sts.",2781.05148064192,2002
FM,"Micronesia, Fed. Sts.",2760.77884843869,2001
FM,"Micronesia, Fed. Sts.",2707.58562562189,2000
FM,"Micronesia, Fed. Sts.",2580.31932289091,1999
FM,"Micronesia, Fed. Sts.",2535.05822892843,1998
FM,"Micronesia, Fed. Sts.",2456.1062040627,1997
FM,"Micronesia, Fed. Sts.",2618.54555007331,1996
FM,"Micronesia, Fed. Sts.",2722.5457610816,1995
FM,"Micronesia, Fed. Sts.",2578.38281250064,1994
FM,"Micronesia, Fed. Sts.",2644.99916479931,1993
FM,"Micronesia, Fed. Sts.",2506.82458567737,1992
FM,"Micronesia, Fed. Sts.",2474.13229974748,1991
FM,"Micronesia, Fed. Sts.",2362.12213100866,1990
FM,"Micronesia, Fed. Sts.",2331.2663719994,1989
FM,"Micronesia, Fed. Sts.",2302.58953377582,1988
FM,"Micronesia, Fed. Sts.",2295.41574454714,1987
FM,"Micronesia, Fed. Sts.",2321.71794108198,1986
FM,"Micronesia, Fed. Sts.",NA,1985
FM,"Micronesia, Fed. Sts.",NA,1984
FM,"Micronesia, Fed. Sts.",NA,1983
FM,"Micronesia, Fed. Sts.",NA,1982
FM,"Micronesia, Fed. Sts.",NA,1981
FM,"Micronesia, Fed. Sts.",NA,1980
FM,"Micronesia, Fed. Sts.",NA,1979
FM,"Micronesia, Fed. Sts.",NA,1978
FM,"Micronesia, Fed. Sts.",NA,1977
FM,"Micronesia, Fed. Sts.",NA,1976
FM,"Micronesia, Fed. Sts.",NA,1975
FM,"Micronesia, Fed. Sts.",NA,1974
FM,"Micronesia, Fed. Sts.",NA,1973
FM,"Micronesia, Fed. Sts.",NA,1972
FM,"Micronesia, Fed. Sts.",NA,1971
FM,"Micronesia, Fed. Sts.",NA,1970
MD,Moldova,2578.49767961012,2017
MD,Moldova,2461.05264730332,2016
MD,Moldova,2355.70091811155,2015
MD,Moldova,2362.17442852013,2014
MD,Moldova,2248.32672898748,2013
MD,Moldova,2061.30328127968,2012
MD,Moldova,2073.25959846899,2011
MD,Moldova,1958.13369717991,2010
MD,Moldova,1826.49784176785,2009
MD,Moldova,1940.63144873001,2008
MD,Moldova,1796.79133756945,2007
MD,Moldova,1740.41955579163,2006
MD,Moldova,1656.09660040665,2005
MD,Moldova,1536.81125034477,2004
MD,Moldova,1427.38651432886,2003
MD,Moldova,1335.24645829096,2002
MD,Moldova,1235.76797620537,2001
MD,Moldova,1162.11833683959,2000
MD,Moldova,1135.81764517697,1999
MD,Moldova,1173.56421865932,1998
MD,Moldova,1255.20833457438,1997
MD,Moldova,1230.31055113151,1996
MD,Moldova,1304.51690485837,1995
MD,Moldova,NA,1994
MD,Moldova,NA,1993
MD,Moldova,NA,1992
MD,Moldova,NA,1991
MD,Moldova,NA,1990
MD,Moldova,NA,1989
MD,Moldova,NA,1988
MD,Moldova,NA,1987
MD,Moldova,NA,1986
MD,Moldova,NA,1985
MD,Moldova,NA,1984
MD,Moldova,NA,1983
MD,Moldova,NA,1982
MD,Moldova,NA,1981
MD,Moldova,NA,1980
MD,Moldova,NA,1979
MD,Moldova,NA,1978
MD,Moldova,NA,1977
MD,Moldova,NA,1976
MD,Moldova,NA,1975
MD,Moldova,NA,1974
MD,Moldova,NA,1973
MD,Moldova,NA,1972
MD,Moldova,NA,1971
MD,Moldova,NA,1970
MC,Monaco,185396.378108574,2017
MC,Monaco,193745.574986475,2016
MC,Monaco,189464.583635477,2015
MC,Monaco,182457.233646969,2014
MC,Monaco,172177.174975606,2013
MC,Monaco,159038.48179807,2012
MC,Monaco,159393.369835856,2011
MC,Monaco,150585.448911112,2010
MC,Monaco,149171.123225883,2009
MC,Monaco,169915.634699617,2008
MC,Monaco,170376.586694544,2007
MC,Monaco,150351.851457283,2006
MC,Monaco,143561.24003066,2005
MC,Monaco,142333.328061678,2004
MC,Monaco,140355.613937628,2003
MC,Monaco,140314.23342442999,2002
MC,Monaco,140325.769890495,2001
MC,Monaco,138701.292922393,2000
MC,Monaco,134751.944703942,1999
MC,Monaco,131637.03925073,1998
MC,Monaco,128303.721142935,1997
MC,Monaco,126650.002296888,1996
MC,Monaco,126396.467876181,1995
MC,Monaco,124918.740079009,1994
MC,Monaco,123382.602021157,1993
MC,Monaco,125692.233150724,1992
MC,Monaco,125014.829232435,1991
MC,Monaco,124532.065261298,1990
MC,Monaco,121875.527175604,1989
MC,Monaco,117308.11257717,1988
MC,Monaco,112385.291241114,1987
MC,Monaco,110140.250255078,1986
MC,Monaco,108283.147169041,1985
MC,Monaco,107666.431668025,1984
MC,Monaco,107650.934020432,1983
MC,Monaco,108189.493025868,1982
MC,Monaco,107428.562567867,1981
MC,Monaco,108106.406312986,1980
MC,Monaco,107728.34152279,1979
MC,Monaco,105275.471538513,1978
MC,Monaco,102362.486172165,1977
MC,Monaco,99953.8649510255,1976
MC,Monaco,96969.1046205318,1975
MC,Monaco,99348.7926643828,1974
MC,Monaco,96638.471120322,1973
MC,Monaco,92157.6887306654,1972
MC,Monaco,89289.3171273198,1971
MC,Monaco,85709.4798549228,1970
MN,Mongolia,3996.14362089866,2017
MN,Mongolia,3866.24397326285,2016
MN,Mongolia,3895.41336222074,2015
MN,Mongolia,3880.3513875279,2014
MN,Mongolia,3669.52401258449,2013
MN,Mongolia,3353.09360670119,2012
MN,Mongolia,3043.86182588884,2011
MN,Mongolia,2643.29291416763,2010
MN,Mongolia,2527.95836109812,2009
MN,Mongolia,2601.20051595729,2008
MN,Mongolia,2423.67120861002,2007
MN,Mongolia,2228.41928205623,2006
MN,Mongolia,2079.13047522721,2005
MN,Mongolia,1961.83840034669,2004
MN,Mongolia,1793.25370917456,2003
MN,Mongolia,1693.35000478825,2002
MN,Mongolia,1632.65152059909,2001
MN,Mongolia,1600.4915005161,2000
MN,Mongolia,1596.46938212341,1999
MN,Mongolia,1562.43147331189,1998
MN,Mongolia,1524.83464340191,1997
MN,Mongolia,1479.7872110563,1996
MN,Mongolia,1459.11834753303,1995
MN,Mongolia,1382.20623168305,1994
MN,Mongolia,1363.66190325556,1993
MN,Mongolia,1420.64804436412,1992
MN,Mongolia,1583.61870874298,1991
MN,Mongolia,1761.2173863106,1990
MN,Mongolia,1855.79696808427,1989
MN,Mongolia,1825.09496808893,1988
MN,Mongolia,1784.53886706285,1987
MN,Mongolia,1774.65934759129,1986
MN,Mongolia,1668.49738977156,1985
MN,Mongolia,1621.17341847515,1984
MN,Mongolia,1570.55459325077,1983
MN,Mongolia,1521.95119459128,1982
MN,Mongolia,1440.62457057807,1981
MN,Mongolia,NA,1980
MN,Mongolia,NA,1979
MN,Mongolia,NA,1978
MN,Mongolia,NA,1977
MN,Mongolia,NA,1976
MN,Mongolia,NA,1975
MN,Mongolia,NA,1974
MN,Mongolia,NA,1973
MN,Mongolia,NA,1972
MN,Mongolia,NA,1971
MN,Mongolia,NA,1970
ME,Montenegro,7845.37922405331,2017
ME,Montenegro,7492.86343603151,2016
ME,Montenegro,7279.88908976392,2015
ME,Montenegro,7045.11595250809,2014
ME,Montenegro,6928.37441217869,2013
ME,Montenegro,6697.4464738592,2012
ME,Montenegro,6890.77329636906,2011
ME,Montenegro,6682.28115774575,2010
ME,Montenegro,6516.35751827659,2009
ME,Montenegro,6932.0720312393,2008
ME,Montenegro,6476.59486462203,2007
ME,Montenegro,6072.03429704731,2006
ME,Montenegro,5599.87751698489,2005
ME,Montenegro,5383.12067928857,2004
ME,Montenegro,5164.10298129764,2003
ME,Montenegro,5059.15516196483,2002
ME,Montenegro,4984.56757219122,2001
ME,Montenegro,4950.21941568221,2000
ME,Montenegro,4793.04973048406,1999
ME,Montenegro,5275.88095618749,1998
ME,Montenegro,5014.10708946044,1997
ME,Montenegro,NA,1996
ME,Montenegro,NA,1995
ME,Montenegro,NA,1994
ME,Montenegro,NA,1993
ME,Montenegro,NA,1992
ME,Montenegro,NA,1991
ME,Montenegro,NA,1990
ME,Montenegro,NA,1989
ME,Montenegro,NA,1988
ME,Montenegro,NA,1987
ME,Montenegro,NA,1986
ME,Montenegro,NA,1985
ME,Montenegro,NA,1984
ME,Montenegro,NA,1983
ME,Montenegro,NA,1982
ME,Montenegro,NA,1981
ME,Montenegro,NA,1980
ME,Montenegro,NA,1979
ME,Montenegro,NA,1978
ME,Montenegro,NA,1977
ME,Montenegro,NA,1976
ME,Montenegro,NA,1975
ME,Montenegro,NA,1974
ME,Montenegro,NA,1973
ME,Montenegro,NA,1972
ME,Montenegro,NA,1971
ME,Montenegro,NA,1970
MA,Morocco,3302.9063790945,2017
MA,Morocco,3214.91746403298,2016
MA,Morocco,3222.05417836739,2015
MA,Morocco,3125.07948072635,2014
MA,Morocco,3087.12349650562,2013
MA,Morocco,2995.45235738661,2012
MA,Morocco,2948.84548976845,2011
MA,Morocco,2839.92516805933,2010
MA,Morocco,2771.04675450926,2009
MA,Morocco,2691.26781170261,2008
MA,Morocco,2571.2644401938,2007
MA,Morocco,2512.86241117781,2006
MA,Morocco,2363.44467623096,2005
MA,Morocco,2315.18666207394,2004
MA,Morocco,2235.41867848331,2003
MA,Morocco,2134.84989789726,2002
MA,Morocco,2095.17395771105,2001
MA,Morocco,1976.0908319556,2000
MA,Morocco,1962.99330768288,1999
MA,Morocco,1966.51339678091,1998
MA,Morocco,1857.72878807582,1997
MA,Morocco,1913.10870491196,1996
MA,Morocco,1727.31137058417,1995
MA,Morocco,1854.4725463792,1994
MA,Morocco,1704.69698509457,1993
MA,Morocco,1747.29830210906,1992
MA,Morocco,1816.8360811585,1991
MA,Morocco,1725.70902219473,1990
MA,Morocco,1699.95537660126,1989
MA,Morocco,1684.40881508868,1988
MA,Morocco,1535.13839765685,1987
MA,Morocco,1571.63602369373,1986
MA,Morocco,1469.19855294405,1985
MA,Morocco,1417.28028300334,1984
MA,Morocco,1363.26531972139,1983
MA,Morocco,1377.41792640078,1982
MA,Morocco,1295.49542205063,1981
MA,Morocco,1351.20645350856,1980
MA,Morocco,1336.04428081072,1979
MA,Morocco,1306.47201566402,1978
MA,Morocco,1309.19140192789,1977
MA,Morocco,1263.88696674158,1976
MA,Morocco,1166.94091544321,1975
MA,Morocco,1109.00160899211,1974
MA,Morocco,1072.58789481063,1973
MA,Morocco,1057.24917012311,1972
MA,Morocco,1053.65237276718,1971
MA,Morocco,1019.25244503847,1970
MZ,Mozambique,537.572286171055,2017
MZ,Mozambique,533.458493191462,2016
MZ,Mozambique,529.091057732145,2015
MZ,Mozambique,510.63357032469,2014
MZ,Mozambique,488.74344178427,2013
MZ,Mozambique,468.973457897011,2012
MZ,Mozambique,449.694380772883,2011
MZ,Mozambique,431.515471518473,2010
MZ,Mozambique,415.718926444889,2009
MZ,Mozambique,401.735837325588,2008
MZ,Mozambique,386.35186649542,2007
MZ,Mozambique,369.765044790193,2006
MZ,Mozambique,346.23371016203,2005
MZ,Mozambique,327.792550830097,2004
MZ,Mozambique,313.156902681318,2003
MZ,Mozambique,302.926636653661,2002
MZ,Mozambique,286.726561978418,2001
MZ,Mozambique,261.692204306287,2000
MZ,Mozambique,264.3532819414,1999
MZ,Mozambique,251.446979564381,1998
MZ,Mozambique,230.501864762035,1997
MZ,Mozambique,213.645768270094,1996
MZ,Mozambique,173.620746212567,1995
MZ,Mozambique,175.902031984705,1994
MZ,Mozambique,172.350967754832,1993
MZ,Mozambique,164.942839610137,1992
MZ,Mozambique,180.289551233453,1991
MZ,Mozambique,176.37722066692,1990
MZ,Mozambique,177.103886075908,1989
MZ,Mozambique,166.919571215809,1988
MZ,Mozambique,153.927542196345,1987
MZ,Mozambique,133.967431355565,1986
MZ,Mozambique,137.59572005337,1985
MZ,Mozambique,137.616315023294,1984
MZ,Mozambique,149.506421200899,1983
MZ,Mozambique,180.986806839188,1982
MZ,Mozambique,198.916275795323,1981
MZ,Mozambique,194.052123260886,1980
MZ,Mozambique,NA,1979
MZ,Mozambique,NA,1978
MZ,Mozambique,NA,1977
MZ,Mozambique,NA,1976
MZ,Mozambique,NA,1975
MZ,Mozambique,NA,1974
MZ,Mozambique,NA,1973
MZ,Mozambique,NA,1972
MZ,Mozambique,NA,1971
MZ,Mozambique,NA,1970
MM,Myanmar,1489.17174935003,2017
MM,Myanmar,1403.76711784706,2016
MM,Myanmar,1335.20387198505,2015
MM,Myanmar,1257.4836156234,2014
MM,Myanmar,1174.05408699753,2013
MM,Myanmar,1092.05650932938,2012
MM,Myanmar,1025.8922978384,2011
MM,Myanmar,979.051630004942,2010
MM,Myanmar,899.24264424396,2009
MM,Myanmar,818.651189440207,2008
MM,Myanmar,747.11625115708,2007
MM,Myanmar,671.454940189373,2006
MM,Myanmar,598.067487858928,2005
MM,Myanmar,530.791337372721,2004
MM,Myanmar,471.42543031664,2003
MM,Myanmar,417.975777499119,2002
MM,Myanmar,376.87666314893,2001
MM,Myanmar,342.141262631952,2000
MM,Myanmar,304.302544223668,1999
MM,Myanmar,277.708842496046,1998
MM,Myanmar,265.722762547382,1997
MM,Myanmar,254.762024745733,1996
MM,Myanmar,242.343701319655,1995
MM,Myanmar,229.305949849595,1994
MM,Myanmar,215.806099082897,1993
MM,Myanmar,205.858769393366,1992
MM,Myanmar,190.015093907114,1991
MM,Myanmar,193.827456106757,1990
MM,Myanmar,191.311495992306,1989
MM,Myanmar,187.466072171568,1988
MM,Myanmar,215.12992689705,1987
MM,Myanmar,228.194487023319,1986
MM,Myanmar,235.014087531926,1985
MM,Myanmar,233.012669120254,1984
MM,Myanmar,226.621320000451,1983
MM,Myanmar,221.69079895722,1982
MM,Myanmar,214.475095700753,1981
MM,Myanmar,206.090045337665,1980
MM,Myanmar,195.16937199703,1979
MM,Myanmar,189.670168425197,1978
MM,Myanmar,182.078719290426,1977
MM,Myanmar,175.759310735822,1976
MM,Myanmar,169.491381242148,1975
MM,Myanmar,166.500929830023,1974
MM,Myanmar,161.734491471988,1973
MM,Myanmar,167.134492383317,1972
MM,Myanmar,166.996618810847,1971
MM,Myanmar,164.164723684397,1970
"NA",Namibia,6193.21639414852,2017
"NA",Namibia,6365.49983367808,2016
"NA",Namibia,6412.09882646306,2015
"NA",Namibia,6154.4888863255,2014
"NA",Namibia,5890.35311643777,2013
"NA",Namibia,5675.61588748899,2012
"NA",Namibia,5497.56650859614,2011
"NA",Namibia,5324.6170395396,2010
"NA",Namibia,5112.64456564176,2009
"NA",Namibia,5191.48093376577,2008
"NA",Namibia,5150.42449424174,2007
"NA",Namibia,4975.02312097143,2006
"NA",Namibia,4725.47436891937,2005
"NA",Namibia,4682.76895394726,2004
"NA",Namibia,4234.54993618512,2003
"NA",Namibia,4122.8584354869,2002
"NA",Namibia,3994.53758642478,2001
"NA",Namibia,4012.05360390117,2000
"NA",Namibia,3944.17301312992,1999
"NA",Namibia,3886.61014271757,1998
"NA",Namibia,3837.22728249356,1997
"NA",Namibia,3758.55537793865,1996
"NA",Namibia,3721.77689113865,1995
"NA",Namibia,3663.21823119608,1994
"NA",Namibia,3685.9561354726,1993
"NA",Namibia,3839.28023601234,1992
"NA",Namibia,3680.19860146945,1991
"NA",Namibia,3505.62252522742,1990
"NA",Namibia,3551.51772092234,1989
"NA",Namibia,3615.77723645281,1988
"NA",Namibia,3725.2472889015,1987
"NA",Namibia,3733.38491881008,1986
"NA",Namibia,3687.76419213829,1985
"NA",Namibia,3784.00771388917,1984
"NA",Namibia,3895.71530557187,1983
"NA",Namibia,4063.32458296947,1982
"NA",Namibia,4170.75820819822,1981
"NA",Namibia,4221.28643112505,1980
"NA",Namibia,NA,1979
"NA",Namibia,NA,1978
"NA",Namibia,NA,1977
"NA",Namibia,NA,1976
"NA",Namibia,NA,1975
"NA",Namibia,NA,1974
"NA",Namibia,NA,1973
"NA",Namibia,NA,1972
"NA",Namibia,NA,1971
"NA",Namibia,NA,1970
NR,Nauru,10183.5188328149,2017
NR,Nauru,9647.67794393444,2016
NR,Nauru,9140.9300433912,2015
NR,Nauru,9357.82537793734,2014
NR,Nauru,7508.03879393444,2013
NR,Nauru,5889.00658303385,2012
NR,Nauru,5467.51757917887,2011
NR,Nauru,4920.94549912269,2010
NR,Nauru,4362.47204290283,2009
NR,Nauru,4034.2856958548,2008
NR,Nauru,3016.21220021295,2007
NR,Nauru,NA,2006
NR,Nauru,NA,2005
NR,Nauru,NA,2004
NR,Nauru,NA,2003
NR,Nauru,NA,2002
NR,Nauru,NA,2001
NR,Nauru,NA,2000
NR,Nauru,NA,1999
NR,Nauru,NA,1998
NR,Nauru,NA,1997
NR,Nauru,NA,1996
NR,Nauru,NA,1995
NR,Nauru,NA,1994
NR,Nauru,NA,1993
NR,Nauru,NA,1992
NR,Nauru,NA,1991
NR,Nauru,NA,1990
NR,Nauru,NA,1989
NR,Nauru,NA,1988
NR,Nauru,NA,1987
NR,Nauru,NA,1986
NR,Nauru,NA,1985
NR,Nauru,NA,1984
NR,Nauru,NA,1983
NR,Nauru,NA,1982
NR,Nauru,NA,1981
NR,Nauru,NA,1980
NR,Nauru,NA,1979
NR,Nauru,NA,1978
NR,Nauru,NA,1977
NR,Nauru,NA,1976
NR,Nauru,NA,1975
NR,Nauru,NA,1974
NR,Nauru,NA,1973
NR,Nauru,NA,1972
NR,Nauru,NA,1971
NR,Nauru,NA,1970
NP,Nepal,776.916127325943,2017
NP,Nepal,729.661430049008,2016
NP,Nepal,731.9993357351,2015
NP,Nepal,711.304347014643,2014
NP,Nepal,670.83782652285,2013
NP,Nepal,642.520463351456,2012
NP,Nepal,612.032557723897,2011
NP,Nepal,592.401097450929,2010
NP,Nepal,567.905933627147,2009
NP,Nepal,547.698793266859,2008
NP,Nepal,521.743908009703,2007
NP,Nepal,510.645652913,2006
NP,Nepal,500.206377079092,2005
NP,Nepal,489.571766627658,2004
NP,Nepal,473.983863772952,2003
NP,Nepal,462.546196254031,2002
NP,Nepal,469.173656163516,2001
NP,Nepal,455.277143233152,2000
NP,Nepal,436.55970646999,1999
NP,Nepal,426.307901777239,1998
NP,Nepal,422.494170259188,1997
NP,Nepal,411.190935348899,1996
NP,Nepal,399.695074390505,1995
NP,Nepal,396.121862952587,1994
NP,Nepal,375.889583887909,1993
NP,Nepal,371.96946001061,1992
NP,Nepal,367.107673977132,1991
NP,Nepal,354.257554133963,1990
NP,Nepal,347.016666771923,1989
NP,Nepal,340.446580819308,1988
NP,Nepal,323.237811421687,1987
NP,Nepal,324.928504424453,1986
NP,Nepal,317.770630864137,1985
NP,Nepal,306.293675557655,1984
NP,Nepal,285.794721127801,1983
NP,Nepal,301.516322051083,1982
NP,Nepal,297.383726117784,1981
NP,Nepal,280.898978058216,1980
NP,Nepal,294.220214424909,1979
NP,Nepal,294.008074030018,1978
NP,Nepal,288.00698840927,1977
NP,Nepal,285.870423063027,1976
NP,Nepal,279.928891253856,1975
NP,Nepal,281.985014908956,1974
NP,Nepal,270.946954771126,1973
NP,Nepal,278.065712923972,1972
NP,Nepal,275.328883778648,1971
NP,Nepal,284.414611417332,1970
NL,Netherlands,53920.0333461997,2017
NL,Netherlands,52727.1024749442,2016
NL,Netherlands,51871.5764965267,2015
NL,Netherlands,51100.839820986,2014
NL,Netherlands,50565.3020696131,2013
NL,Netherlands,50780.7029672362,2012
NL,Netherlands,51499.5957853551,2011
NL,Netherlands,50950.0343435181,2010
NL,Netherlands,50533.5068799514,2009
NL,Netherlands,52727.5192919213,2008
NL,Netherlands,51808.7651363365,2007
NL,Netherlands,50033.8834282096,2006
NL,Netherlands,48437.8795675943,2005
NL,Netherlands,47575.4792552091,2004
NL,Netherlands,46811.8893066063,2003
NL,Netherlands,46960.184724991,2002
NL,Netherlands,47158.423541859,2001
NL,Netherlands,46435.2145001787,2000
NL,Netherlands,44885.0907344641,1999
NL,Netherlands,43019.1875067057,1998
NL,Netherlands,41356.4502182195,1997
NL,Netherlands,39844.9781145726,1996
NL,Netherlands,38676.0699367992,1995
NL,Netherlands,37693.0453376081,1994
NL,Netherlands,36830.4151003253,1993
NL,Netherlands,36627.4078098361,1992
NL,Netherlands,36286.3110382525,1991
NL,Netherlands,35702.5547419382,1990
NL,Netherlands,34505.7978994239,1989
NL,Netherlands,33243.998844792,1988
NL,Netherlands,32346.3729377007,1987
NL,Netherlands,31935.5177034559,1986
NL,Netherlands,31242.5175872223,1985
NL,Netherlands,30599.0397162606,1984
NL,Netherlands,29808.110171326,1983
NL,Netherlands,29314.5646739939,1982
NL,Netherlands,29819.2829542194,1981
NL,Netherlands,30261.6946914061,1980
NL,Netherlands,30098.2227849731,1979
NL,Netherlands,29708.3290865455,1978
NL,Netherlands,29106.8839465523,1977
NL,Netherlands,28560.6231499941,1976
NL,Netherlands,27557.6502247987,1975
NL,Netherlands,27803.8303848698,1974
NL,Netherlands,27090.994440044,1973
NL,Netherlands,25905.6926433385,1972
NL,Netherlands,25275.7592323319,1971
NL,Netherlands,24519.6092010347,1970
NC,New Caledonia,NA,2017
NC,New Caledonia,NA,2016
NC,New Caledonia,NA,2015
NC,New Caledonia,NA,2014
NC,New Caledonia,NA,2013
NC,New Caledonia,NA,2012
NC,New Caledonia,NA,2011
NC,New Caledonia,NA,2010
NC,New Caledonia,NA,2009
NC,New Caledonia,NA,2008
NC,New Caledonia,NA,2007
NC,New Caledonia,NA,2006
NC,New Caledonia,NA,2005
NC,New Caledonia,NA,2004
NC,New Caledonia,NA,2003
NC,New Caledonia,NA,2002
NC,New Caledonia,NA,2001
NC,New Caledonia,NA,2000
NC,New Caledonia,NA,1999
NC,New Caledonia,NA,1998
NC,New Caledonia,NA,1997
NC,New Caledonia,NA,1996
NC,New Caledonia,NA,1995
NC,New Caledonia,NA,1994
NC,New Caledonia,NA,1993
NC,New Caledonia,NA,1992
NC,New Caledonia,NA,1991
NC,New Caledonia,NA,1990
NC,New Caledonia,NA,1989
NC,New Caledonia,NA,1988
NC,New Caledonia,NA,1987
NC,New Caledonia,NA,1986
NC,New Caledonia,NA,1985
NC,New Caledonia,NA,1984
NC,New Caledonia,NA,1983
NC,New Caledonia,NA,1982
NC,New Caledonia,NA,1981
NC,New Caledonia,NA,1980
NC,New Caledonia,NA,1979
NC,New Caledonia,NA,1978
NC,New Caledonia,NA,1977
NC,New Caledonia,NA,1976
NC,New Caledonia,NA,1975
NC,New Caledonia,NA,1974
NC,New Caledonia,NA,1973
NC,New Caledonia,NA,1972
NC,New Caledonia,NA,1971
NC,New Caledonia,NA,1970
NZ,New Zealand,37678.3568532009,2017
NZ,New Zealand,37319.2861169023,2016
NZ,New Zealand,36770.4559394367,2015
NZ,New Zealand,36174.9052290675,2014
NZ,New Zealand,35409.7547999752,2013
NZ,New Zealand,34786.9739837258,2012
NZ,New Zealand,34216.55833628,2011
NZ,New Zealand,33692.0108346543,2010
NZ,New Zealand,33552.2125363754,2009
NZ,New Zealand,33961.9017000713,2008
NZ,New Zealand,34600.4452219395,2007
NZ,New Zealand,33903.034877919,2006
NZ,New Zealand,33369.805495514804,2005
NZ,New Zealand,32663.7153326902,2004
NZ,New Zealand,31867.3037737616,2003
NZ,New Zealand,31084.0743588956,2002
NZ,New Zealand,30214.635071092,2001
NZ,New Zealand,29374.1130090945,2000
NZ,New Zealand,28713.5650241227,1999
NZ,New Zealand,27371.492211132,1998
NZ,New Zealand,27398.4560164751,1997
NZ,New Zealand,27204.4072164488,1996
NZ,New Zealand,26672.5508812286,1995
NZ,New Zealand,25845.5236507012,1994
NZ,New Zealand,24916.061843965,1993
NZ,New Zealand,23687.753575171,1992
NZ,New Zealand,23676.6082871344,1991
NZ,New Zealand,25126.051971395,1990
NZ,New Zealand,25320.3511131478,1989
NZ,New Zealand,25401.2269141068,1988
NZ,New Zealand,25561.6032614955,1987
NZ,New Zealand,25534.9349390224,1986
NZ,New Zealand,24942.9596268612,1985
NZ,New Zealand,24698.6804435532,1984
NZ,New Zealand,23773.673545688,1983
NZ,New Zealand,23286.2351494878,1982
NZ,New Zealand,23302.0761593203,1981
NZ,New Zealand,22351.2398393739,1980
NZ,New Zealand,22095.538844759,1979
NZ,New Zealand,21537.011974381,1978
NZ,New Zealand,21475.794752381,1977
NZ,New Zealand,22425.5102188054,1976
NZ,New Zealand,22416.6011646323,1975
NZ,New Zealand,23259.7561595807,1974
NZ,New Zealand,22406.9354704579,1973
NZ,New Zealand,21196.4597190695,1972
NZ,New Zealand,20523.9783919081,1971
NZ,New Zealand,20073.0016160935,1970
NI,Nicaragua,1958.67121319692,2017
NI,Nicaragua,1895.19204249272,2016
NI,Nicaragua,1835.99900049169,2015
NI,Nicaragua,1774.99900244963,2014
NI,Nicaragua,1716.36745322664,2013
NI,Nicaragua,1657.62575880385,2012
NI,Nicaragua,1577.47169862216,2011
NI,Nicaragua,1503.8675441757,2010
NI,Nicaragua,1460.03577603994,2009
NI,Nicaragua,1530.55013225556,2008
NI,Nicaragua,1500.19345825693,2007
NI,Nicaragua,1447.47231747352,2006
NI,Nicaragua,1408.95185685166,2005
NI,Nicaragua,1369.6669732032,2004
NI,Nicaragua,1318.47337821587,2003
NI,Nicaragua,1303.99099416253,2002
NI,Nicaragua,1312.83720627699,2001
NI,Nicaragua,1294.21637931982,2000
NI,Nicaragua,1262.71878902028,1999
NI,Nicaragua,1199.02772557407,1998
NI,Nicaragua,1175.98965156891,1997
NI,Nicaragua,1151.65742776004,1996
NI,Nicaragua,1103.7612621855,1995
NI,Nicaragua,1063.45022934547,1994
NI,Nicaragua,1051.3576886585,1993
NI,Nicaragua,1079.20165163855,1992
NI,Nicaragua,1099.46951991659,1991
NI,Nicaragua,1126.40070159248,1990
NI,Nicaragua,1151.96587189089,1989
NI,Nicaragua,1197.9954267017,1988
NI,Nicaragua,1398.40393053841,1987
NI,Nicaragua,1440.23155001263,1986
NI,Nicaragua,1489.62913359965,1985
NI,Nicaragua,1591.97056371611,1984
NI,Nicaragua,1659.79184952491,1983
NI,Nicaragua,1630.03367376755,1982
NI,Nicaragua,1689.90652161188,1981
NI,Nicaragua,1650.35934119256,1980
NI,Nicaragua,1624.41959478746,1979
NI,Nicaragua,2276.60652422694,1978
NI,Nicaragua,2546.67831187106,1977
NI,Nicaragua,2423.49547670832,1976
NI,Nicaragua,2375.80900950122,1975
NI,Nicaragua,2454.1612319537,1974
NI,Nicaragua,2216.51521570642,1973
NI,Nicaragua,2147.98033696251,1972
NI,Nicaragua,2166.82631548297,1971
NI,Nicaragua,2162.72859536889,1970
NE,Niger,393.662099611086,2017
NE,Niger,389.985559100721,2016
NE,Niger,386.304532569044,2015
NE,Niger,384.90065616626,2014
NE,Niger,372.185866840619,2013
NE,Niger,367.646761610744,2012
NE,Niger,341.764755049952,2011
NE,Niger,347.343040654604,2010
NE,Niger,333.094639173344,2009
NE,Niger,348.513183012156,2008
NE,Niger,330.268661100387,2007
NE,Niger,332.450482046928,2006
NE,Niger,326.206894058318,2005
NE,Niger,324.016215702542,2004
NE,Niger,335.923959821968,2003
NE,Niger,331.002152090358,2002
NE,Niger,333.358918780843,2001
NE,Niger,322.777857895134,2000
NE,Niger,339.423096481121,1999
NE,Niger,353.80124808711,1998
NE,Niger,331.976825323189,1997
NE,Niger,334.639350863198,1996
NE,Niger,335.042639709296,1995
NE,Niger,338.001296207254,1994
NE,Niger,336.285058814931,1993
NE,Niger,342.837728921141,1992
NE,Niger,379.037553660192,1991
NE,Niger,381.854301529793,1990
NE,Niger,399.070442008975,1989
NE,Niger,407.519927977516,1988
NE,Niger,392.636052168984,1987
NE,Niger,403.920588179678,1986
NE,Niger,390.908047374795,1985
NE,Niger,373.506524949187,1984
NE,Niger,462.177780313358,1983
NE,Niger,499.390927324155,1982
NE,Niger,505.751143950409,1981
NE,Niger,517.353806712311,1980
NE,Niger,544.649147004968,1979
NE,Niger,523.257241311999,1978
NE,Niger,474.693077921552,1977
NE,Niger,453.376551872462,1976
NE,Niger,463.362755052143,1975
NE,Niger,490.307990603236,1974
NE,Niger,463.501920891206,1973
NE,Niger,574.450032935848,1972
NE,Niger,622.754305280961,1971
NE,Niger,605.923497333328,1970
NG,Nigeria,2412.36712511876,2017
NG,Nigeria,2456.3061881429,2016
NG,Nigeria,2563.14886397093,2015
NG,Nigeria,2563.89996945741,2014
NG,Nigeria,2476.86387820509,2013
NG,Nigeria,2384.95417065007,2012
NG,Nigeria,2350.3368242726,2011
NG,Nigeria,2292.44515619082,2010
NG,Nigeria,2179.98941589805,2009
NG,Nigeria,2072.27348562123,2008
NG,Nigeria,1993.09741067712,2007
NG,Nigeria,1919.72420341649,2006
NG,Nigeria,1857.92556390535,2005
NG,Nigeria,1791.26154475003,2004
NG,Nigeria,1682.09998921613,2003
NG,Nigeria,1607.23826655415,2002
NG,Nigeria,1429.19652677733,2001
NG,Nigeria,1383.66605146727,2000
NG,Nigeria,1350.98383437182,1999
NG,Nigeria,1377.08974014666,1998
NG,Nigeria,1376.30249891526,1997
NG,Nigeria,1370.72592996114,1996
NG,Nigeria,1348.68065148815,1995
NG,Nigeria,1383.68866096574,1994
NG,Nigeria,1444.84634164514,1993
NG,Nigeria,1512.2484354156,1992
NG,Nigeria,1482.22126316593,1991
NG,Nigeria,1515.01325682009,1990
NG,Nigeria,1390.80494856758,1989
NG,Nigeria,1400.73402370628,1988
NG,Nigeria,1339.81340287427,1987
NG,Nigeria,1332.80486664201,1986
NG,Nigeria,1367.11874732651,1985
NG,Nigeria,1324.29674673069,1984
NG,Nigeria,1373.5371693538,1983
NG,Nigeria,1581.56226604135,1982
NG,Nigeria,1741.71502837285,1981
NG,Nigeria,2059.99127822899,1980
NG,Nigeria,2034.00339218575,1979
NG,Nigeria,1962.68200651222,1978
NG,Nigeria,2146.84923043573,1977
NG,Nigeria,2086.39433889504,1976
NG,Nigeria,1969.1463507582,1975
NG,Nigeria,2134.9389787442,1974
NG,Nigeria,1970.50997757245,1973
NG,Nigeria,1915.85635592593,1972
NG,Nigeria,1897.77987892989,1971
NG,Nigeria,1700.27533582349,1970
MK,North Macedonia,5256.71104857627,2017
MK,North Macedonia,5247.25078420924,2016
MK,North Macedonia,5105.40223505595,2015
MK,North Macedonia,4919.53989987186,2014
MK,North Macedonia,4751.13798508142,2013
MK,North Macedonia,4620.11010552189,2012
MK,North Macedonia,4645.28160135539,2011
MK,North Macedonia,4542.89971678317,2010
MK,North Macedonia,4398.88900268547,2009
MK,North Macedonia,4418.40669877812,2008
MK,North Macedonia,4193.00226998039,2007
MK,North Macedonia,3942.45237464873,2006
MK,North Macedonia,3755.02475748327,2005
MK,North Macedonia,3591.26981230634,2004
MK,North Macedonia,3436.94622646518,2003
MK,North Macedonia,3369.5985810851,2002
MK,North Macedonia,3329.89967000978,2001
MK,North Macedonia,3448.81293076615,2000
MK,North Macedonia,3315.73591656127,1999
MK,North Macedonia,3197.33328701845,1998
MK,North Macedonia,3112.10526891155,1997
MK,North Macedonia,3083.58774731824,1996
MK,North Macedonia,3056.98515018825,1995
MK,North Macedonia,3093.86279083303,1994
MK,North Macedonia,3145.5410606893,1993
MK,North Macedonia,3391.53929560656,1992
MK,North Macedonia,3621.39088690657,1991
MK,North Macedonia,3853.89786345872,1990
MK,North Macedonia,NA,1989
MK,North Macedonia,NA,1988
MK,North Macedonia,NA,1987
MK,North Macedonia,NA,1986
MK,North Macedonia,NA,1985
MK,North Macedonia,NA,1984
MK,North Macedonia,NA,1983
MK,North Macedonia,NA,1982
MK,North Macedonia,NA,1981
MK,North Macedonia,NA,1980
MK,North Macedonia,NA,1979
MK,North Macedonia,NA,1978
MK,North Macedonia,NA,1977
MK,North Macedonia,NA,1976
MK,North Macedonia,NA,1975
MK,North Macedonia,NA,1974
MK,North Macedonia,NA,1973
MK,North Macedonia,NA,1972
MK,North Macedonia,NA,1971
MK,North Macedonia,NA,1970
MP,Northern Mariana Islands,23117.0161064391,2017
MP,Northern Mariana Islands,18595.5391515298,2016
MP,Northern Mariana Islands,14608.4804980929,2015
MP,Northern Mariana Islands,14249.9870445486,2014
MP,Northern Mariana Islands,13860.7512146054,2013
MP,Northern Mariana Islands,13652.9197047443,2012
MP,Northern Mariana Islands,13655.085194743,2011
MP,Northern Mariana Islands,14804.2467250931,2010
MP,Northern Mariana Islands,14542.3861660871,2009
MP,Northern Mariana Islands,17494.3302803346,2008
MP,Northern Mariana Islands,19460.4322414467,2007
MP,Northern Mariana Islands,20613.2240897893,2006
MP,Northern Mariana Islands,21880.394933369502,2005
MP,Northern Mariana Islands,24745.6473819099,2004
MP,Northern Mariana Islands,25233.2273681594,2003
MP,Northern Mariana Islands,24927.1128977041,2002
MP,Northern Mariana Islands,NA,2001
MP,Northern Mariana Islands,NA,2000
MP,Northern Mariana Islands,NA,1999
MP,Northern Mariana Islands,NA,1998
MP,Northern Mariana Islands,NA,1997
MP,Northern Mariana Islands,NA,1996
MP,Northern Mariana Islands,NA,1995
MP,Northern Mariana Islands,NA,1994
MP,Northern Mariana Islands,NA,1993
MP,Northern Mariana Islands,NA,1992
MP,Northern Mariana Islands,NA,1991
MP,Northern Mariana Islands,NA,1990
MP,Northern Mariana Islands,NA,1989
MP,Northern Mariana Islands,NA,1988
MP,Northern Mariana Islands,NA,1987
MP,Northern Mariana Islands,NA,1986
MP,Northern Mariana Islands,NA,1985
MP,Northern Mariana Islands,NA,1984
MP,Northern Mariana Islands,NA,1983
MP,Northern Mariana Islands,NA,1982
MP,Northern Mariana Islands,NA,1981
MP,Northern Mariana Islands,NA,1980
MP,Northern Mariana Islands,NA,1979
MP,Northern Mariana Islands,NA,1978
MP,Northern Mariana Islands,NA,1977
MP,Northern Mariana Islands,NA,1976
MP,Northern Mariana Islands,NA,1975
MP,Northern Mariana Islands,NA,1974
MP,Northern Mariana Islands,NA,1973
MP,Northern Mariana Islands,NA,1972
MP,Northern Mariana Islands,NA,1971
MP,Northern Mariana Islands,NA,1970
NO,Norway,91451.3505234169,2017
NO,Norway,90402.6021928798,2016
NO,Norway,90132.3495175593,2015
NO,Norway,89274.9561404904,2014
NO,Norway,88538.6976513824,2013
NO,Norway,88689.4909577404,2012
NO,Norway,87481.1483489355,2011
NO,Norway,87770.2668443401,2010
NO,Norway,88259.9677198309,2009
NO,Norway,90917.4986149303,2008
NO,Norway,91617.279152267,2007
NO,Norway,89887.0195170362,2006
NO,Norway,88494.3643276994,2005
NO,Norway,86820.3413099937,2004
NO,Norway,84008.961695493,2003
NO,Norway,83732.9389438834,2002
NO,Norway,82992.5318600251,2001
NO,Norway,81709.6629402044,2000
NO,Norway,79687.5082442976,1999
NO,Norway,78651.5508844102,1998
NO,Norway,77097.8458782907,1997
NO,Norway,73626.1577612754,1996
NO,Norway,70457.6931024057,1995
NO,Norway,67999.7327106912,1994
NO,Norway,65097.0675668618,1993
NO,Norway,63673.9764919406,1992
NO,Norway,61832.412957477,1991
NO,Norway,60268.6579400941,1990
NO,Norway,59329.9163348716,1989
NO,Norway,58963.1354641758,1988
NO,Norway,59432.9304691737,1987
NO,Norway,58682.8270963667,1986
NO,Norway,56604.382253573,1985
NO,Norway,53787.1773092291,1984
NO,Norway,50860.855160908,1983
NO,Norway,49079.6904303182,1982
NO,Norway,49144.6261866468,1981
NO,Norway,48538.2440171048,1980
NO,Norway,46568.7273357677,1979
NO,Norway,44770.0210425353,1978
NO,Norway,43267.0748975837,1977
NO,Norway,41714.7332474735,1976
NO,Norway,39603.7065461184,1975
NO,Norway,37943.8849620522,1974
NO,Norway,36738.7310258983,1973
NO,Norway,35392.3020646333,1972
NO,Norway,33859.1272456849,1971
NO,Norway,32267.0796772023,1970
OM,Oman,15875.5709315746,2017
OM,Oman,16692.2559984377,2016
OM,Oman,16689.8332167705,2015
OM,Oman,16884.2834134786,2014
OM,Oman,17577.7638034153,2013
OM,Oman,18125.7563406129,2012
OM,Oman,17837.6718519649,2011
OM,Oman,19281.1656336502,2010
OM,Oman,19454.2238192721,2009
OM,Oman,19168.1310311239,2008
OM,Oman,18340.9192890016,2007
OM,Oman,18078.8811524171,2006
OM,Oman,17632.0660750634,2005
OM,Oman,17666.0398517917,2004
OM,Oman,17874.4879646406,2003
OM,Oman,18768.1933204914,2002
OM,Oman,19306.9482692019,2001
OM,Oman,18698.5481488105,2000
OM,Oman,17843.1465706622,1999
OM,Oman,17889.5620953386,1998
OM,Oman,17445.3125710142,1997
OM,Oman,16549.0618386247,1996
OM,Oman,16295.7791526904,1995
OM,Oman,15923.7800566312,1994
OM,Oman,15894.2240860457,1993
OM,Oman,15659.7960063921,1992
OM,Oman,15127.1586586634,1991
OM,Oman,14903.1505437198,1990
OM,Oman,15531.1632923449,1989
OM,Oman,14419.3952359511,1988
OM,Oman,14097.1307735061,1987
OM,Oman,15148.1959414703,1986
OM,Oman,15472.9433315939,1985
OM,Oman,14210.6116220675,1984
OM,Oman,12801.8802779297,1983
OM,Oman,11576.7262650807,1982
OM,Oman,10967.256832383,1981
OM,Oman,9907.35670185063,1980
OM,Oman,9878.49151278247,1979
OM,Oman,10009.7248449534,1978
OM,Oman,10978.1883843331,1977
OM,Oman,11458.9843853298,1976
OM,Oman,9995.55055866081,1975
OM,Oman,8415.401085674,1974
OM,Oman,7874.53471532534,1973
OM,Oman,9545.37197089986,1972
OM,Oman,9009.52376269487,1971
OM,Oman,9239.15796499506,1970
PK,Pakistan,1158.54042480595,2017
PK,Pakistan,1119.0390712375,2016
PK,Pakistan,1082.76656420783,2015
PK,Pakistan,1055.66332093646,2014
PK,Pakistan,1029.84132418569,2013
PK,Pakistan,1007.44307226372,2012
PK,Pakistan,994.229957692241,2011
PK,Pakistan,988.754128341182,2010
PK,Pakistan,994.735449240564,2009
PK,Pakistan,989.190646267205,2008
PK,Pakistan,994.904408970307,2007
PK,Pakistan,970.941955961058,2006
PK,Pakistan,935.664135455926,2005
PK,Pakistan,889.220326083746,2004
PK,Pakistan,847.514150947739,2003
PK,Pakistan,827.493532680185,2002
PK,Pakistan,821.256946278269,2001
PK,Pakistan,825.855749838674,2000
PK,Pakistan,813.361508521311,1999
PK,Pakistan,806.646159724103,1998
PK,Pakistan,809.308160655589,1997
PK,Pakistan,824.509702810632,1996
PK,Pakistan,809.093360283243,1995
PK,Pakistan,792.704387322108,1994
PK,Pakistan,785.525834200055,1993
PK,Pakistan,793.477017567355,1992
PK,Pakistan,757.5389215242,1991
PK,Pakistan,742.012955189681,1990
PK,Pakistan,731.64964948231,1989
PK,Pakistan,718.549514376805,1988
PK,Pakistan,688.724060395691,1987
PK,Pakistan,667.841668996801,1986
PK,Pakistan,653.778167250092,1985
PK,Pakistan,627.927231236918,1984
PK,Pakistan,617.933832399312,1983
PK,Pakistan,598.505387597014,1982
PK,Pakistan,580.93541740998,1981
PK,Pakistan,556.408982997131,1980
PK,Pakistan,521.493952383397,1979
PK,Pakistan,518.835278747599,1978
PK,Pakistan,495.339582242354,1977
PK,Pakistan,491.230690716883,1976
PK,Pakistan,481.248670872638,1975
PK,Pakistan,475.39607145356,1974
PK,Pakistan,472.287210256596,1973
PK,Pakistan,453.467302647075,1972
PK,Pakistan,462.214469016718,1971
PK,Pakistan,472.65999798183,1970
PW,Palau,12309.7083525208,2017
PW,Palau,12825.2858293805,2016
PW,Palau,12801.439108635,2015
PW,Palau,11617.9036617764,2014
PW,Palau,11101.0429755082,2013
PW,Palau,11317.7667137956,2012
PW,Palau,10860.1351101923,2011
PW,Palau,10184.5168476747,2010
PW,Palau,9959.19442147344,2009
PW,Palau,10349.8229409357,2008
PW,Palau,10676.3116596065,2007
PW,Palau,10371.4673514809,2006
PW,Palau,10475.4926840677,2005
PW,Palau,9981.64570502686,2004
PW,Palau,9548.20942630812,2003
PW,Palau,9953.91852560232,2002
PW,Palau,9698.48464996457,2001
PW,Palau,9228.10813132839,2000
PW,Palau,NA,1999
PW,Palau,NA,1998
PW,Palau,NA,1997
PW,Palau,NA,1996
PW,Palau,NA,1995
PW,Palau,NA,1994
PW,Palau,NA,1993
PW,Palau,NA,1992
PW,Palau,NA,1991
PW,Palau,NA,1990
PW,Palau,NA,1989
PW,Palau,NA,1988
PW,Palau,NA,1987
PW,Palau,NA,1986
PW,Palau,NA,1985
PW,Palau,NA,1984
PW,Palau,NA,1983
PW,Palau,NA,1982
PW,Palau,NA,1981
PW,Palau,NA,1980
PW,Palau,NA,1979
PW,Palau,NA,1978
PW,Palau,NA,1977
PW,Palau,NA,1976
PW,Palau,NA,1975
PW,Palau,NA,1974
PW,Palau,NA,1973
PW,Palau,NA,1972
PW,Palau,NA,1971
PW,Palau,NA,1970
PA,Panama,11501.1572794685,2017
PA,Panama,11108.5907040548,2016
PA,Panama,10765.9102941448,2015
PA,Panama,10357.504182008,2014
PA,Panama,10027.3462310214,2013
PA,Panama,9541.06021262127,2012
PA,Panama,8841.56127732431,2011
PA,Panama,8082.02845866252,2010
PA,Panama,7772.38875590225,2009
PA,Panama,7814.53724481353,2008
PA,Panama,7242.24887364638,2007
PA,Panama,6585.45694066376,2006
PA,Panama,6172.8663311685,2005
PA,Panama,5865.94164397528,2004
PA,Panama,5558.09649894838,2003
PA,Panama,5435.16938307052,2002
PA,Panama,5419.10941913076,2001
PA,Panama,5493.642370019,2000
PA,Panama,5454.85572454209,1999
PA,Panama,5355.35925519474,1998
PA,Panama,5091.18307009202,1997
PA,Panama,4880.75015121813,1996
PA,Panama,4786.35557709317,1995
PA,Panama,4801.31314735743,1994
PA,Panama,4765.0779456718,1993
PA,Panama,4612.62397342794,1992
PA,Panama,4352.25755734143,1991
PA,Panama,4061.58883263221,1990
PA,Panama,3837.29682907732,1989
PA,Panama,3859.4258103903,1988
PA,Panama,4552.22357503432,1987
PA,Panama,4737.7948718461,1986
PA,Panama,4676.20665953941,1985
PA,Panama,4556.33091900722,1984
PA,Panama,4537.45991899699,1983
PA,Panama,4861.03805973074,1982
PA,Panama,4723.08199461553,1981
PA,Panama,4428.69518076395,1980
PA,Panama,4011.94839964682,1979
PA,Panama,3934.13955307564,1978
PA,Panama,3674.1501241532,1977
PA,Panama,3728.56682848526,1976
PA,Panama,3764.70294207291,1975
PA,Panama,3800.64799731829,1974
PA,Panama,3812.68953596421,1973
PA,Panama,3720.79308431911,1972
PA,Panama,3659.4964315168,1971
PA,Panama,3434.72839864175,1970
PG,Papua New Guinea,2437.662982214,2017
PG,Papua New Guinea,2448.71132168927,2016
PG,Papua New Guinea,2399.84447066755,2015
PG,Papua New Guinea,2236.05331024078,2014
PG,Papua New Guinea,2010.14657854285,2013
PG,Papua New Guinea,1975.92597422765,2012
PG,Papua New Guinea,1928.28432739872,2011
PG,Papua New Guinea,1949.3485595259,2010
PG,Papua New Guinea,1811.18868883285,2009
PG,Papua New Guinea,1736.758735992,2008
PG,Papua New Guinea,1784.78559846708,2007
PG,Papua New Guinea,1645.56176130931,2006
PG,Papua New Guinea,1646.29703446987,2005
PG,Papua New Guinea,1582.34313500698,2004
PG,Papua New Guinea,1572.81821781147,2003
PG,Papua New Guinea,1570.99452818952,2002
PG,Papua New Guinea,1606.14969594025,2001
PG,Papua New Guinea,1643.03726707704,2000
PG,Papua New Guinea,1723.8202925768,1999
PG,Papua New Guinea,1733.16700023884,1998
PG,Papua New Guinea,1845.73134353055,1997
PG,Papua New Guinea,1968.5745716037,1996
PG,Papua New Guinea,1872.06471873244,1995
PG,Papua New Guinea,1982.60157169584,1994
PG,Papua New Guinea,1915.49501171202,1993
PG,Papua New Guinea,1658.33130690452,1992
PG,Papua New Guinea,1490.71783159028,1991
PG,Papua New Guinea,1393.14653136818,1990
PG,Papua New Guinea,1471.10446413138,1989
PG,Papua New Guinea,1528.81027049818,1988
PG,Papua New Guinea,1522.53922041817,1987
PG,Papua New Guinea,1519.02781803876,1986
PG,Papua New Guinea,1488.4321774122,1985
PG,Papua New Guinea,1469.00452546984,1984
PG,Papua New Guinea,1514.01310178207,1983
PG,Papua New Guinea,1506.83006240563,1982
PG,Papua New Guinea,1542.62042441135,1981
PG,Papua New Guinea,1588.84360211093,1980
PG,Papua New Guinea,1669.83916857882,1979
PG,Papua New Guinea,1683.09308058017,1978
PG,Papua New Guinea,1590.8937179207,1977
PG,Papua New Guinea,1618.29676866266,1976
PG,Papua New Guinea,1717.67058146482,1975
PG,Papua New Guinea,1776.42212376194,1974
PG,Papua New Guinea,1773.99712490251,1973
PG,Papua New Guinea,1705.8202710826,1972
PG,Papua New Guinea,1653.57046642546,1971
PG,Papua New Guinea,1592.76071002528,1970
PY,Paraguay,5272.57579010939,2017
PY,Paraguay,5089.61202008711,2016
PY,Paraguay,4944.19164107741,2015
PY,Paraguay,4861.28709880236,2014
PY,Paraguay,4699.49371391186,2013
PY,Paraguay,4394.54388141372,2012
PY,Paraguay,4479.3989342399,2011
PY,Paraguay,4355.93493867734,2010
PY,Paraguay,3972.63027398075,2009
PY,Paraguay,4037.05313652334,2008
PY,Paraguay,3848.11898316972,2007
PY,Paraguay,3702.82291801666,2006
PY,Paraguay,3587.04538683713,2005
PY,Paraguay,3569.44743813352,2004
PY,Paraguay,3489.68104109831,2003
PY,Paraguay,3406.23262609334,2002
PY,Paraguay,3471.93110517993,2001
PY,Paraguay,3570.35203561891,2000
PY,Paraguay,3729.80015541024,1999
PY,Paraguay,3861.79048592618,1998
PY,Paraguay,3943.89717223549,1997
PY,Paraguay,3868.89674627916,1996
PY,Paraguay,3897.29279503358,1995
PY,Paraguay,3734.96485366687,1994
PY,Paraguay,3632.45034532562,1993
PY,Paraguay,3547.63080802135,1992
PY,Paraguay,3577.52411957431,1991
PY,Paraguay,3547.55048591879,1990
PY,Paraguay,3499.05378604214,1989
PY,Paraguay,3362.64734315869,1988
PY,Paraguay,3264.53736407941,1987
PY,Paraguay,3121.61337772661,1986
PY,Paraguay,3060.41137514336,1985
PY,Paraguay,3014.01049899431,1984
PY,Paraguay,3018.27198321556,1983
PY,Paraguay,3205.17557931337,1982
PY,Paraguay,3345.81432703242,1981
PY,Paraguay,3152.69558628762,1980
PY,Paraguay,2901.01273498031,1979
PY,Paraguay,2663.83736857441,1978
PY,Paraguay,2440.64505238107,1977
PY,Paraguay,2245.5193946709,1976
PY,Paraguay,2141.19211379607,1975
PY,Paraguay,2053.48426347286,1974
PY,Paraguay,1940.55588751184,1973
PY,Paraguay,1851.84417356626,1972
PY,Paraguay,1778.64775396526,1971
PY,Paraguay,1726.92846730331,1970
PE,Peru,6314.67210152594,2017
PE,Peru,6262.73097717762,2016
PE,Peru,6114.42996334257,2015
PE,Peru,5996.48413268767,2014
PE,Peru,5919.20956823756,2013
PE,Peru,5642.57811515525,2012
PE,Peru,5360.2266324006,2011
PE,Peru,5082.35475666351,2010
PE,Peru,4729.73597651642,2009
PE,Peru,4716.1972623181,2008
PE,Peru,4356.73896501969,2007
PE,Peru,4047.7480360416,2006
PE,Peru,3796.20339984392,2005
PE,Peru,3602.99972514727,2004
PE,Peru,3464.39687811052,2003
PE,Peru,3359.16268724949,2002
PE,Peru,3221.30254730122,2001
PE,Peru,3242.57915732832,2000
PE,Peru,3203.71375707154,1999
PE,Peru,3208.22449862094,1998
PE,Peru,3277.9557355751,1997
PE,Peru,3135.41459583504,1996
PE,Peru,3107.11435588466,1995
PE,Peru,2947.02703261217,1994
PE,Peru,2673.74073361619,1993
PE,Peru,2589.34311272457,1992
PE,Peru,2654.78867542546,1991
PE,Peru,2650.21397524972,1990
PE,Peru,2848.19117489821,1989
PE,Peru,3318.84376950771,1988
PE,Peru,3746.71340875119,1987
PE,Peru,3492.39728438407,1986
PE,Peru,3265.40939905957,1985
PE,Peru,3274.50456204515,1984
PE,Peru,3235.62190729069,1983
PE,Peru,3698.64676831604,1982
PE,Peru,3797.8003253604,1981
PE,Peru,3687.80073975241,1980
PE,Peru,3569.24025190125,1979
PE,Peru,3517.33406816691,1978
PE,Peru,3707.27280107141,1977
PE,Peru,3792.28432514862,1976
PE,Peru,3838.4798532875,1975
PE,Peru,3780.11103263929,1974
PE,Peru,3550.58850606913,1973
PE,Peru,3433.41079446942,1972
PE,Peru,3410.49253778528,1971
PE,Peru,3352.033562489,1970
PH,Philippines,2884.38059418533,2017
PH,Philippines,2743.19836346451,2016
PH,Philippines,2605.49359885296,2015
PH,Philippines,2495.5752945948,2014
PH,Philippines,2390.12929068713,2013
PH,Philippines,2270.52586542601,2012
PH,Philippines,2164.8550803835,2011
PH,Philippines,2124.05676974627,2010
PH,Philippines,2006.5938426792,2009
PH,Philippines,2016.81465548863,2008
PH,Philippines,1968.8124233261,2007
PH,Philippines,1878.49693319814,2006
PH,Philippines,1817.21986692869,2005
PH,Philippines,1767.43790087649,2004
PH,Philippines,1689.5728950008,2003
PH,Philippines,1642.93790251345,2002
PH,Philippines,1618.81617710988,2001
PH,Philippines,1607.19778266555,2000
PH,Philippines,1572.89144657053,1999
PH,Philippines,1559.66199351904,1998
PH,Philippines,1603.96062214232,1997
PH,Philippines,1559.68215221074,1996
PH,Philippines,1507.69888677137,1995
PH,Philippines,1474.17915014161,1994
PH,Philippines,1445.87000251183,1993
PH,Philippines,1450.17656355411,1992
PH,Philippines,1480.95041035891,1991
PH,Philippines,1527.09894395389,1990
PH,Philippines,1520.26738044957,1989
PH,Philippines,1469.07566862948,1988
PH,Philippines,1412.94707697254,1987
PH,Philippines,1391.19175554706,1986
PH,Philippines,1381.89850812402,1985
PH,Philippines,1531.71339194227,1984
PH,Philippines,1698.34769218499,1983
PH,Philippines,1713.26447453541,1982
PH,Philippines,1699.30600420269,1981
PH,Philippines,1688.68639183029,1980
PH,Philippines,1650.53281422277,1979
PH,Philippines,1605.6735348394,1978
PH,Philippines,1569.01913809148,1977
PH,Philippines,1527.18545078036,1976
PH,Philippines,1443.04466324801,1975
PH,Philippines,1405.84525576143,1974
PH,Philippines,1396.55694463603,1973
PH,Philippines,1319.34773806021,1972
PH,Philippines,1287.65484971387,1971
PH,Philippines,1257.03664192039,1970
PL,Poland,15826.3848754141,2017
PL,Poland,15101.3610626481,2016
PL,Poland,14646.3133391002,2015
PL,Poland,14095.4399166438,2014
PL,Poland,13632.5066660986,2013
PL,Poland,13437.2486546439,2012
PL,Poland,13224.5778043097,2011
PL,Poland,12599.5335818707,2010
PL,Poland,12126.2156068515,2009
PL,Poland,11801.6084368762,2008
PL,Poland,11322.065805786,2007
PL,Poland,10572.1927256157,2006
PL,Poland,9950.5852456949,2005
PL,Poland,9610.45594287589,2004
PL,Poland,9135.66041218787,2003
PL,Poland,8815.45901952615,2002
PL,Poland,8635.07307359182,2001
PL,Poland,8526.30368477933,2000
PL,Poland,8069.77195931463,1999
PL,Poland,7711.14789819515,1998
PL,Poland,7373.62829868215,1997
PL,Poland,6930.7731515719,1996
PL,Poland,6539.95056132948,1995
PL,Poland,6123.15941286708,1994
PL,Poland,5827.64781228422,1993
PL,Poland,5631.95523394047,1992
PL,Poland,5510.66193539906,1991
PL,Poland,5947.49285562617,1990
PL,Poland,NA,1989
PL,Poland,NA,1988
PL,Poland,NA,1987
PL,Poland,NA,1986
PL,Poland,NA,1985
PL,Poland,NA,1984
PL,Poland,NA,1983
PL,Poland,NA,1982
PL,Poland,NA,1981
PL,Poland,NA,1980
PL,Poland,NA,1979
PL,Poland,NA,1978
PL,Poland,NA,1977
PL,Poland,NA,1976
PL,Poland,NA,1975
PL,Poland,NA,1974
PL,Poland,NA,1973
PL,Poland,NA,1972
PL,Poland,NA,1971
PL,Poland,NA,1970
PT,Portugal,23197.4416284561,2017
PT,Portugal,22511.7262529722,2016
PT,Portugal,22016.8366620286,2015
PT,Portugal,21533.4901149674,2014
PT,Portugal,21228.0893566433,2013
PT,Portugal,21353.2302573942,2012
PT,Portugal,22159.4754249441,2011
PT,Portugal,22538.6540773482,2010
PT,Portugal,22128.8455201899,2009
PT,Portugal,22829.8478709047,2008
PT,Portugal,22817.3215491834,2007
PT,Portugal,22306.2840517928,2006
PT,Portugal,22004.7995539929,2005
PT,Portugal,21877.9070683116,2004
PT,Portugal,21540.0698382119,2003
PT,Portugal,21824.9756172317,2002
PT,Portugal,21777.4080097299,2001
PT,Portugal,21513.4597301856,2000
PT,Portugal,20874.5784590797,1999
PT,Portugal,20207.2836776869,1998
PT,Portugal,19380.9755616432,1997
PT,Portugal,18642.5392918351,1996
PT,Portugal,18080.5470698711,1995
PT,Portugal,17398.1275122217,1994
PT,Portugal,17278.2994600342,1993
PT,Portugal,17660.2953779227,1992
PT,Portugal,17456.3867271691,1991
PT,Portugal,16687.2650889218,1990
PT,Portugal,16018.1348967098,1989
PT,Portugal,15026.9468118734,1988
PT,Portugal,13965.4467247037,1987
PT,Portugal,13124.1786525211,1986
PT,Portugal,12613.7895833806,1985
PT,Portugal,12302.9427244873,1984
PT,Portugal,12586.9777663717,1983
PT,Portugal,12667.4416334198,1982
PT,Portugal,12478.6528861014,1981
PT,Portugal,12386.8906194767,1980
PT,Portugal,11972.1315320263,1979
PT,Portugal,11455.2102474309,1978
PT,Portugal,11262.3327036524,1977
PT,Portugal,10778.6630671036,1976
PT,Portugal,10373.8032764877,1975
PT,Portugal,11265.4168307405,1974
PT,Portugal,11294.5754918408,1973
PT,Portugal,10160.0733128606,1972
PT,Portugal,9391.60692944623,1971
PT,Portugal,8770.31069347351,1970
PR,Puerto Rico,27628.2869060216,2017
PR,Puerto Rico,27703.5236043486,2016
PR,Puerto Rico,27519.2954302495,2015
PR,Puerto Rico,27325.6608021892,2014
PR,Puerto Rico,27206.8827512933,2013
PR,Puerto Rico,26979.6710188734,2012
PR,Puerto Rico,26647.3862687612,2011
PR,Puerto Rico,26435.74878578,2010
PR,Puerto Rico,26411.4233177181,2009
PR,Puerto Rico,26790.8380811361,2008
PR,Puerto Rico,27134.5194142098,2007
PR,Puerto Rico,27293.4484654186,2006
PR,Puerto Rico,27566.6421566334,2005
PR,Puerto Rico,28084.938567503,2004
PR,Puerto Rico,25830.8301932217,2003
PR,Puerto Rico,25833.2026999,2002
PR,Puerto Rico,25631.6293460401,2001
PR,Puerto Rico,24161.1687402255,2000
PR,Puerto Rico,23460.4630070999,1999
PR,Puerto Rico,22372.4211709243,1998
PR,Puerto Rico,21322.117770327,1997
PR,Puerto Rico,20519.8059170018,1996
PR,Puerto Rico,20282.0390283961,1995
PR,Puerto Rico,19579.5891739201,1994
PR,Puerto Rico,18968.3016298921,1993
PR,Puerto Rico,18279.7163664147,1992
PR,Puerto Rico,17595.0377549102,1991
PR,Puerto Rico,17320.8098752904,1990
PR,Puerto Rico,17986.6221258345,1989
PR,Puerto Rico,17396.8765002727,1988
PR,Puerto Rico,16582.4283512983,1987
PR,Puerto Rico,15826.4715678203,1986
PR,Puerto Rico,15221.411843131,1985
PR,Puerto Rico,14908.9535219135,1984
PR,Puerto Rico,14215.0121767977,1983
PR,Puerto Rico,14705.5105271714,1982
PR,Puerto Rico,15098.8272126343,1981
PR,Puerto Rico,15097.6576551191,1980
PR,Puerto Rico,14656.3900704843,1979
PR,Puerto Rico,13750.273793724,1978
PR,Puerto Rico,13028.4738349358,1977
PR,Puerto Rico,12477.8652733193,1976
PR,Puerto Rico,11940.2007649776,1975
PR,Puerto Rico,12242.5462387805,1974
PR,Puerto Rico,12145.556609719,1973
PR,Puerto Rico,11670.3489472134,1972
PR,Puerto Rico,11106.2868973199,1971
PR,Puerto Rico,10611.3932204227,1970
QA,Qatar,63632.5986591259,2017
QA,Qatar,64303.1863591834,2016
QA,Qatar,65137.0573914628,2015
QA,Qatar,65560.3754039676,2014
QA,Qatar,66360.5909358245,2013
QA,Qatar,67623.8007390447,2012
QA,Qatar,69679.0884802855,2011
QA,Qatar,67403.1602978106,2010
QA,Qatar,63218.8411981677,2009
QA,Qatar,65046.8614399424,2008
QA,Qatar,65183.5302939512,2007
QA,Qatar,65819.979939721,2006
QA,Qatar,61649.392837961,2005
QA,Qatar,65885.0602241935,2004
QA,Qatar,61063.2614597063,2003
QA,Qatar,62632.3097793021,2002
QA,Qatar,60892.1002438247,2001
QA,Qatar,60837.5445443351,2000
QA,Qatar,NA,1999
QA,Qatar,NA,1998
QA,Qatar,NA,1997
QA,Qatar,NA,1996
QA,Qatar,NA,1995
QA,Qatar,NA,1994
QA,Qatar,NA,1993
QA,Qatar,NA,1992
QA,Qatar,NA,1991
QA,Qatar,NA,1990
QA,Qatar,NA,1989
QA,Qatar,NA,1988
QA,Qatar,NA,1987
QA,Qatar,NA,1986
QA,Qatar,NA,1985
QA,Qatar,NA,1984
QA,Qatar,NA,1983
QA,Qatar,NA,1982
QA,Qatar,NA,1981
QA,Qatar,NA,1980
QA,Qatar,NA,1979
QA,Qatar,NA,1978
QA,Qatar,NA,1977
QA,Qatar,NA,1976
QA,Qatar,NA,1975
QA,Qatar,NA,1974
QA,Qatar,NA,1973
QA,Qatar,NA,1972
QA,Qatar,NA,1971
QA,Qatar,NA,1970
RO,Romania,11016.7761004967,2017
RO,Romania,10236.8621688399,2016
RO,Romania,9712.14756944992,2015
RO,Romania,9306.24338328295,2014
RO,Romania,8965.64852504829,2013
RO,Romania,8629.14303523025,2012
RO,Romania,8415.99918522552,2011
RO,Romania,8209.9194562169,2010
RO,Romania,8492.61749193263,2009
RO,Romania,8913.9797644699,2008
RO,Romania,8020.19273210173,2007
RO,Romania,7369.49247012029,2006
RO,Romania,6781.49133819162,2005
RO,Romania,6439.15335642109,2004
RO,Romania,5797.95135216523,2003
RO,Romania,5624.60311775493,2002
RO,Romania,5224.61352763448,2001
RO,Romania,4896.69766460677,2000
RO,Romania,4772.89007812994,1999
RO,Romania,4783.42080557675,1998
RO,Romania,4872.43155333007,1997
RO,Romania,5106.01811791406,1996
RO,Romania,4899.85558937919,1995
RO,Romania,4603.02235493765,1994
RO,Romania,4422.4472912608,1993
RO,Romania,4349.92881842094,1992
RO,Romania,4725.06287818098,1991
RO,Romania,5379.0744954462,1990
RO,Romania,NA,1989
RO,Romania,NA,1988
RO,Romania,NA,1987
RO,Romania,NA,1986
RO,Romania,NA,1985
RO,Romania,NA,1984
RO,Romania,NA,1983
RO,Romania,NA,1982
RO,Romania,NA,1981
RO,Romania,NA,1980
RO,Romania,NA,1979
RO,Romania,NA,1978
RO,Romania,NA,1977
RO,Romania,NA,1976
RO,Romania,NA,1975
RO,Romania,NA,1974
RO,Romania,NA,1973
RO,Romania,NA,1972
RO,Romania,NA,1971
RO,Romania,NA,1970
RU,Russian Federation,11469.6754902683,2017
RU,Russian Federation,11298.4837364005,2016
RU,Russian Federation,11282.0579095235,2015
RU,Russian Federation,11573.4995748489,2014
RU,Russian Federation,11699.9694301718,2013
RU,Russian Federation,11517.5913066251,2012
RU,Russian Federation,11125.3477045463,2011
RU,Russian Federation,10674.9972024225,2010
RU,Russian Federation,10219.8947422333,2009
RU,Russian Federation,11087.8222958379,2008
RU,Russian Federation,10535.1277226821,2007
RU,Russian Federation,9693.20523021964,2006
RU,Russian Federation,8929.31915919313,2005
RU,Russian Federation,8360.26685352898,2004
RU,Russian Federation,7767.42442738408,2003
RU,Russian Federation,7206.21187727178,2002
RU,Russian Federation,6851.13236336058,2001
RU,Russian Federation,6491.08604208439,2000
RU,Russian Federation,5876.21825207743,1999
RU,Russian Federation,5505.70068761455,1998
RU,Russian Federation,5804.21690125004,1997
RU,Russian Federation,5714.6293303844,1996
RU,Russian Federation,5928.95887362312,1995
RU,Russian Federation,6186.90278798261,1994
RU,Russian Federation,7067.62055035127,1993
RU,Russian Federation,7729.63392383693,1992
RU,Russian Federation,9047.74961374045,1991
RU,Russian Federation,9549.98806707327,1990
RU,Russian Federation,9883.40423870709,1989
RU,Russian Federation,NA,1988
RU,Russian Federation,NA,1987
RU,Russian Federation,NA,1986
RU,Russian Federation,NA,1985
RU,Russian Federation,NA,1984
RU,Russian Federation,NA,1983
RU,Russian Federation,NA,1982
RU,Russian Federation,NA,1981
RU,Russian Federation,NA,1980
RU,Russian Federation,NA,1979
RU,Russian Federation,NA,1978
RU,Russian Federation,NA,1977
RU,Russian Federation,NA,1976
RU,Russian Federation,NA,1975
RU,Russian Federation,NA,1974
RU,Russian Federation,NA,1973
RU,Russian Federation,NA,1972
RU,Russian Federation,NA,1971
RU,Russian Federation,NA,1970
RW,Rwanda,780.772283298482,2017
RW,Rwanda,755.86731106261,2016
RW,Rwanda,732.011911060642,2015
RW,Rwanda,689.700842832434,2014
RW,Rwanda,656.967430424764,2013
RW,Rwanda,642.968103923393,2012
RW,Rwanda,605.567684925824,2011
RW,Rwanda,576.049201001347,2010
RW,Rwanda,550.742414785391,2009
RW,Rwanda,532.371270572381,2008
RW,Rwanda,491.842167316159,2007
RW,Rwanda,468.394080207173,2006
RW,Rwanda,438.679071839297,2005
RW,Rwanda,408.44568927366,2004
RW,Rwanda,385.614569872125,2003
RW,Rwanda,383.129910045447,2002
RW,Rwanda,346.533581678974,2001
RW,Rwanda,331.408448298989,2000
RW,Rwanda,323.439363843232,1999
RW,Rwanda,334.204521585057,1998
RW,Rwanda,332.96992925979,1997
RW,Rwanda,312.24991014559,1996
RW,Rwanda,285.331135832769,1995
RW,Rwanda,207.459948486448,1994
RW,Rwanda,395.186767293351,1993
RW,Rwanda,401.922784443447,1992
RW,Rwanda,359.173429271176,1991
RW,Rwanda,358.077711830903,1990
RW,Rwanda,367.480041986698,1989
RW,Rwanda,377.405757053161,1988
RW,Rwanda,377.575599184172,1987
RW,Rwanda,397.372835391561,1986
RW,Rwanda,394.951407359899,1985
RW,Rwanda,393.936311423211,1984
RW,Rwanda,426.696967810351,1983
RW,Rwanda,416.23290349211,1982
RW,Rwanda,422.299883745293,1981
RW,Rwanda,414.200900391339,1980
RW,Rwanda,393.493579294777,1979
RW,Rwanda,363.86997535854,1978
RW,Rwanda,344.641864460197,1977
RW,Rwanda,349.097440081501,1976
RW,Rwanda,301.584364351131,1975
RW,Rwanda,317.789914635554,1974
RW,Rwanda,322.924088346919,1973
RW,Rwanda,321.522458638668,1972
RW,Rwanda,330.269552028186,1971
RW,Rwanda,336.239995991864,1970
WS,Samoa,3881.74005712322,2017
WS,Samoa,3795.38499744333,2016
WS,Samoa,3560.18489906332,2015
WS,Samoa,3532.85049057242,2014
WS,Samoa,3511.66124616144,2013
WS,Samoa,3611.76068582779,2012
WS,Samoa,3628.36241582419,2011
WS,Samoa,3458.18871513762,2010
WS,Samoa,3467.67491949745,2009
WS,Samoa,3668.53397002644,2008
WS,Samoa,3656.16470263181,2007
WS,Samoa,3460.98875613774,2006
WS,Samoa,3415.86317399576,2005
WS,Samoa,3300.42835245857,2004
WS,Samoa,3174.18883357107,2003
WS,Samoa,3055.59321654591,2002
WS,Samoa,2945.33099880006,2001
WS,Samoa,2769.00492486663,2000
WS,Samoa,2602.42599241822,1999
WS,Samoa,2558.11382073867,1998
WS,Samoa,2514.38821984394,1997
WS,Samoa,2511.49358253876,1996
WS,Samoa,2358.5800615152302,1995
WS,Samoa,2228.84935564214,1994
WS,Samoa,2308.54029311507,1993
WS,Samoa,2239.44733308415,1992
WS,Samoa,2264.3633781196,1991
WS,Samoa,2334.66778097843,1990
WS,Samoa,2455.6865136611,1989
WS,Samoa,2376.17667585845,1988
WS,Samoa,2417.10579692947,1987
WS,Samoa,2411.79297946719,1986
WS,Samoa,2293.8761262552,1985
WS,Samoa,2217.64374495893,1984
WS,Samoa,2201.84180262096,1983
WS,Samoa,2206.04444970583,1982
WS,Samoa,NA,1981
WS,Samoa,NA,1980
WS,Samoa,NA,1979
WS,Samoa,NA,1978
WS,Samoa,NA,1977
WS,Samoa,NA,1976
WS,Samoa,NA,1975
WS,Samoa,NA,1974
WS,Samoa,NA,1973
WS,Samoa,NA,1972
WS,Samoa,NA,1971
WS,Samoa,NA,1970
SM,San Marino,53337.5878675864,2017
SM,San Marino,52811.2787970763,2016
SM,San Marino,52034.7581864891,2015
SM,San Marino,52233.052890043,2014
SM,San Marino,53346.9745703882,2013
SM,San Marino,55783.1010656603,2012
SM,San Marino,61183.8584586729,2011
SM,San Marino,68496.3606802049,2010
SM,San Marino,72803.7306617617,2009
SM,San Marino,84562.3979715959,2008
SM,San Marino,84216.2543096583,2007
SM,San Marino,79571.9044287615,2006
SM,San Marino,77600.2643488612,2005
SM,San Marino,76801.326219582,2004
SM,San Marino,74404.6842715271,2003
SM,San Marino,72609.2967420196,2002
SM,San Marino,73306.6233261549,2001
SM,San Marino,70336.1605291872,2000
SM,San Marino,69618.4517920887,1999
SM,San Marino,64598.3163966503,1998
SM,San Marino,60713.063363935296,1997
SM,San Marino,NA,1996
SM,San Marino,NA,1995
SM,San Marino,NA,1994
SM,San Marino,NA,1993
SM,San Marino,NA,1992
SM,San Marino,NA,1991
SM,San Marino,NA,1990
SM,San Marino,NA,1989
SM,San Marino,NA,1988
SM,San Marino,NA,1987
SM,San Marino,NA,1986
SM,San Marino,NA,1985
SM,San Marino,NA,1984
SM,San Marino,NA,1983
SM,San Marino,NA,1982
SM,San Marino,NA,1981
SM,San Marino,NA,1980
SM,San Marino,NA,1979
SM,San Marino,NA,1978
SM,San Marino,NA,1977
SM,San Marino,NA,1976
SM,San Marino,NA,1975
SM,San Marino,NA,1974
SM,San Marino,NA,1973
SM,San Marino,NA,1972
SM,San Marino,NA,1971
SM,San Marino,NA,1970
ST,Sao Tome and Principe,1287.80935119495,2017
ST,Sao Tome and Principe,1263.37450591548,2016
ST,Sao Tome and Principe,1235.85094347042,2015
ST,Sao Tome and Principe,1213.16408235717,2014
ST,Sao Tome and Principe,1160.16331356999,2013
ST,Sao Tome and Principe,1128.5073610127,2012
ST,Sao Tome and Principe,1117.13641366281,2011
ST,Sao Tome and Principe,1094.71063611153,2010
ST,Sao Tome and Principe,1052.46846735495,2009
ST,Sao Tome and Principe,1056.09623780499,2008
ST,Sao Tome and Principe,1004.47761850179,2007
ST,Sao Tome and Principe,1000.61798306814,2006
ST,Sao Tome and Principe,941.535970934128,2005
ST,Sao Tome and Principe,900.528887718451,2004
ST,Sao Tome and Principe,886.446916624547,2003
ST,Sao Tome and Principe,848.513631191988,2002
ST,Sao Tome and Principe,844.227143218382,2001
ST,Sao Tome and Principe,NA,2000
ST,Sao Tome and Principe,NA,1999
ST,Sao Tome and Principe,NA,1998
ST,Sao Tome and Principe,NA,1997
ST,Sao Tome and Principe,NA,1996
ST,Sao Tome and Principe,NA,1995
ST,Sao Tome and Principe,NA,1994
ST,Sao Tome and Principe,NA,1993
ST,Sao Tome and Principe,NA,1992
ST,Sao Tome and Principe,NA,1991
ST,Sao Tome and Principe,NA,1990
ST,Sao Tome and Principe,NA,1989
ST,Sao Tome and Principe,NA,1988
ST,Sao Tome and Principe,NA,1987
ST,Sao Tome and Principe,NA,1986
ST,Sao Tome and Principe,NA,1985
ST,Sao Tome and Principe,NA,1984
ST,Sao Tome and Principe,NA,1983
ST,Sao Tome and Principe,NA,1982
ST,Sao Tome and Principe,NA,1981
ST,Sao Tome and Principe,NA,1980
ST,Sao Tome and Principe,NA,1979
ST,Sao Tome and Principe,NA,1978
ST,Sao Tome and Principe,NA,1977
ST,Sao Tome and Principe,NA,1976
ST,Sao Tome and Principe,NA,1975
ST,Sao Tome and Principe,NA,1974
ST,Sao Tome and Principe,NA,1973
ST,Sao Tome and Principe,NA,1972
ST,Sao Tome and Principe,NA,1971
ST,Sao Tome and Principe,NA,1970
SA,Saudi Arabia,20693.9391318252,2017
SA,Saudi Arabia,21270.4714040551,2016
SA,Saudi Arabia,21399.1040059788,2015
SA,Saudi Arabia,21087.3544122692,2014
SA,Saudi Arabia,20929.4968690033,2013
SA,Saudi Arabia,21006.6370090509,2012
SA,Saudi Arabia,20553.9053742816,2011
SA,Saudi Arabia,19262.5476811757,2010
SA,Saudi Arabia,18883.199839421,2009
SA,Saudi Arabia,19832.6513319799,2008
SA,Saudi Arabia,19187.8067947643,2007
SA,Saudi Arabia,19367.5827543478,2006
SA,Saudi Arabia,19381.8519639916,2005
SA,Saudi Arabia,18901.0131046053,2004
SA,Saudi Arabia,18034.7245219,2003
SA,Saudi Arabia,16696.4103852427,2002
SA,Saudi Arabia,17669.1180001687,2001
SA,Saudi Arabia,18352.0271397081,2000
SA,Saudi Arabia,17778.41410464,1999
SA,Saudi Arabia,18857.6290970743,1998
SA,Saudi Arabia,18682.5851596284,1997
SA,Saudi Arabia,18841.0292563939,1996
SA,Saudi Arabia,18745.963301868,1995
SA,Saudi Arabia,19142.0630974531,1994
SA,Saudi Arabia,19519.1968143153,1993
SA,Saudi Arabia,20339.374326988,1992
SA,Saudi Arabia,20154.1657299259,1991
SA,Saudi Arabia,18105.9059666821,1990
SA,Saudi Arabia,16287.1839082331,1989
SA,Saudi Arabia,17017.1498628873,1988
SA,Saudi Arabia,15695.1819600488,1987
SA,Saudi Arabia,17604.0628019166,1986
SA,Saudi Arabia,15818.8407194567,1985
SA,Saudi Arabia,18525.1325591437,1984
SA,Saudi Arabia,20622.7170144053,1983
SA,Saudi Arabia,26158.1917870167,1982
SA,Saudi Arabia,35165.5314356646,1981
SA,Saudi Arabia,36703.1433368183,1980
SA,Saudi Arabia,36843.9255745131,1979
SA,Saudi Arabia,34789.6781434925,1978
SA,Saudi Arabia,38669.5225583174,1977
SA,Saudi Arabia,37981.3234026997,1976
SA,Saudi Arabia,33902.4233273083,1975
SA,Saudi Arabia,39152.0782044791,1974
SA,Saudi Arabia,35405.0370442769,1973
SA,Saudi Arabia,29935.7968226558,1972
SA,Saudi Arabia,25518.723374727,1971
SA,Saudi Arabia,22133.9049242035,1970
SN,Senegal,1489.37203057706,2017
SN,Senegal,1430.36239529003,2016
SN,Senegal,1383.16720580259,2015
SN,Senegal,1337.40669024918,2014
SN,Senegal,1290.15642127655,2013
SN,Senegal,1290.36339132876,2012
SN,Senegal,1262.22104287166,2011
SN,Senegal,1278.97775412843,2010
SN,Senegal,1269.32590019021,2009
SN,Senegal,1277.52659986561,2008
SN,Senegal,1261.09146625555,2007
SN,Senegal,1233.92569040887,2006
SN,Senegal,1236.00639372208,2005
SN,Senegal,1200.52413544128,2004
SN,Senegal,1162.84757014325,2003
SN,Senegal,1117.32196892424,2002
SN,Senegal,1137.43879151626,2001
SN,Senegal,1114.0767239622,2000
SN,Senegal,1105.37940690171,1999
SN,Senegal,1063.97490964837,1998
SN,Senegal,1028.57646233948,1997
SN,Senegal,1021.81447462562,1996
SN,Senegal,1027.32868976332,1995
SN,Senegal,1001.43352629417,1994
SN,Senegal,1030.13406363653,1993
SN,Senegal,1047.02677463547,1992
SN,Senegal,1065.45893188389,1991
SN,Senegal,1070.54278504603,1990
SN,Senegal,1110.70347415596,1989
SN,Senegal,1100.90474033043,1988
SN,Senegal,1141.43065703524,1987
SN,Senegal,1108.94116490295,1986
SN,Senegal,1108.58578902484,1985
SN,Senegal,1106.49731848678,1984
SN,Senegal,1099.44797769737,1983
SN,Senegal,1196.64196354151,1982
SN,Senegal,1142.3385261751,1981
SN,Senegal,1117.84892174646,1980
SN,Senegal,1186.75370272104,1979
SN,Senegal,1136.76664806643,1978
SN,Senegal,1212.15466035592,1977
SN,Senegal,1276.14540612412,1976
SN,Senegal,1201.93942980549,1975
SN,Senegal,1148.62105211589,1974
SN,Senegal,1134.59010056848,1973
SN,Senegal,1238.30339176206,1972
SN,Senegal,1199.91145976765,1971
SN,Senegal,1238.29898277149,1970
RS,Serbia,6560.32337731572,2017
RS,Serbia,6394.46029514648,2016
RS,Serbia,6155.44816919192,2015
RS,Serbia,6018.16597399001,2014
RS,Serbia,6086.72644503527,2013
RS,Serbia,5886.89457613666,2012
RS,Serbia,5898.59613222216,2011
RS,Serbia,5735.42285659849,2010
RS,Serbia,5670.95508551703,2009
RS,Serbia,5806.89031544951,2008
RS,Serbia,5472.70944434043,2007
RS,Serbia,5120.80873793267,2006
RS,Serbia,4649.57612415679,2005
RS,Serbia,4392.27756327449,2004
RS,Serbia,4018.50621535257,2003
RS,Serbia,3840.39698380216,2002
RS,Serbia,3581.97411754192,2001
RS,Serbia,3405.77949458335,2000
RS,Serbia,3150.46332154297,1999
RS,Serbia,3573.08862668794,1998
RS,Serbia,3475.10194548584,1997
RS,Serbia,3233.09608931892,1996
RS,Serbia,3153.38329625303,1995
RS,Serbia,NA,1994
RS,Serbia,NA,1993
RS,Serbia,NA,1992
RS,Serbia,NA,1991
RS,Serbia,NA,1990
RS,Serbia,NA,1989
RS,Serbia,NA,1988
RS,Serbia,NA,1987
RS,Serbia,NA,1986
RS,Serbia,NA,1985
RS,Serbia,NA,1984
RS,Serbia,NA,1983
RS,Serbia,NA,1982
RS,Serbia,NA,1981
RS,Serbia,NA,1980
RS,Serbia,NA,1979
RS,Serbia,NA,1978
RS,Serbia,NA,1977
RS,Serbia,NA,1976
RS,Serbia,NA,1975
RS,Serbia,NA,1974
RS,Serbia,NA,1973
RS,Serbia,NA,1972
RS,Serbia,NA,1971
RS,Serbia,NA,1970
SC,Seychelles,14014.8681439591,2017
SC,Seychelles,13598.3363473885,2016
SC,Seychelles,13187.6119451562,2015
SC,Seychelles,12850.493195897,2014
SC,Seychelles,12489.3149221443,2013
SC,Seychelles,11999.9538480947,2012
SC,Seychelles,11967.3623467509,2011
SC,Seychelles,10804.6844747547,2010
SC,Seychelles,10486.1898908954,2009
SC,Seychelles,10645.0866961106,2008
SC,Seychelles,11124.6571123506,2007
SC,Seychelles,10126.290476779,2006
SC,Seychelles,9450.27943363656,2005
SC,Seychelles,8709.78268874452,2004
SC,Seychelles,8932.19505426459,2003
SC,Seychelles,9384.15248144775,2002
SC,Seychelles,9559.5519572009,2001
SC,Seychelles,9790.27077165215,2000
SC,Seychelles,9730.69992339457,1999
SC,Seychelles,9741.36050272366,1998
SC,Seychelles,9163.68506599416,1997
SC,Seychelles,8281.28009926578,1996
SC,Seychelles,8009.79450081097,1995
SC,Seychelles,8196.09255478744,1994
SC,Seychelles,8485.29142847674,1993
SC,Seychelles,8158.4112635336,1992
SC,Seychelles,7648.21344645996,1991
SC,Seychelles,7542.55943086466,1990
SC,Seychelles,7084.06686635897,1989
SC,Seychelles,6408.80583347695,1988
SC,Seychelles,6103.37375831615,1987
SC,Seychelles,6099.42158542399,1986
SC,Seychelles,6148.43451460391,1985
SC,Seychelles,5577.91763776892,1984
SC,Seychelles,5368.84190837258,1983
SC,Seychelles,5455.59001512132,1982
SC,Seychelles,5549.82339400686,1981
SC,Seychelles,6120.5388430946,1980
SC,Seychelles,6450.74195115657,1979
SC,Seychelles,5618.90591948598,1978
SC,Seychelles,4665.23287850619,1977
SC,Seychelles,5078.45062554343,1976
SC,Seychelles,4456.79834739506,1975
SC,Seychelles,4420.5721140717,1974
SC,Seychelles,4443.87280199393,1973
SC,Seychelles,4137.68674316768,1972
SC,Seychelles,3987.08639802504,1971
SC,Seychelles,3511.84863290674,1970
SL,Sierra Leone,466.94506935512,2017
SL,Sierra Leone,457.833091719662,2016
SL,Sierra Leone,441.137664064293,2015
SL,Sierra Leone,567.834267043931,2014
SL,Sierra Leone,555.205562395033,2013
SL,Sierra Leone,470.301404621334,2012
SL,Sierra Leone,417.603168385485,2011
SL,Sierra Leone,401.835001366837,2010
SL,Sierra Leone,390.131035408141,2009
SL,Sierra Leone,386.653814008902,2008
SL,Sierra Leone,375.668000342173,2007
SL,Sierra Leone,357.219529970943,2006
SL,Sierra Leone,353.889418515374,2005
SL,Sierra Leone,351.822123761394,2004
SL,Sierra Leone,344.826417313311,2003
SL,Sierra Leone,330.395926585628,2002
SL,Sierra Leone,272.991178006267,2001
SL,Sierra Leone,302.264265607971,2000
SL,Sierra Leone,291.170375151111,1999
SL,Sierra Leone,302.534249275837,1998
SL,Sierra Leone,300.394917569628,1997
SL,Sierra Leone,320.826792074818,1996
SL,Sierra Leone,315.935044423867,1995
SL,Sierra Leone,342.943152620003,1994
SL,Sierra Leone,348.204418797141,1993
SL,Sierra Leone,342.000425743454,1992
SL,Sierra Leone,422.19915848804,1991
SL,Sierra Leone,415.256874550121,1990
SL,Sierra Leone,407.965432843083,1989
SL,Sierra Leone,414.539155692392,1988
SL,Sierra Leone,459.215291489138,1987
SL,Sierra Leone,441.527800521399,1986
SL,Sierra Leone,448.901817432905,1985
SL,Sierra Leone,486.587805536947,1984
SL,Sierra Leone,478.775225030222,1983
SL,Sierra Leone,500.066201981117,1982
SL,Sierra Leone,487.724730171172,1981
SL,Sierra Leone,484.64319012375,1980
SL,Sierra Leone,472.715604208588,1979
SL,Sierra Leone,462.45222597484,1978
SL,Sierra Leone,461.603045855152,1977
SL,Sierra Leone,471.487504767157,1976
SL,Sierra Leone,483.819295618766,1975
SL,Sierra Leone,485.964304752679,1974
SL,Sierra Leone,479.323943981,1973
SL,Sierra Leone,478.346747126768,1972
SL,Sierra Leone,483.589895610355,1971
SL,Sierra Leone,476.55702688499,1970
SG,Singapore,56740.7531212853,2017
SG,Singapore,54764.8647564642,2016
SG,Singapore,53883.8182408117,2015
SG,Singapore,52994.0383707397,2014
SG,Singapore,51671.1498730881,2013
SG,Singapore,50102.2312032794,2012
SG,Singapore,49159.3810385033,2011
SG,Singapore,47236.9602345421,2010
SG,Singapore,41983.0670088349,2009
SG,Singapore,43216.2491859386,2008
SG,Singapore,44742.4169784442,2007
SG,Singapore,42785.5926705528,2006
SG,Singapore,40498.7061294602,2005
SG,Singapore,38619.8591164918,2004
SG,Singapore,35609.6841743587,2003
SG,Singapore,33565.9722945406,2002
SG,Singapore,32597.6199408294,2001
SG,Singapore,33850.7601751174,2000
SG,Singapore,31586.968713402,1999
SG,Singapore,30116.5354836979,1998
SG,Singapore,31856.5920491569,1997
SG,Singapore,30413.931539539,1996
SG,Singapore,29473.4604698392,1995
SG,Singapore,28341.669596716,1994
SG,Singapore,26323.446360985,1993
SG,Singapore,24221.4042674592,1992
SG,Singapore,23406.0363148836,1991
SG,Singapore,22571.9018985542,1990
SG,Singapore,21368.4485258625,1989
SG,Singapore,19975.7878708891,1988
SG,Singapore,18414.9841046306,1987
SG,Singapore,16872.1822462624,1986
SG,Singapore,16632.9206493516,1985
SG,Singapore,16760.0172192331,1984
SG,Singapore,15699.5112494552,1983
SG,Singapore,14651.3409295023,1982
SG,Singapore,14293.5352961073,1981
SG,Singapore,13533.6893731764,1980
SG,Singapore,12447.6772863628,1979
SG,Singapore,11506.4834684662,1978
SG,Singapore,10806.0929995492,1977
SG,Singapore,10254.2308084013,1976
SG,Singapore,9673.86858985538,1975
SG,Singapore,9440.24776475357,1974
SG,Singapore,9045.34150684,1973
SG,Singapore,8332.46441414532,1972
SG,Singapore,7490.81917024382,1971
SG,Singapore,6786.9336418887,1970
SX,Sint Maarten (Dutch part),NA,2017
SX,Sint Maarten (Dutch part),NA,2016
SX,Sint Maarten (Dutch part),NA,2015
SX,Sint Maarten (Dutch part),NA,2014
SX,Sint Maarten (Dutch part),NA,2013
SX,Sint Maarten (Dutch part),NA,2012
SX,Sint Maarten (Dutch part),NA,2011
SX,Sint Maarten (Dutch part),NA,2010
SX,Sint Maarten (Dutch part),NA,2009
SX,Sint Maarten (Dutch part),NA,2008
SX,Sint Maarten (Dutch part),NA,2007
SX,Sint Maarten (Dutch part),NA,2006
SX,Sint Maarten (Dutch part),NA,2005
SX,Sint Maarten (Dutch part),NA,2004
SX,Sint Maarten (Dutch part),NA,2003
SX,Sint Maarten (Dutch part),NA,2002
SX,Sint Maarten (Dutch part),NA,2001
SX,Sint Maarten (Dutch part),NA,2000
SX,Sint Maarten (Dutch part),NA,1999
SX,Sint Maarten (Dutch part),NA,1998
SX,Sint Maarten (Dutch part),NA,1997
SX,Sint Maarten (Dutch part),NA,1996
SX,Sint Maarten (Dutch part),NA,1995
SX,Sint Maarten (Dutch part),NA,1994
SX,Sint Maarten (Dutch part),NA,1993
SX,Sint Maarten (Dutch part),NA,1992
SX,Sint Maarten (Dutch part),NA,1991
SX,Sint Maarten (Dutch part),NA,1990
SX,Sint Maarten (Dutch part),NA,1989
SX,Sint Maarten (Dutch part),NA,1988
SX,Sint Maarten (Dutch part),NA,1987
SX,Sint Maarten (Dutch part),NA,1986
SX,Sint Maarten (Dutch part),NA,1985
SX,Sint Maarten (Dutch part),NA,1984
SX,Sint Maarten (Dutch part),NA,1983
SX,Sint Maarten (Dutch part),NA,1982
SX,Sint Maarten (Dutch part),NA,1981
SX,Sint Maarten (Dutch part),NA,1980
SX,Sint Maarten (Dutch part),NA,1979
SX,Sint Maarten (Dutch part),NA,1978
SX,Sint Maarten (Dutch part),NA,1977
SX,Sint Maarten (Dutch part),NA,1976
SX,Sint Maarten (Dutch part),NA,1975
SX,Sint Maarten (Dutch part),NA,1974
SX,Sint Maarten (Dutch part),NA,1973
SX,Sint Maarten (Dutch part),NA,1972
SX,Sint Maarten (Dutch part),NA,1971
SX,Sint Maarten (Dutch part),NA,1970
SK,Slovak Republic,19882.484492312,2017
SK,Slovak Republic,19298.0734838612,2016
SK,Slovak Republic,18737.3500233727,2015
SK,Slovak Republic,18003.540337681,2014
SK,Slovak Republic,17538.6488294979,2013
SK,Slovak Republic,17299.6293337653,2012
SK,Slovak Republic,17046.6079365725,2011
SK,Slovak Republic,16600.6135880385,2010
SK,Slovak Republic,15818.5639472363,2009
SK,Slovak Republic,16747.8147334138,2008
SK,Slovak Republic,15868.8044098402,2007
SK,Slovak Republic,14326.2598754004,2006
SK,Slovak Republic,13210.2692544755,2005
SK,Slovak Republic,12376.0620305921,2004
SK,Slovak Republic,11755.3477987032,2003
SK,Slovak Republic,11143.7638880579,2002
SK,Slovak Republic,10657.6884748107,2001
SK,Slovak Republic,10296.7141833785,2000
SK,Slovak Republic,10159.832694037,1999
SK,Slovak Republic,10191.1052592976,1998
SK,Slovak Republic,9811.17676872153,1997
SK,Slovak Republic,9267.02702559816,1996
SK,Slovak Republic,8698.86838148239,1995
SK,Slovak Republic,8242.69958720552,1994
SK,Slovak Republic,7791.72643171581,1993
SK,Slovak Republic,7675.58781197394,1992
SK,Slovak Republic,NA,1991
SK,Slovak Republic,NA,1990
SK,Slovak Republic,NA,1989
SK,Slovak Republic,NA,1988
SK,Slovak Republic,NA,1987
SK,Slovak Republic,NA,1986
SK,Slovak Republic,NA,1985
SK,Slovak Republic,NA,1984
SK,Slovak Republic,NA,1983
SK,Slovak Republic,NA,1982
SK,Slovak Republic,NA,1981
SK,Slovak Republic,NA,1980
SK,Slovak Republic,NA,1979
SK,Slovak Republic,NA,1978
SK,Slovak Republic,NA,1977
SK,Slovak Republic,NA,1976
SK,Slovak Republic,NA,1975
SK,Slovak Republic,NA,1974
SK,Slovak Republic,NA,1973
SK,Slovak Republic,NA,1972
SK,Slovak Republic,NA,1971
SK,Slovak Republic,NA,1970
SI,Slovenia,25621.9320917784,2017
SI,Slovenia,24445.557914336,2016
SI,Slovenia,23735.2401003236,2015
SI,Slovenia,23217.9440762228,2014
SI,Slovenia,22574.7091033069,2013
SI,Slovenia,22864.2050796907,2012
SI,Slovenia,23540.7146228343,2011
SI,Slovenia,23437.4720211387,2010
SI,Slovenia,23252.0969978534,2009
SI,Slovenia,25447.4258986805,2008
SI,Slovenia,24673.4446856832,2007
SI,Slovenia,23201.2579079271,2006
SI,Slovenia,22029.4303476271,2005
SI,Slovenia,21218.2521512652,2004
SI,Slovenia,20346.41581914,2003
SI,Slovenia,19796.0670927634,2002
SI,Slovenia,19088.3262156659,2001
SI,Slovenia,18570.6960677631,2000
SI,Slovenia,17882.658654161,1999
SI,Slovenia,16998.8570898619,1998
SI,Slovenia,16422.2455127796,1997
SI,Slovenia,15602.2228975631,1996
SI,Slovenia,15062.8179447925,1995
SI,Slovenia,14471.6904771853,1994
SI,Slovenia,13723.8223644039,1993
SI,Slovenia,13312.6238068275,1992
SI,Slovenia,14061.3800782461,1991
SI,Slovenia,15444.9173745344,1990
SI,Slovenia,NA,1989
SI,Slovenia,NA,1988
SI,Slovenia,NA,1987
SI,Slovenia,NA,1986
SI,Slovenia,NA,1985
SI,Slovenia,NA,1984
SI,Slovenia,NA,1983
SI,Slovenia,NA,1982
SI,Slovenia,NA,1981
SI,Slovenia,NA,1980
SI,Slovenia,NA,1979
SI,Slovenia,NA,1978
SI,Slovenia,NA,1977
SI,Slovenia,NA,1976
SI,Slovenia,NA,1975
SI,Slovenia,NA,1974
SI,Slovenia,NA,1973
SI,Slovenia,NA,1972
SI,Slovenia,NA,1971
SI,Slovenia,NA,1970
SB,Solomon Islands,1466.41940097032,2017
SB,Solomon Islands,1454.31908156837,2016
SB,Solomon Islands,1443.76439490032,2015
SB,Solomon Islands,1446.43616084062,2014
SB,Solomon Islands,1453.58785159342,2013
SB,Solomon Islands,1449.7558021015,2012
SB,Solomon Islands,1423.82917530847,2011
SB,Solomon Islands,1290.39877914169,2010
SB,Solomon Islands,1237.87174502765,2009
SB,Solomon Islands,1329.96028250673,2008
SB,Solomon Islands,1270.05015306606,2007
SB,Solomon Islands,1210.61572403374,2006
SB,Solomon Islands,1158.86418521138,2005
SB,Solomon Islands,1126.54985209593,2004
SB,Solomon Islands,1101.6253245225,2003
SB,Solomon Islands,1061.91069096668,2002
SB,Solomon Islands,1122.10523530959,2001
SB,Solomon Islands,1252.73930521195,2000
SB,Solomon Islands,1501.51245641191,1999
SB,Solomon Islands,1550.86093063587,1998
SB,Solomon Islands,1566.56019605553,1997
SB,Solomon Islands,1634.50379496776,1996
SB,Solomon Islands,1654.54014315662,1995
SB,Solomon Islands,1572.58689880999,1994
SB,Solomon Islands,1481.6535317873,1993
SB,Solomon Islands,1466.05132807111,1992
SB,Solomon Islands,1338.32672171403,1991
SB,Solomon Islands,1298.60902482407,1990
SB,Solomon Islands,NA,1989
SB,Solomon Islands,NA,1988
SB,Solomon Islands,NA,1987
SB,Solomon Islands,NA,1986
SB,Solomon Islands,NA,1985
SB,Solomon Islands,NA,1984
SB,Solomon Islands,NA,1983
SB,Solomon Islands,NA,1982
SB,Solomon Islands,NA,1981
SB,Solomon Islands,NA,1980
SB,Solomon Islands,NA,1979
SB,Solomon Islands,NA,1978
SB,Solomon Islands,NA,1977
SB,Solomon Islands,NA,1976
SB,Solomon Islands,NA,1975
SB,Solomon Islands,NA,1974
SB,Solomon Islands,NA,1973
SB,Solomon Islands,NA,1972
SB,Solomon Islands,NA,1971
SB,Solomon Islands,NA,1970
SO,Somalia,NA,2017
SO,Somalia,NA,2016
SO,Somalia,NA,2015
SO,Somalia,NA,2014
SO,Somalia,NA,2013
SO,Somalia,NA,2012
SO,Somalia,NA,2011
SO,Somalia,NA,2010
SO,Somalia,NA,2009
SO,Somalia,NA,2008
SO,Somalia,NA,2007
SO,Somalia,NA,2006
SO,Somalia,NA,2005
SO,Somalia,NA,2004
SO,Somalia,NA,2003
SO,Somalia,NA,2002
SO,Somalia,NA,2001
SO,Somalia,NA,2000
SO,Somalia,NA,1999
SO,Somalia,NA,1998
SO,Somalia,NA,1997
SO,Somalia,NA,1996
SO,Somalia,NA,1995
SO,Somalia,NA,1994
SO,Somalia,NA,1993
SO,Somalia,NA,1992
SO,Somalia,NA,1991
SO,Somalia,NA,1990
SO,Somalia,NA,1989
SO,Somalia,NA,1988
SO,Somalia,NA,1987
SO,Somalia,NA,1986
SO,Somalia,NA,1985
SO,Somalia,NA,1984
SO,Somalia,NA,1983
SO,Somalia,NA,1982
SO,Somalia,NA,1981
SO,Somalia,NA,1980
SO,Somalia,NA,1979
SO,Somalia,NA,1978
SO,Somalia,NA,1977
SO,Somalia,NA,1976
SO,Somalia,NA,1975
SO,Somalia,NA,1974
SO,Somalia,NA,1973
SO,Somalia,NA,1972
SO,Somalia,NA,1971
SO,Somalia,NA,1970
ZA,South Africa,7487.89211377225,2017
ZA,South Africa,7495.3529915094005,2016
ZA,South Africa,7563.19704879414,2015
ZA,South Africa,7582.69692889496,2014
ZA,South Africa,7563.99277707639,2013
ZA,South Africa,7500.04106663005,2012
ZA,South Africa,7454.72016478301,2011
ZA,South Africa,7328.61562893966,2010
ZA,South Africa,7216.67969294747,2009
ZA,South Africa,7432.11676075707,2008
ZA,South Africa,7299.02003724481,2007
ZA,South Africa,7017.71490394165,2006
ZA,South Africa,6729.8274660259,2005
ZA,South Africa,6472.10703408701,2004
ZA,South Africa,6266.01573980923,2003
ZA,South Africa,6161.46631380485,2002
ZA,South Africa,6017.17784586121,2001
ZA,South Africa,5937.6260860986,2000
ZA,South Africa,5779.15637556748,1999
ZA,South Africa,5728.49876181838,1998
ZA,South Africa,5792.12682368003,1997
ZA,South Africa,5745.10781896817,1996
ZA,South Africa,5615.2991203995,1995
ZA,South Africa,5563.50050534197,1994
ZA,South Africa,5517.52958106273,1993
ZA,South Africa,5585.75712893727,1992
ZA,South Africa,5852.04465105693,1991
ZA,South Africa,6059.79789690323,1990
ZA,South Africa,6226.39211280777,1989
ZA,South Africa,6224.40854948719,1988
ZA,South Africa,6113.40043344682,1987
ZA,South Africa,6130.9387111195,1986
ZA,South Africa,6283.111702461,1985
ZA,South Africa,6527.4058291002,1984
ZA,South Africa,6380.60860859675,1983
ZA,South Africa,6682.46941812976,1982
ZA,South Africa,6895.10663826434,1981
ZA,South Africa,6722.19527743223,1980
ZA,South Africa,6470.0516748739,1979
ZA,South Africa,6391.87437025336,1978
ZA,South Africa,6359.01708136496,1977
ZA,South Africa,6523.66025566335,1976
ZA,South Africa,6542.61014606082,1975
ZA,South Africa,6601.92653077065,1974
ZA,South Africa,6388.0840570746705,1973
ZA,South Africa,6274.51225128906,1972
ZA,South Africa,6340.19236214306,1971
ZA,South Africa,6244.08333837844,1970
SS,South Sudan,NA,2017
SS,South Sudan,691.687534024219,2016
SS,South Sudan,787.280507909407,2015
SS,South Sudan,895.963225485865,2014
SS,South Sudan,883.443243206154,2013
SS,South Sudan,799.550170729457,2012
SS,South Sudan,1525.58485319318,2011
SS,South Sudan,1654.05567593957,2010
SS,South Sudan,1630.71116678152,2009
SS,South Sudan,1624.46276379832,2008
SS,South Sudan,NA,2007
SS,South Sudan,NA,2006
SS,South Sudan,NA,2005
SS,South Sudan,NA,2004
SS,South Sudan,NA,2003
SS,South Sudan,NA,2002
SS,South Sudan,NA,2001
SS,South Sudan,NA,2000
SS,South Sudan,NA,1999
SS,South Sudan,NA,1998
SS,South Sudan,NA,1997
SS,South Sudan,NA,1996
SS,South Sudan,NA,1995
SS,South Sudan,NA,1994
SS,South Sudan,NA,1993
SS,South Sudan,NA,1992
SS,South Sudan,NA,1991
SS,South Sudan,NA,1990
SS,South Sudan,NA,1989
SS,South Sudan,NA,1988
SS,South Sudan,NA,1987
SS,South Sudan,NA,1986
SS,South Sudan,NA,1985
SS,South Sudan,NA,1984
SS,South Sudan,NA,1983
SS,South Sudan,NA,1982
SS,South Sudan,NA,1981
SS,South Sudan,NA,1980
SS,South Sudan,NA,1979
SS,South Sudan,NA,1978
SS,South Sudan,NA,1977
SS,South Sudan,NA,1976
SS,South Sudan,NA,1975
SS,South Sudan,NA,1974
SS,South Sudan,NA,1973
SS,South Sudan,NA,1972
SS,South Sudan,NA,1971
SS,South Sudan,NA,1970
ES,Spain,32402.6833581645,2017
ES,Spain,31539.5102949452,2016
ES,Spain,30595.1568293811,2015
ES,Spain,29496.378933678,2014
ES,Spain,29008.0209838975,2013
ES,Spain,29414.8569207405,2012
ES,Spain,30321.7048688993,2011
ES,Spain,30736.6278530812,2010
ES,Spain,30874.126012677,2009
ES,Spain,32303.2414806061,2008
ES,Spain,32459.9173758671,2007
ES,Spain,31865.3691666632,2006
ES,Spain,31110.0141282392,2005
ES,Spain,30504.3574306103,2004
ES,Spain,30082.6264787606,2003
ES,Spain,29685.3639494669,2002
ES,Spain,29264.8814529131,2001
ES,Spain,28335.001833327,2000
ES,Spain,27032.2207139117,1999
ES,Spain,25977.0009830159,1998
ES,Spain,25007.8943666805,1997
ES,Spain,24219.3275848937,1996
ES,Spain,23686.843485455,1995
ES,Spain,23153.1727955438,1994
ES,Spain,22722.1546792394,1993
ES,Spain,23078.3360923639,1992
ES,Spain,22978.1250190017,1991
ES,Spain,22464.7329153987,1990
ES,Spain,21668.2580500099,1989
ES,Spain,20702.9191827874,1988
ES,Spain,19741.1892291472,1987
ES,Spain,18752.2405339532,1986
ES,Spain,18215.7362037429,1985
ES,Spain,17867.0904536737,1984
ES,Spain,17626.8545529956,1983
ES,Spain,17404.8531023933,1982
ES,Spain,17294.1001121271,1981
ES,Spain,17440.5813769605,1980
ES,Spain,17201.2576255766,1979
ES,Spain,17346.3648377351,1978
ES,Spain,17261.6569978345,1977
ES,Spain,16958.8304429591,1976
ES,Spain,16590.8824112998,1975
ES,Spain,16680.8080703511,1974
ES,Spain,15966.9163340177,1973
ES,Spain,14977.7799033755,1972
ES,Spain,14002.8728529629,1971
ES,Spain,13542.9637099591,1970
LK,Sri Lanka,3854.24890304144,2017
LK,Sri Lanka,3769.15908857863,2016
LK,Sri Lanka,3647.39342128753,2015
LK,Sri Lanka,3505.55045188616,2014
LK,Sri Lanka,3371.18333653065,2013
LK,Sri Lanka,3286.0075942939,2012
LK,Sri Lanka,3014.57874450509,2011
LK,Sri Lanka,2799.64887619972,2010
LK,Sri Lanka,2609.68801158959,2009
LK,Sri Lanka,2538.08761923669,2008
LK,Sri Lanka,2412.68682818023,2007
LK,Sri Lanka,2275.89172757242,2006
LK,Sri Lanka,2130.12840687652,2005
LK,Sri Lanka,2021.30544898445,2004
LK,Sri Lanka,1933.19270324969,2003
LK,Sri Lanka,1840.26015371354,2002
LK,Sri Lanka,1784.19208006351,2001
LK,Sri Lanka,1825.1425217173,2000
LK,Sri Lanka,1732.37865478839,1999
LK,Sri Lanka,1669.77808555787,1998
LK,Sri Lanka,1602.93581373209,1997
LK,Sri Lanka,1514.94018629128,1996
LK,Sri Lanka,1469.43081286744,1995
LK,Sri Lanka,1404.25008969366,1994
LK,Sri Lanka,1342.36937422317,1993
LK,Sri Lanka,1269.033731093,1992
LK,Sri Lanka,1229.48903959224,1991
LK,Sri Lanka,1189.66376817847,1990
LK,Sri Lanka,1132.42034061877,1989
LK,Sri Lanka,1121.95834359921,1988
LK,Sri Lanka,1110.29403799889,1987
LK,Sri Lanka,1107.09725385221,1986
LK,Sri Lanka,1076.14294411984,1985
LK,Sri Lanka,1039.54258679059,1984
LK,Sri Lanka,1003.18624715372,1983
LK,Sri Lanka,970.90740054859,1982
LK,Sri Lanka,946.237096575939,1981
LK,Sri Lanka,909.324640074542,1980
LK,Sri Lanka,873.448224091714,1979
LK,Sri Lanka,835.295004151141,1978
LK,Sri Lanka,805.007962402417,1977
LK,Sri Lanka,780.184569120162,1976
LK,Sri Lanka,769.152137855524,1975
LK,Sri Lanka,738.343903626262,1974
LK,Sri Lanka,724.407659920064,1973
LK,Sri Lanka,689.653708389078,1972
LK,Sri Lanka,706.316508812936,1971
LK,Sri Lanka,711.839326523356,1970
KN,St. Kitts and Nevis,17619.3932625956,2017
KN,St. Kitts and Nevis,17557.2192237904,2016
KN,St. Kitts and Nevis,17300.9692052688,2015
KN,St. Kitts and Nevis,17080.4892267435,2014
KN,St. Kitts and Nevis,16246.9787205299,2013
KN,St. Kitts and Nevis,15542.0540526099,2012
KN,St. Kitts and Nevis,15783.8440585621,2011
KN,St. Kitts and Nevis,15643.5668199046,2010
KN,St. Kitts and Nevis,16012.547336144,2009
KN,St. Kitts and Nevis,16713.1027385257,2008
KN,St. Kitts and Nevis,15828.5417184521,2007
KN,St. Kitts and Nevis,15983.5054003161,2006
KN,St. Kitts and Nevis,15690.1302981719,2005
KN,St. Kitts and Nevis,14467.9571143771,2004
KN,St. Kitts and Nevis,14079.4298236087,2003
KN,St. Kitts and Nevis,14769.236900435,2002
KN,St. Kitts and Nevis,14596.1896313442,2001
KN,St. Kitts and Nevis,13997.7638099515,2000
KN,St. Kitts and Nevis,12812.0268226037,1999
KN,St. Kitts and Nevis,12525.2859293129,1998
KN,St. Kitts and Nevis,12694.2798972293,1997
KN,St. Kitts and Nevis,11989.4357527854,1996
KN,St. Kitts and Nevis,11435.5238437972,1995
KN,St. Kitts and Nevis,10970.5425213867,1994
KN,St. Kitts and Nevis,10540.3312202782,1993
KN,St. Kitts and Nevis,9975.24147150562,1992
KN,St. Kitts and Nevis,9642.18980068283,1991
KN,St. Kitts and Nevis,9854.64183313828,1990
KN,St. Kitts and Nevis,9374.21231793087,1989
KN,St. Kitts and Nevis,8824.49518752343,1988
KN,St. Kitts and Nevis,8000.36829239544,1987
KN,St. Kitts and Nevis,7429.32679193479,1986
KN,St. Kitts and Nevis,6639.75056185058,1985
KN,St. Kitts and Nevis,6068.53504859808,1984
KN,St. Kitts and Nevis,5537.15585852099,1983
KN,St. Kitts and Nevis,5440.7337975685,1982
KN,St. Kitts and Nevis,5381.79627778226,1981
KN,St. Kitts and Nevis,5269.78216253504,1980
KN,St. Kitts and Nevis,4831.64924717307,1979
KN,St. Kitts and Nevis,4464.50033844198,1978
KN,St. Kitts and Nevis,4273.68974416067,1977
KN,St. Kitts and Nevis,NA,1976
KN,St. Kitts and Nevis,NA,1975
KN,St. Kitts and Nevis,NA,1974
KN,St. Kitts and Nevis,NA,1973
KN,St. Kitts and Nevis,NA,1972
KN,St. Kitts and Nevis,NA,1971
KN,St. Kitts and Nevis,NA,1970
LC,St. Lucia,8496.56503208615,2017
LC,St. Lucia,8238.01673632438,2016
LC,St. Lucia,7969.2882005191,2015
LC,St. Lucia,7984.62852890552,2014
LC,St. Lucia,8019.47098481794,2013
LC,St. Lucia,8222.94519654379,2012
LC,St. Lucia,8300.60710153915,2011
LC,St. Lucia,8037.47296712228,2010
LC,St. Lucia,8099.85613336375,2009
LC,St. Lucia,8326.2136188372,2008
LC,St. Lucia,8043.685620131,2007
LC,St. Lucia,7988.32451805783,2006
LC,St. Lucia,7612.70433234886,2005
LC,St. Lucia,7719.69830639738,2004
LC,St. Lucia,7254.33811337505,2003
LC,St. Lucia,7007.29743081013,2002
LC,St. Lucia,7031.74933105471,2001
LC,St. Lucia,7347.20189054359,2000
LC,St. Lucia,7425.77845061279,1999
LC,St. Lucia,7325.92587094135,1998
LC,St. Lucia,6988.90136517928,1997
LC,St. Lucia,7136.05999419155,1996
LC,St. Lucia,7026.14082006996,1995
LC,St. Lucia,6990.47332615417,1994
LC,St. Lucia,6960.79987554634,1993
LC,St. Lucia,7000.9407339487,1992
LC,St. Lucia,6566.93253450927,1991
LC,St. Lucia,6635.97238623502,1990
LC,St. Lucia,6137.9628514495,1989
LC,St. Lucia,5734.37987977875,1988
LC,St. Lucia,5131.1978306974,1987
LC,St. Lucia,5029.98790069922,1986
LC,St. Lucia,4473.55963569355,1985
LC,St. Lucia,4196.0573070001,1984
LC,St. Lucia,3966.99178802693,1983
LC,St. Lucia,3828.56329297637,1982
LC,St. Lucia,3799.24284080757,1981
LC,St. Lucia,3622.50457914653,1980
LC,St. Lucia,3758.55389796096,1979
LC,St. Lucia,3676.162226677,1978
LC,St. Lucia,3383.23417067453,1977
LC,St. Lucia,NA,1976
LC,St. Lucia,NA,1975
LC,St. Lucia,NA,1974
LC,St. Lucia,NA,1973
LC,St. Lucia,NA,1972
LC,St. Lucia,NA,1971
LC,St. Lucia,NA,1970
MF,St. Martin (French part),NA,2017
MF,St. Martin (French part),NA,2016
MF,St. Martin (French part),NA,2015
MF,St. Martin (French part),NA,2014
MF,St. Martin (French part),NA,2013
MF,St. Martin (French part),NA,2012
MF,St. Martin (French part),NA,2011
MF,St. Martin (French part),NA,2010
MF,St. Martin (French part),NA,2009
MF,St. Martin (French part),NA,2008
MF,St. Martin (French part),NA,2007
MF,St. Martin (French part),NA,2006
MF,St. Martin (French part),NA,2005
MF,St. Martin (French part),NA,2004
MF,St. Martin (French part),NA,2003
MF,St. Martin (French part),NA,2002
MF,St. Martin (French part),NA,2001
MF,St. Martin (French part),NA,2000
MF,St. Martin (French part),NA,1999
MF,St. Martin (French part),NA,1998
MF,St. Martin (French part),NA,1997
MF,St. Martin (French part),NA,1996
MF,St. Martin (French part),NA,1995
MF,St. Martin (French part),NA,1994
MF,St. Martin (French part),NA,1993
MF,St. Martin (French part),NA,1992
MF,St. Martin (French part),NA,1991
MF,St. Martin (French part),NA,1990
MF,St. Martin (French part),NA,1989
MF,St. Martin (French part),NA,1988
MF,St. Martin (French part),NA,1987
MF,St. Martin (French part),NA,1986
MF,St. Martin (French part),NA,1985
MF,St. Martin (French part),NA,1984
MF,St. Martin (French part),NA,1983
MF,St. Martin (French part),NA,1982
MF,St. Martin (French part),NA,1981
MF,St. Martin (French part),NA,1980
MF,St. Martin (French part),NA,1979
MF,St. Martin (French part),NA,1978
MF,St. Martin (French part),NA,1977
MF,St. Martin (French part),NA,1976
MF,St. Martin (French part),NA,1975
MF,St. Martin (French part),NA,1974
MF,St. Martin (French part),NA,1973
MF,St. Martin (French part),NA,1972
MF,St. Martin (French part),NA,1971
MF,St. Martin (French part),NA,1970
VC,St. Vincent and the Grenadines,6727.44923187056,2017
VC,St. Vincent and the Grenadines,6692.51481668863,2016
VC,St. Vincent and the Grenadines,6581.56810343853,2015
VC,St. Vincent and the Grenadines,6511.55807846803,2014
VC,St. Vincent and the Grenadines,6447.63231210421,2013
VC,St. Vincent and the Grenadines,6342.48302219826,2012
VC,St. Vincent and the Grenadines,6262.87189143079,2011
VC,St. Vincent and the Grenadines,6292.78982922694,2010
VC,St. Vincent and the Grenadines,6509.21857056126,2009
VC,St. Vincent and the Grenadines,6642.27855228164,2008
VC,St. Vincent and the Grenadines,6531.14330355675,2007
VC,St. Vincent and the Grenadines,6314.95057460526,2006
VC,St. Vincent and the Grenadines,5863.50369190533,2005
VC,St. Vincent and the Grenadines,5726.53875399144,2004
VC,St. Vincent and the Grenadines,5507.46552187908,2003
VC,St. Vincent and the Grenadines,5125.02888729989,2002
VC,St. Vincent and the Grenadines,4829.28589463975,2001
VC,St. Vincent and the Grenadines,4753.06172524038,2000
VC,St. Vincent and the Grenadines,4677.53537849249,1999
VC,St. Vincent and the Grenadines,4552.26151445004,1998
VC,St. Vincent and the Grenadines,4369.60138857956,1997
VC,St. Vincent and the Grenadines,4218.43265924842,1996
VC,St. Vincent and the Grenadines,4162.55164141826,1995
VC,St. Vincent and the Grenadines,3861.88930078856,1994
VC,St. Vincent and the Grenadines,3911.40833897242,1993
VC,St. Vincent and the Grenadines,3754.79837217122,1992
VC,St. Vincent and the Grenadines,3535.40399338445,1991
VC,St. Vincent and the Grenadines,3505.1985209403,1990
VC,St. Vincent and the Grenadines,3378.51359823045,1989
VC,St. Vincent and the Grenadines,3348.55744390912,1988
VC,St. Vincent and the Grenadines,2952.77114670164,1987
VC,St. Vincent and the Grenadines,2959.14371515785,1986
VC,St. Vincent and the Grenadines,2821.26453550564,1985
VC,St. Vincent and the Grenadines,2675.72446935574,1984
VC,St. Vincent and the Grenadines,2528.55179666797,1983
VC,St. Vincent and the Grenadines,2493.6805098007,1982
VC,St. Vincent and the Grenadines,2406.10674986639,1981
VC,St. Vincent and the Grenadines,2319.90556268194,1980
VC,St. Vincent and the Grenadines,2285.41667834069,1979
VC,St. Vincent and the Grenadines,2231.95716016274,1978
VC,St. Vincent and the Grenadines,2053.89981909991,1977
VC,St. Vincent and the Grenadines,1832.85654037851,1976
VC,St. Vincent and the Grenadines,1678.42400268254,1975
VC,St. Vincent and the Grenadines,1836.76967623234,1974
VC,St. Vincent and the Grenadines,2036.91104556397,1973
VC,St. Vincent and the Grenadines,2317.47645604336,1972
VC,St. Vincent and the Grenadines,1862.3031810531,1971
VC,St. Vincent and the Grenadines,1828.24545462384,1970
SD,Sudan,1945.70959613515,2017
SD,Sudan,1911.02565064424,2016
SD,Sudan,1869.55275638387,2015
SD,Sudan,1825.54103675136,2014
SD,Sudan,1821.31017199854,2013
SD,Sudan,1786.99730511696,2012
SD,Sudan,1597.97739749234,2011
SD,Sudan,1489.87691083872,2010
SD,Sudan,1477.73663615808,2009
SD,Sudan,1469.97177247062,2008
SD,Sudan,1401.19901291241,2007
SD,Sudan,1291.5692947804,2006
SD,Sudan,1206.51366764649,2005
SD,Sudan,1154.17179753385,2004
SD,Sudan,1142.51007048487,2003
SD,Sudan,1090.54458248546,2002
SD,Sudan,1053.68607524161,2001
SD,Sudan,1017.28798731668,2000
SD,Sudan,983.436802889338,1999
SD,Sudan,980.414905153651,1998
SD,Sudan,965.893928552612,1997
SD,Sudan,897.495873667576,1996
SD,Sudan,870.298179672384,1995
SD,Sudan,843.078655317612,1994
SD,Sudan,856.855731523808,1993
SD,Sudan,841.020464230394,1992
SD,Sudan,809.810175844734,1991
SD,Sudan,772.95910434668,1990
SD,Sudan,839.021924577359,1989
SD,Sudan,790.325552381825,1988
SD,Sudan,813.995301515029,1987
SD,Sudan,732.332407897263,1986
SD,Sudan,714.999243653046,1985
SD,Sudan,786.64279226859,1984
SD,Sudan,855.398223686355,1983
SD,Sudan,866.892755563629,1982
SD,Sudan,846.74580860687,1981
SD,Sudan,815.642794431804,1980
SD,Sudan,831.207789755496,1979
SD,Sudan,905.204096324312,1978
SD,Sudan,995.007043949784,1977
SD,Sudan,968.211670819716,1976
SD,Sudan,857.479423982135,1975
SD,Sudan,765.236454330759,1974
SD,Sudan,708.589589930895,1973
SD,Sudan,726.203431342597,1972
SD,Sudan,788.634201235968,1971
SD,Sudan,794.909813185119,1970
SR,Suriname,7967.01687946212,2017
SR,Suriname,7912.61800767244,2016
SR,Suriname,8464.65314161906,2015
SR,Suriname,8856.56558814655,2014
SR,Suriname,8930.55177927979,2013
SR,Suriname,8772.96122137276,2012
SR,Suriname,8639.95357766425,2011
SR,Suriname,8255.7968587048,2010
SR,Suriname,7940.65164043514,2009
SR,Suriname,7797.32754392944,2008
SR,Suriname,7573.70519690372,2007
SR,Suriname,7290.20498379294,2006
SR,Suriname,6970.9968030112,2005
SR,Suriname,6748.97978747695,2004
SR,Suriname,6293.39281428241,2003
SR,Suriname,5990.47214921431,2002
SR,Suriname,5896.46548916805,2001
SR,Suriname,5726.44461234713,2000
SR,Suriname,5675.71821731486,1999
SR,Suriname,5825.83319743907,1998
SR,Suriname,5765.94925332927,1997
SR,Suriname,5527.40418473317,1996
SR,Suriname,5551.47583316664,1995
SR,Suriname,5637.54759968402,1994
SR,Suriname,5542.29387157146,1993
SR,Suriname,6044.43974793947,1992
SR,Suriname,6131.87207349519,1991
SR,Suriname,6086.15232607388,1990
SR,Suriname,6502.66082571688,1989
SR,Suriname,6372.21088421271,1988
SR,Suriname,6032.82815820004,1987
SR,Suriname,6550.14816328764,1986
SR,Suriname,6595.14931339608,1985
SR,Suriname,6535.05885178459,1984
SR,Suriname,6706.80980393407,1983
SR,Suriname,7005.21095335281,1982
SR,Suriname,7328.10493759068,1981
SR,Suriname,6854.17738581078,1980
SR,Suriname,7530.22802417066,1979
SR,Suriname,7590.89275818066,1978
SR,Suriname,7129.67283497355,1977
SR,Suriname,6464.44371300904,1976
SR,Suriname,5920.52892375349,1975
SR,Suriname,5720.39832964849,1974
SR,Suriname,5646.89518289551,1973
SR,Suriname,5703.63733631921,1972
SR,Suriname,5717.41257295038,1971
SR,Suriname,5522.3209228543,1970
SE,Sweden,56610.6849884952,2017
SE,Sweden,56195.8813824495,2016
SE,Sweden,55418.9842800282,2015
SE,Sweden,53618.5755078668,2014
SE,Sweden,52779.9546681665,2013
SE,Sweden,52577.985893912,2012
SE,Sweden,53126.9713285967,2011
SE,Sweden,52132.9185271581,2010
SE,Sweden,49606.8384897245,2009
SE,Sweden,52773.2929176028,2008
SE,Sweden,53483.95670547,2007
SE,Sweden,52106.2115131397,2006
SE,Sweden,50048.0874521923,2005
SE,Sweden,48872.0830716832,2004
SE,Sweden,47037.0113525802,2003
SE,Sweden,46123.93698826,2002
SE,Sweden,45333.4802718549,2001
SE,Sweden,44751.2146869782,2000
SE,Sweden,42792.3700251064,1999
SE,Sweden,40986.7753657733,1998
SE,Sweden,39341.0956759465,1997
SE,Sweden,38249.6816720735,1996
SE,Sweden,37737.3598020665,1995
SE,Sweden,36469.7756657443,1994
SE,Sweden,35287.4331221214,1993
SE,Sweden,36241.6051706274,1992
SE,Sweden,36882.1111000741,1991
SE,Sweden,37564.858093258,1990
SE,Sweden,37572.6578741511,1989
SE,Sweden,36845.9845890883,1988
SE,Sweden,36092.1068971686,1987
SE,Sweden,35037.6326113354,1986
SE,Sweden,34198.8134764383,1985
SE,Sweden,33530.9526460152,1984
SE,Sweden,32199.5448427693,1983
SE,Sweden,31613.2719600759,1982
SE,Sweden,31241.258743966,1981
SE,Sweden,31137.1247347469,1980
SE,Sweden,30678.8643719798,1979
SE,Sweden,29608.9029736841,1978
SE,Sweden,29184.060751536,1977
SE,Sweden,29762.9887302693,1976
SE,Sweden,29558.667952295,1975
SE,Sweden,28937.593902131,1974
SE,Sweden,28122.2771196353,1973
SE,Sweden,27095.6416738843,1972
SE,Sweden,26567.7611576286,1971
SE,Sweden,26500.8637415104,1970
CH,Switzerland,77451.9811950743,2017
CH,Switzerland,76934.3204900607,2016
CH,Switzerland,76553.2821429005,2015
CH,Switzerland,76410.8566589945,2014
CH,Switzerland,75499.7067438104,2013
CH,Switzerland,74984.1371186098,2012
CH,Switzerland,75029.7578191806,2011
CH,Switzerland,74605.7210207051,2010
CH,Switzerland,73189.1925497185,2009
CH,Switzerland,75793.6330408041,2008
CH,Switzerland,75143.7022153819,2007
CH,Switzerland,72823.8372576833,2006
CH,Switzerland,70471.4385201236,2005
CH,Switzerland,68781.6125911663,2004
CH,Switzerland,67385.2976654941,2003
CH,Switzerland,67860.244831941,2002
CH,Switzerland,68264.5262603737,2001
CH,Switzerland,67807.9268085504,2000
CH,Switzerland,65607.209255377,1999
CH,Switzerland,64822.2941511056,1998
CH,Switzerland,63127.7396709474,1997
CH,Switzerland,61833.0071108105,1996
CH,Switzerland,61773.0963017187,1995
CH,Switzerland,61889.665951548,1994
CH,Switzerland,61602.7901234966,1993
CH,Switzerland,62244.7969707644,1992
CH,Switzerland,62962.3913544145,1991
CH,Switzerland,64343.5184247218,1990
CH,Switzerland,62703.5287956167,1989
CH,Switzerland,60588.5971731451,1988
CH,Switzerland,59098.5183758063,1987
CH,Switzerland,58542.7118143479,1986
CH,Switzerland,57774.3443389052,1985
CH,Switzerland,55973.701105354,1984
CH,Switzerland,54534.4260932743,1983
CH,Switzerland,54420.9719274919,1982
CH,Switzerland,55466.1635238677,1981
CH,Switzerland,54891.4347128977,1980
CH,Switzerland,52685.263944605496,1979
CH,Switzerland,51507.8430868313,1978
CH,Switzerland,51302.5974898997,1977
CH,Switzerland,49914.2318254477,1976
CH,Switzerland,50336.2965686659,1975
CH,Switzerland,54266.6177698641,1974
CH,Switzerland,53777.2339232895,1973
CH,Switzerland,52572.2937976906,1972
CH,Switzerland,51331.8003816618,1971
CH,Switzerland,49581.2386759416,1970
SY,Syrian Arab Republic,NA,2017
SY,Syrian Arab Republic,NA,2016
SY,Syrian Arab Republic,NA,2015
SY,Syrian Arab Republic,NA,2014
SY,Syrian Arab Republic,NA,2013
SY,Syrian Arab Republic,NA,2012
SY,Syrian Arab Republic,NA,2011
SY,Syrian Arab Republic,NA,2010
SY,Syrian Arab Republic,NA,2009
SY,Syrian Arab Republic,NA,2008
SY,Syrian Arab Republic,NA,2007
SY,Syrian Arab Republic,NA,2006
SY,Syrian Arab Republic,NA,2005
SY,Syrian Arab Republic,NA,2004
SY,Syrian Arab Republic,NA,2003
SY,Syrian Arab Republic,NA,2002
SY,Syrian Arab Republic,NA,2001
SY,Syrian Arab Republic,NA,2000
SY,Syrian Arab Republic,NA,1999
SY,Syrian Arab Republic,NA,1998
SY,Syrian Arab Republic,NA,1997
SY,Syrian Arab Republic,NA,1996
SY,Syrian Arab Republic,NA,1995
SY,Syrian Arab Republic,NA,1994
SY,Syrian Arab Republic,NA,1993
SY,Syrian Arab Republic,NA,1992
SY,Syrian Arab Republic,NA,1991
SY,Syrian Arab Republic,NA,1990
SY,Syrian Arab Republic,NA,1989
SY,Syrian Arab Republic,NA,1988
SY,Syrian Arab Republic,NA,1987
SY,Syrian Arab Republic,NA,1986
SY,Syrian Arab Republic,NA,1985
SY,Syrian Arab Republic,NA,1984
SY,Syrian Arab Republic,NA,1983
SY,Syrian Arab Republic,NA,1982
SY,Syrian Arab Republic,NA,1981
SY,Syrian Arab Republic,NA,1980
SY,Syrian Arab Republic,NA,1979
SY,Syrian Arab Republic,NA,1978
SY,Syrian Arab Republic,NA,1977
SY,Syrian Arab Republic,NA,1976
SY,Syrian Arab Republic,NA,1975
SY,Syrian Arab Republic,NA,1974
SY,Syrian Arab Republic,NA,1973
SY,Syrian Arab Republic,NA,1972
SY,Syrian Arab Republic,NA,1971
SY,Syrian Arab Republic,NA,1970
TJ,Tajikistan,1024.8589537466,2017
TJ,Tajikistan,976.135175279775,2016
TJ,Tajikistan,935.999825132571,2015
TJ,Tajikistan,904.475010024001,2014
TJ,Tajikistan,867.937242161793,2013
TJ,Tajikistan,827.112997957288,2012
TJ,Tajikistan,787.233265702208,2011
TJ,Tajikistan,749.552711015842,2010
TJ,Tajikistan,719.208329539065,2009
TJ,Tajikistan,707.125187558696,2008
TJ,Tajikistan,668.951287591953,2007
TJ,Tajikistan,633.34006878236,2006
TJ,Tajikistan,603.251798200936,2005
TJ,Tajikistan,576.444313095882,2004
TJ,Tajikistan,531.929855011299,2003
TJ,Tajikistan,488.081499163944,2002
TJ,Tajikistan,447.907690222023,2001
TJ,Tajikistan,415.464539876491,2000
TJ,Tajikistan,389.596850906874,1999
TJ,Tajikistan,381.44926190925,1998
TJ,Tajikistan,367.633159020023,1997
TJ,Tajikistan,366.935410761792,1996
TJ,Tajikistan,447.111730967988,1995
TJ,Tajikistan,518.195032328663,1994
TJ,Tajikistan,668.549954094908,1993
TJ,Tajikistan,812.90030348491,1992
TJ,Tajikistan,1166.52512319487,1991
TJ,Tajikistan,1283.43914634237,1990
TJ,Tajikistan,1324.7679521161199,1989
TJ,Tajikistan,1458.99323627124,1988
TJ,Tajikistan,1322.50330807231,1987
TJ,Tajikistan,1383.30857678873,1986
TJ,Tajikistan,1380.56332118197,1985
TJ,Tajikistan,NA,1984
TJ,Tajikistan,NA,1983
TJ,Tajikistan,NA,1982
TJ,Tajikistan,NA,1981
TJ,Tajikistan,NA,1980
TJ,Tajikistan,NA,1979
TJ,Tajikistan,NA,1978
TJ,Tajikistan,NA,1977
TJ,Tajikistan,NA,1976
TJ,Tajikistan,NA,1975
TJ,Tajikistan,NA,1974
TJ,Tajikistan,NA,1973
TJ,Tajikistan,NA,1972
TJ,Tajikistan,NA,1971
TJ,Tajikistan,NA,1970
TZ,Tanzania,937.301491612021,2017
TZ,Tanzania,904.381892324943,2016
TZ,Tanzania,871.998368594318,2015
TZ,Tanzania,846.386841468855,2014
TZ,Tanzania,817.122634053598,2013
TZ,Tanzania,788.439151581443,2012
TZ,Tanzania,777.227218443918,2011
TZ,Tanzania,743.403784726004,2010
TZ,Tanzania,719.723078440627,2009
TZ,Tanzania,703.588494527695,2008
TZ,Tanzania,684.884049106531,2007
TZ,Tanzania,659.804350340482,2006
TZ,Tanzania,637.005622161401,2005
TZ,Tanzania,609.636715612512,2004
TZ,Tanzania,583.314433771753,2003
TZ,Tanzania,562.318459404299,2002
TZ,Tanzania,539.527792105888,2001
TZ,Tanzania,522.076788410543,2000
TZ,Tanzania,511.946936351752,1999
TZ,Tanzania,499.76040937881,1998
TZ,Tanzania,493.154791077399,1997
TZ,Tanzania,488.038226405601,1996
TZ,Tanzania,479.315553531684,1995
TZ,Tanzania,476.529362103845,1994
TZ,Tanzania,484.375295396542,1993
TZ,Tanzania,495.009693001133,1992
TZ,Tanzania,509.185852807582,1991
TZ,Tanzania,515.693975841828,1990
TZ,Tanzania,497.353321354187,1989
TZ,Tanzania,494.280721408164,1988
TZ,Tanzania,NA,1987
TZ,Tanzania,NA,1986
TZ,Tanzania,NA,1985
TZ,Tanzania,NA,1984
TZ,Tanzania,NA,1983
TZ,Tanzania,NA,1982
TZ,Tanzania,NA,1981
TZ,Tanzania,NA,1980
TZ,Tanzania,NA,1979
TZ,Tanzania,NA,1978
TZ,Tanzania,NA,1977
TZ,Tanzania,NA,1976
TZ,Tanzania,NA,1975
TZ,Tanzania,NA,1974
TZ,Tanzania,NA,1973
TZ,Tanzania,NA,1972
TZ,Tanzania,NA,1971
TZ,Tanzania,NA,1970
TH,Thailand,6128.65815796911,2017
TH,Thailand,5911.95121449317,2016
TH,Thailand,5741.33966351835,2015
TH,Thailand,5589.31172026118,2014
TH,Thailand,5558.72395316176,2013
TH,Thailand,5437.87091479318,2012
TH,Thailand,5094.4667683787,2011
TH,Thailand,5076.34299245077,2010
TH,Thailand,4744.75659329577,2009
TH,Thailand,4801.87675876636,2008
TH,Thailand,4745.30443046598,2007
TH,Thailand,4525.9588034838,2006
TH,Thailand,4337.87871121315,2005
TH,Thailand,4190.47915884454,2004
TH,Thailand,3969.7283231286,2003
TH,Thailand,3731.26452885342,2002
TH,Thailand,3544.43849135551,2001
TH,Thailand,3458.34940546633,2000
TH,Thailand,3345.58987549774,1999
TH,Thailand,3236.37219024565,1998
TH,Thailand,3546.37418295118,1997
TH,Thailand,3690.24008092215,1996
TH,Thailand,3531.74938521251,1995
TH,Thailand,3299.34640785406,1994
TH,Thailand,3083.18557181416,1993
TH,Thailand,2874.13247433781,1992
TH,Thailand,2686.06192093938,1991
TH,Thailand,2503.80282231692,1990
TH,Thailand,2284.02859864855,1989
TH,Thailand,2068.51039847413,1988
TH,Thailand,1857.89141669524,1987
TH,Thailand,1727.33525955069,1986
TH,Thailand,1666.74712415433,1985
TH,Thailand,1621.78250302456,1984
TH,Thailand,1561.71387216785,1983
TH,Thailand,1506.6845431925601,1982
TH,Thailand,1457.64933077856,1981
TH,Thailand,1404.00244150513,1980
TH,Thailand,1362.92309966847,1979
TH,Thailand,1321.6015252052,1978
TH,Thailand,1225.41166023667,1977
TH,Thailand,1142.05305857103,1976
TH,Thailand,1070.5609490168,1975
TH,Thailand,1046.42120709277,1974
TH,Thailand,1028.93928652161,1973
TH,Thailand,959.703492826486,1972
TH,Thailand,946.880705843595,1971
TH,Thailand,929.091128479262,1970
TL,Timor-Leste,2737.34630288442,2017
TL,Timor-Leste,3072.41502338657,2016
TL,Timor-Leste,3109.47396333707,2015
TL,Timor-Leste,2626.01823390969,2014
TL,Timor-Leste,3608.87369539355,2013
TL,Timor-Leste,4131.57277872998,2012
TL,Timor-Leste,4004.09166234019,2011
TL,Timor-Leste,3656.95217543315,2010
TL,Timor-Leste,3766.61466458181,2009
TL,Timor-Leste,4080.3945166024,2008
TL,Timor-Leste,3780.23251149506,2007
TL,Timor-Leste,3661.66463457713,2006
TL,Timor-Leste,2639.82204029619,2005
TL,Timor-Leste,1989.21768142728,2004
TL,Timor-Leste,1244.06253384524,2003
TL,Timor-Leste,1292.25908572083,2002
TL,Timor-Leste,1420.60873072823,2001
TL,Timor-Leste,1325.6750065968,2000
TL,Timor-Leste,NA,1999
TL,Timor-Leste,NA,1998
TL,Timor-Leste,NA,1997
TL,Timor-Leste,NA,1996
TL,Timor-Leste,NA,1995
TL,Timor-Leste,NA,1994
TL,Timor-Leste,NA,1993
TL,Timor-Leste,NA,1992
TL,Timor-Leste,NA,1991
TL,Timor-Leste,NA,1990
TL,Timor-Leste,NA,1989
TL,Timor-Leste,NA,1988
TL,Timor-Leste,NA,1987
TL,Timor-Leste,NA,1986
TL,Timor-Leste,NA,1985
TL,Timor-Leste,NA,1984
TL,Timor-Leste,NA,1983
TL,Timor-Leste,NA,1982
TL,Timor-Leste,NA,1981
TL,Timor-Leste,NA,1980
TL,Timor-Leste,NA,1979
TL,Timor-Leste,NA,1978
TL,Timor-Leste,NA,1977
TL,Timor-Leste,NA,1976
TL,Timor-Leste,NA,1975
TL,Timor-Leste,NA,1974
TL,Timor-Leste,NA,1973
TL,Timor-Leste,NA,1972
TL,Timor-Leste,NA,1971
TL,Timor-Leste,NA,1970
TG,Togo,657.054767261362,2017
TG,Togo,644.856575976385,2016
TG,Togo,630.304504941714,2015
TG,Togo,611.535069132788,2014
TG,Togo,592.567230126766,2013
TG,Togo,573.348419996877,2012
TG,Togo,552.64666872634,2011
TG,Togo,533.508791977233,2010
TG,Togo,516.58261555087,2009
TG,Togo,502.946195579749,2008
TG,Togo,496.624410572702,2007
TG,Togo,498.771262439279,2006
TG,Togo,492.265095589971,2005
TG,Togo,499.324071610125,2004
TG,Togo,501.540859472443,2003
TG,Togo,490.150719261617,2002
TG,Togo,507.852504397434,2001
TG,Togo,530.735468606875,2000
TG,Togo,551.034792005501,1999
TG,Togo,554.869323166216,1998
TG,Togo,586.477617743911,1997
TG,Togo,528.927196958753,1996
TG,Togo,500.072554266325,1995
TG,Togo,475.583638830165,1994
TG,Togo,423.013907678598,1993
TG,Togo,508.723696498992,1992
TG,Togo,541.185545959849,1991
TG,Togo,557.805521807583,1990
TG,Togo,573.721879995887,1989
TG,Togo,566.918218331031,1988
TG,Togo,547.796579218603,1987
TG,Togo,562.63159829547,1986
TG,Togo,572.581262723534,1985
TG,Togo,561.814145054771,1984
TG,Togo,552.267735159381,1983
TG,Togo,606.178423543777,1982
TG,Togo,651.797006059051,1981
TG,Togo,696.809365684355,1980
TG,Togo,626.141278347493,1979
TG,Togo,677.280184610839,1978
TG,Togo,623.918993195604,1977
TG,Togo,596.114674301839,1976
TG,Togo,622.228601523368,1975
TG,Togo,621.277441829101,1974
TG,Togo,606.344065216855,1973
TG,Togo,598.423199291911,1972
TG,Togo,571.777636445509,1971
TG,Togo,590.734888329578,1970
TO,Tonga,4090.3363141989,2017
TO,Tonga,4016.86596196794,2016
TO,Tonga,3899.12582376385,2015
TO,Tonga,3750.38445268136,2014
TO,Tonga,3647.51509107597,2013
TO,Tonga,3729.49503334811,2012
TO,Tonga,3667.1356350961,2011
TO,Tonga,3553.22061448636,2010
TO,Tonga,3433.39422996634,2009
TO,Tonga,3373.10074388628,2008
TO,Tonga,3297.1451617834,2007
TO,Tonga,3470.06644173657,2006
TO,Tonga,3526.25339301453,2005
TO,Tonga,3495.12725920748,2004
TO,Tonga,3529.60608007764,2003
TO,Tonga,3476.51152126824,2002
TO,Tonga,3379.84389528951,2001
TO,Tonga,3279.45662043994,2000
TO,Tonga,3188.52644725507,1999
TO,Tonga,3083.616807131,1998
TO,Tonga,3014.83020847442,1997
TO,Tonga,3029.65186591544,1996
TO,Tonga,3038.71676310047,1995
TO,Tonga,2937.21340504267,1994
TO,Tonga,2803.94172274397,1993
TO,Tonga,2707.38238086833,1992
TO,Tonga,2704.91543453163,1991
TO,Tonga,2546.58929081191,1990
TO,Tonga,2605.70522015494,1989
TO,Tonga,2602.71927953103,1988
TO,Tonga,2660.23189325454,1987
TO,Tonga,2589.50642272231,1986
TO,Tonga,2540.96701203335,1985
TO,Tonga,2387.32141723154,1984
TO,Tonga,2348.00661653553,1983
TO,Tonga,2304.52814902725,1982
TO,Tonga,2205.6750013216,1981
TO,Tonga,NA,1980
TO,Tonga,NA,1979
TO,Tonga,NA,1978
TO,Tonga,NA,1977
TO,Tonga,NA,1976
TO,Tonga,NA,1975
TO,Tonga,NA,1974
TO,Tonga,NA,1973
TO,Tonga,NA,1972
TO,Tonga,NA,1971
TO,Tonga,NA,1970
TT,Trinidad and Tobago,15246.1228076742,2017
TT,Trinidad and Tobago,15614.8315823345,2016
TT,Trinidad and Tobago,16790.1939854365,2015
TT,Trinidad and Tobago,16593.6021954449,2014
TT,Trinidad and Tobago,16863.0538582884,2013
TT,Trinidad and Tobago,16640.6289558708,2012
TT,Trinidad and Tobago,16534.2682622722,2011
TT,Trinidad and Tobago,16683.3553787376,2010
TT,Trinidad and Tobago,16234.9812324987,2009
TT,Trinidad and Tobago,17064.5316567346,2008
TT,Trinidad and Tobago,16580.3172421386,2007
TT,Trinidad and Tobago,15899.4003031649,2006
TT,Trinidad and Tobago,14110.0411657218,2005
TT,Trinidad and Tobago,13350.8614277545,2004
TT,Trinidad and Tobago,12430.875473961,2003
TT,Trinidad and Tobago,10916.2284916435,2002
TT,Trinidad and Tobago,10157.9325465665,2001
TT,Trinidad and Tobago,9785.90975019329,2000
TT,Trinidad and Tobago,9177.47015065338,1999
TT,Trinidad and Tobago,8510.77501180526,1998
TT,Trinidad and Tobago,7882.8084177986,1997
TT,Trinidad and Tobago,7344.68915971053,1996
TT,Trinidad and Tobago,6873.88535312863,1995
TT,Trinidad and Tobago,6646.40866879175,1994
TT,Trinidad and Tobago,6447.95204139129,1993
TT,Trinidad and Tobago,6527.77839840847,1992
TT,Trinidad and Tobago,5965.89890084085,1991
TT,Trinidad and Tobago,5823.66410368182,1990
TT,Trinidad and Tobago,5776.14880543794,1989
TT,Trinidad and Tobago,5866.58829190127,1988
TT,Trinidad and Tobago,6155.05560766252,1987
TT,Trinidad and Tobago,6510.07679840673,1986
TT,Trinidad and Tobago,6806.11087230323,1985
TT,Trinidad and Tobago,7192.00855432841,1984
TT,Trinidad and Tobago,7744.85806819473,1983
TT,Trinidad and Tobago,8773.36483751279,1982
TT,Trinidad and Tobago,8590.58169828451,1981
TT,Trinidad and Tobago,8345.13113307147,1980
TT,Trinidad and Tobago,7673.54554925906,1979
TT,Trinidad and Tobago,7512.97508025598,1978
TT,Trinidad and Tobago,6923.22581245776,1977
TT,Trinidad and Tobago,6431.79165659814,1976
TT,Trinidad and Tobago,6129.35640922237,1975
TT,Trinidad and Tobago,6127.63000862937,1974
TT,Trinidad and Tobago,5989.92947616357,1973
TT,Trinidad and Tobago,5976.7685118933,1972
TT,Trinidad and Tobago,5723.44615350038,1971
TT,Trinidad and Tobago,5726.71822540118,1970
TN,Tunisia,4343.92364107204,2017
TN,Tunisia,4314.95335504297,2016
TN,Tunisia,4308.41559716718,2015
TN,Tunisia,4302.48654422817,2014
TN,Tunisia,4220.38983542652,2013
TN,Tunisia,4142.49443137775,2012
TN,Tunisia,4022.237688257,2011
TN,Tunisia,4141.97635336459,2010
TN,Tunisia,4043.14643519898,2009
TN,Tunisia,3965.64828951732,2008
TN,Tunisia,3844.92821499035,2007
TN,Tunisia,3639.73069479715,2006
TN,Tunisia,3490.68397747258,2005
TN,Tunisia,3401.51747933244,2004
TN,Tunisia,3226.6462709814,2003
TN,Tunisia,3104.8409694214,2002
TN,Tunisia,3088.51409364116,2001
TN,Tunisia,3001.77802847949,2000
TN,Tunisia,2895.01564186896,1999
TN,Tunisia,2759.51514864872,1998
TN,Tunisia,2665.69409391367,1997
TN,Tunisia,2562.99878404379,1996
TN,Tunisia,2429.26778863439,1995
TN,Tunisia,2415.13127743819,1994
TN,Tunisia,2386.50074300917,1993
TN,Tunisia,2384.72281033937,1992
TN,Tunisia,2260.87612135824,1991
TN,Tunisia,2224.84947647379,1990
TN,Tunisia,2107.6141305583,1989
TN,Tunisia,2118.71536030508,1988
TN,Tunisia,2166.56451151763,1987
TN,Tunisia,2079.8870057897,1986
TN,Tunisia,2164.63183396586,1985
TN,Tunisia,2104.69859953483,1984
TN,Tunisia,2047.06805778493,1983
TN,Tunisia,2012.60731980392,1982
TN,Tunisia,2081.03652352506,1981
TN,Tunisia,2027.11091501344,1980
TN,Tunisia,1936.72388537032,1979
TN,Tunisia,1862.53253059403,1978
TN,Tunisia,1791.27133151895,1977
TN,Tunisia,1772.14424078843,1976
TN,Tunisia,1680.37236389628,1975
TN,Tunisia,1603.86020851311,1974
TN,Tunisia,1517.39733958437,1973
TN,Tunisia,1561.45963512602,1972
TN,Tunisia,1355.63629906614,1971
TN,Tunisia,1253.38959811787,1970
TR,Turkey,14870.6754847593,2017
TR,Turkey,14062.7337885439,2016
TR,Turkey,13853.0971347501,2015
TR,Turkey,13277.7607704323,2014
TR,Turkey,12842.1637572384,2013
TR,Turkey,12039.2957021976,2012
TR,Turkey,11678.1307891989,2011
TR,Turkey,10672.3892452162,2010
TR,Turkey,9976.15052032183,2009
TR,Turkey,10602.8565804674,2008
TR,Turkey,10640.4228254817,2007
TR,Turkey,10252.3604872223,2006
TR,Turkey,9692.1205859385,2005
TR,Turkey,9009.47262653768,2004
TR,Turkey,8331.57377751721,2003
TR,Turkey,8003.45420949351,2002
TR,Turkey,7631.55870626438,2001
TR,Turkey,8237.59921003387,2000
TR,Turkey,7842.838720031,1999
TR,Turkey,8244.7518552191,1998
TR,Turkey,8186.49703981265,1997
TR,Turkey,7731.41553754717,1996
TR,Turkey,7315.40376970576,1995
TR,Turkey,6889.80838103506,1994
TR,Turkey,7343.32142885167,1993
TR,Turkey,6932.11564511964,1992
TR,Turkey,6709.09114884216,1991
TR,Turkey,6774.61830596507,1990
TR,Turkey,6308.83197296235,1989
TR,Turkey,6404.01628089025,1988
TR,Turkey,6375.46935594759,1987
TR,Turkey,5936.07105710548,1986
TR,Turkey,5659.39470041926,1985
TR,Turkey,5544.19782099491,1984
TR,Turkey,5310.3362998274,1983
TR,Turkey,5174.05347814872,1982
TR,Turkey,5111.19355716663,1981
TR,Turkey,4986.68114405981,1980
TR,Turkey,5228.53117004307,1979
TR,Turkey,5380.76874617895,1978
TR,Turkey,5421.24300545502,1977
TR,Turkey,5362.48982653056,1976
TR,Turkey,4967.39814093203,1975
TR,Turkey,4744.4429955015,1974
TR,Turkey,4600.74618758832,1973
TR,Turkey,4563.17584352462,1972
TR,Turkey,4350.80702344676,1971
TR,Turkey,4221.15392118275,1970
TM,Turkmenistan,7318.06550054699,2017
TM,Turkmenistan,6987.06817665438,2016
TM,Turkmenistan,6693.93200166062,2015
TM,Turkmenistan,6399.16881339479,2014
TM,Turkmenistan,5909.66311954417,2013
TM,Turkmenistan,5462.9172897914,2012
TM,Turkmenistan,5006.27301039207,2011
TM,Turkmenistan,4439.20038235805,2010
TM,Turkmenistan,4129.54023238133,2009
TM,Turkmenistan,3949.04423321621,2008
TM,Turkmenistan,3489.32719574311,2007
TM,Turkmenistan,3181.07114894797,2006
TM,Turkmenistan,2899.95714182609,2005
TM,Turkmenistan,2593.51359957774,2004
TM,Turkmenistan,2495.28728467339,2003
TM,Turkmenistan,2440.27575747782,2002
TM,Turkmenistan,2458.50606401077,2001
TM,Turkmenistan,2381.1746751354,2000
TM,Turkmenistan,2282.97438885951,1999
TM,Turkmenistan,1983.01453755423,1998
TM,Turkmenistan,1876.36690020532,1997
TM,Turkmenistan,2151.2715603391,1996
TM,Turkmenistan,2054.28200132002,1995
TM,Turkmenistan,2263.5546949315,1994
TM,Turkmenistan,2808.24852807561,1993
TM,Turkmenistan,2845.45805844167,1992
TM,Turkmenistan,3443.98162335797,1991
TM,Turkmenistan,3713.3551662417,1990
TM,Turkmenistan,2817.85596562509,1989
TM,Turkmenistan,3020.5677805653,1988
TM,Turkmenistan,2789.78023292482,1987
TM,Turkmenistan,NA,1986
TM,Turkmenistan,NA,1985
TM,Turkmenistan,NA,1984
TM,Turkmenistan,NA,1983
TM,Turkmenistan,NA,1982
TM,Turkmenistan,NA,1981
TM,Turkmenistan,NA,1980
TM,Turkmenistan,NA,1979
TM,Turkmenistan,NA,1978
TM,Turkmenistan,NA,1977
TM,Turkmenistan,NA,1976
TM,Turkmenistan,NA,1975
TM,Turkmenistan,NA,1974
TM,Turkmenistan,NA,1973
TM,Turkmenistan,NA,1972
TM,Turkmenistan,NA,1971
TM,Turkmenistan,NA,1970
TC,Turks and Caicos Islands,NA,2017
TC,Turks and Caicos Islands,NA,2016
TC,Turks and Caicos Islands,NA,2015
TC,Turks and Caicos Islands,NA,2014
TC,Turks and Caicos Islands,NA,2013
TC,Turks and Caicos Islands,NA,2012
TC,Turks and Caicos Islands,NA,2011
TC,Turks and Caicos Islands,21028.4081445193,2010
TC,Turks and Caicos Islands,NA,2009
TC,Turks and Caicos Islands,NA,2008
TC,Turks and Caicos Islands,NA,2007
TC,Turks and Caicos Islands,NA,2006
TC,Turks and Caicos Islands,NA,2005
TC,Turks and Caicos Islands,NA,2004
TC,Turks and Caicos Islands,NA,2003
TC,Turks and Caicos Islands,NA,2002
TC,Turks and Caicos Islands,NA,2001
TC,Turks and Caicos Islands,NA,2000
TC,Turks and Caicos Islands,NA,1999
TC,Turks and Caicos Islands,NA,1998
TC,Turks and Caicos Islands,NA,1997
TC,Turks and Caicos Islands,NA,1996
TC,Turks and Caicos Islands,NA,1995
TC,Turks and Caicos Islands,NA,1994
TC,Turks and Caicos Islands,NA,1993
TC,Turks and Caicos Islands,NA,1992
TC,Turks and Caicos Islands,NA,1991
TC,Turks and Caicos Islands,NA,1990
TC,Turks and Caicos Islands,NA,1989
TC,Turks and Caicos Islands,NA,1988
TC,Turks and Caicos Islands,NA,1987
TC,Turks and Caicos Islands,NA,1986
TC,Turks and Caicos Islands,NA,1985
TC,Turks and Caicos Islands,NA,1984
TC,Turks and Caicos Islands,NA,1983
TC,Turks and Caicos Islands,NA,1982
TC,Turks and Caicos Islands,NA,1981
TC,Turks and Caicos Islands,NA,1980
TC,Turks and Caicos Islands,NA,1979
TC,Turks and Caicos Islands,NA,1978
TC,Turks and Caicos Islands,NA,1977
TC,Turks and Caicos Islands,NA,1976
TC,Turks and Caicos Islands,NA,1975
TC,Turks and Caicos Islands,NA,1974
TC,Turks and Caicos Islands,NA,1973
TC,Turks and Caicos Islands,NA,1972
TC,Turks and Caicos Islands,NA,1971
TC,Turks and Caicos Islands,NA,1970
TV,Tuvalu,3590.42589737833,2017
TV,Tuvalu,3493.77000093609,2016
TV,Tuvalu,3429.36097349262,2015
TV,Tuvalu,3178.45296240321,2014
TV,Tuvalu,3169.39605299472,2013
TV,Tuvalu,3063.98800840538,2012
TV,Tuvalu,3217.96588471133,2011
TV,Tuvalu,3022.28882031784,2010
TV,Tuvalu,3138.69028387476,2009
TV,Tuvalu,3319.30461894589,2008
TV,Tuvalu,3101.87584460522,2007
TV,Tuvalu,2945.76084747463,2006
TV,Tuvalu,2918.68118704778,2005
TV,Tuvalu,3073.59710469912,2004
TV,Tuvalu,3161.53748017288,2003
TV,Tuvalu,3314.87022273688,2002
TV,Tuvalu,3108.84758763237,2001
TV,Tuvalu,3088.16816897676,2000
TV,Tuvalu,3134.45163348536,1999
TV,Tuvalu,3189.02365950714,1998
TV,Tuvalu,2763.69565491327,1997
TV,Tuvalu,2512.37695266068,1996
TV,Tuvalu,2678.82663782902,1995
TV,Tuvalu,2833.96972923,1994
TV,Tuvalu,2585.92450873551,1993
TV,Tuvalu,2506.17447021545,1992
TV,Tuvalu,2461.40799113891,1991
TV,Tuvalu,2405.78523560681,1990
TV,Tuvalu,NA,1989
TV,Tuvalu,NA,1988
TV,Tuvalu,NA,1987
TV,Tuvalu,NA,1986
TV,Tuvalu,NA,1985
TV,Tuvalu,NA,1984
TV,Tuvalu,NA,1983
TV,Tuvalu,NA,1982
TV,Tuvalu,NA,1981
TV,Tuvalu,NA,1980
TV,Tuvalu,NA,1979
TV,Tuvalu,NA,1978
TV,Tuvalu,NA,1977
TV,Tuvalu,NA,1976
TV,Tuvalu,NA,1975
TV,Tuvalu,NA,1974
TV,Tuvalu,NA,1973
TV,Tuvalu,NA,1972
TV,Tuvalu,NA,1971
TV,Tuvalu,NA,1970
UG,Uganda,694.289534078241,2017
UG,Uganda,694.009087978677,2016
UG,Uganda,686.982778383969,2015
UG,Uganda,676.337633104653,2014
UG,Uganda,665.416727461097,2013
UG,Uganda,663.492402518546,2012
UG,Uganda,659.628958421381,2011
UG,Uganda,622.498845744984,2010
UG,Uganda,608.358157984093,2009
UG,Uganda,587.947131467985,2008
UG,Uganda,558.186918698047,2007
UG,Uganda,531.359891717918,2006
UG,Uganda,494.998010536416,2005
UG,Uganda,480.502227372102,2004
UG,Uganda,464.436283088131,2003
UG,Uganda,450.295995473314,2002
UG,Uganda,427.34677354211,2001
UG,Uganda,418.978045497933,2000
UG,Uganda,418.564237070218,1999
UG,Uganda,398.863692276336,1998
UG,Uganda,391.368901843842,1997
UG,Uganda,383.400110851558,1996
UG,Uganda,362.181245249249,1995
UG,Uganda,334.924670652951,1994
UG,Uganda,324.905016591509,1993
UG,Uganda,309.858308495966,1992
UG,Uganda,309.765307777341,1991
UG,Uganda,303.597479410867,1990
UG,Uganda,295.196082614896,1989
UG,Uganda,287.53804941179,1988
UG,Uganda,275.233474754753,1987
UG,Uganda,274.273971272232,1986
UG,Uganda,282.796209679197,1985
UG,Uganda,302.361558904756,1984
UG,Uganda,313.287810613188,1983
UG,Uganda,305.606449643948,1982
UG,Uganda,NA,1981
UG,Uganda,NA,1980
UG,Uganda,NA,1979
UG,Uganda,NA,1978
UG,Uganda,NA,1977
UG,Uganda,NA,1976
UG,Uganda,NA,1975
UG,Uganda,NA,1974
UG,Uganda,NA,1973
UG,Uganda,NA,1972
UG,Uganda,NA,1971
UG,Uganda,NA,1970
UA,Ukraine,2994.52418477299,2017
UA,Ukraine,2909.64621521722,2016
UA,Ukraine,2828.88539029976,2015
UA,Ukraine,3123.91557226248,2014
UA,Ukraine,3160.08373580159,2013
UA,Ukraine,3153.73924469198,2012
UA,Ukraine,3138.46507001494,2011
UA,Ukraine,2965.14236549771,2010
UA,Ukraine,2844.3232799853,2009
UA,Ukraine,3322.00383583021,2008
UA,Ukraine,3229.65291745049,2007
UA,Ukraine,2983.85729494731,2006
UA,Ukraine,2758.52048439767,2005
UA,Ukraine,2658.68970906821,2004
UA,Ukraine,2353.60427976465,2003
UA,Ukraine,2131.7291662224,2002
UA,Ukraine,2005.38299185019,2001
UA,Ukraine,1817.99710109357,2000
UA,Ukraine,1699.51747282766,1999
UA,Ukraine,1686.94178709922,1998
UA,Ukraine,1704.31402365871,1997
UA,Ukraine,1741.08871439694,1996
UA,Ukraine,1917.45137153295,1995
UA,Ukraine,2166.69302080634,1994
UA,Ukraine,2797.56840598447,1993
UA,Ukraine,3263.37185713053,1992
UA,Ukraine,3624.29263348752,1991
UA,Ukraine,3965.38272260404,1990
UA,Ukraine,4243.77461395001,1989
UA,Ukraine,4105.52074835393,1988
UA,Ukraine,4020.58320615973,1987
UA,Ukraine,NA,1986
UA,Ukraine,NA,1985
UA,Ukraine,NA,1984
UA,Ukraine,NA,1983
UA,Ukraine,NA,1982
UA,Ukraine,NA,1981
UA,Ukraine,NA,1980
UA,Ukraine,NA,1979
UA,Ukraine,NA,1978
UA,Ukraine,NA,1977
UA,Ukraine,NA,1976
UA,Ukraine,NA,1975
UA,Ukraine,NA,1974
UA,Ukraine,NA,1973
UA,Ukraine,NA,1972
UA,Ukraine,NA,1971
UA,Ukraine,NA,1970
AE,United Arab Emirates,40819.1286840724,2017
AE,United Arab Emirates,41045.1111167209,2016
AE,United Arab Emirates,40276.0888332935,2015
AE,United Arab Emirates,38537.2728768897,2014
AE,United Arab Emirates,36978.8330410358,2013
AE,United Arab Emirates,35416.8917844949,2012
AE,United Arab Emirates,34634.8621429885,2011
AE,United Arab Emirates,33893.303514039,2010
AE,United Arab Emirates,36024.0582294666,2009
AE,United Arab Emirates,42456.7958854415,2008
AE,United Arab Emirates,47283.9032785234,2007
AE,United Arab Emirates,53335.0315740292,2006
AE,United Arab Emirates,56092.9202185986,2005
AE,United Arab Emirates,60328.3205264375,2004
AE,United Arab Emirates,60351.1400473437,2003
AE,United Arab Emirates,59187.2069291283,2002
AE,United Arab Emirates,60861.2659986951,2001
AE,United Arab Emirates,63251.5229870394,2000
AE,United Arab Emirates,60291.5089875618,1999
AE,United Arab Emirates,61773.8673566819,1998
AE,United Arab Emirates,64864.720318444,1997
AE,United Arab Emirates,63076.6064636338,1996
AE,United Arab Emirates,62681.6090675803,1995
AE,United Arab Emirates,61843.2137119288,1994
AE,United Arab Emirates,61081.3715995434,1993
AE,United Arab Emirates,63853.890761015,1992
AE,United Arab Emirates,65478.7069202228,1991
AE,United Arab Emirates,68780.5885485528,1990
AE,United Arab Emirates,61588.0867298091,1989
AE,United Arab Emirates,58146.7964800484,1988
AE,United Arab Emirates,63352.2940320065,1987
AE,United Arab Emirates,64972.4226048589,1986
AE,United Arab Emirates,80886.4664441653,1985
AE,United Arab Emirates,88583.3785405906,1984
AE,United Arab Emirates,89704.0386711589,1983
AE,United Arab Emirates,99319.6142653996,1982
AE,United Arab Emirates,113095.337311238,1981
AE,United Arab Emirates,116232.75297577,1980
AE,United Arab Emirates,102668.63180644,1979
AE,United Arab Emirates,94683.6793247567,1978
AE,United Arab Emirates,109318.635675083,1977
AE,United Arab Emirates,103766.654037947,1976
AE,United Arab Emirates,103604.906761616,1975
AE,United Arab Emirates,NA,1974
AE,United Arab Emirates,NA,1973
AE,United Arab Emirates,NA,1972
AE,United Arab Emirates,NA,1971
AE,United Arab Emirates,NA,1970
GB,United Kingdom,42669.5765118318,2017
GB,United Kingdom,42201.6414253276,2016
GB,United Kingdom,41756.9007947601,2015
GB,United Kingdom,41124.1216496563,2014
GB,United Kingdom,40248.7431946435,2013
GB,United Kingdom,39706.6100830381,2012
GB,United Kingdom,39413.323878959,2011
GB,United Kingdom,39079.8426055813,2010
GB,United Kingdom,38724.728834501,2009
GB,United Kingdom,40749.1848633669,2008
GB,United Kingdom,41213.7247408944,2007
GB,United Kingdom,40504.8436194316,2006
GB,United Kingdom,39789.795671607,2005
GB,United Kingdom,38840.9427937407,2004
GB,United Kingdom,38166.4857708141,2003
GB,United Kingdom,37105.4972062513,2002
GB,United Kingdom,36354.1568326483,2001
GB,United Kingdom,35486.2988405672,2000
GB,United Kingdom,34424.4817591012,1999
GB,United Kingdom,33463.9857152594,1998
GB,United Kingdom,32476.5131010993,1997
GB,United Kingdom,31219.9686099616,1996
GB,United Kingdom,30525.6575499506,1995
GB,United Kingdom,29873.045183999,1994
GB,United Kingdom,28826.4177961799,1993
GB,United Kingdom,28183.5953220139,1992
GB,United Kingdom,28155.4516822794,1991
GB,United Kingdom,28553.287428365,1990
GB,United Kingdom,28428.5916934445,1989
GB,United Kingdom,27788.8651479109,1988
GB,United Kingdom,26334.2508246501,1987
GB,United Kingdom,25061.8483930646,1986
GB,United Kingdom,24355.0840757606,1985
GB,United Kingdom,23427.502361175,1984
GB,United Kingdom,22942.3676992901,1983
GB,United Kingdom,22020.5161106757,1982
GB,United Kingdom,21578.8163881827,1981
GB,United Kingdom,21754.0802166811,1980
GB,United Kingdom,22230.9416558677,1979
GB,United Kingdom,21448.3661342375,1978
GB,United Kingdom,20584.5096452658,1977
GB,United Kingdom,20087.0355201784,1976
GB,United Kingdom,19514.362230342,1975
GB,United Kingdom,19806.0945457956,1974
GB,United Kingdom,20319.1283128099,1973
GB,United Kingdom,19114.3502317746,1972
GB,United Kingdom,18388.2169377259,1971
GB,United Kingdom,17843.4554526505,1970
US,United States,53356.2362359038,2017
US,United States,52534.3652839378,2016
US,United States,52099.2697604038,2015
US,United States,51015.1354768362,2014
US,United States,50161.0758208104,2013
US,United States,49596.42191733,2012
US,United States,48862.4249439572,2011
US,United States,48466.8233750801,2010
US,United States,47648.8132505282,2009
US,United States,49319.4788649637,2008
US,United States,49856.2814911139,2007
US,United States,49405.7672960906,2006
US,United States,48499.81237636,2005
US,United States,47287.5937719542,2004
US,United States,45980.5145848942,2003
US,United States,45087.367278707,2002
US,United States,44728.5974754689,2001
US,United States,44726.9653975986,2000
US,United States,43434.6926748853,1999
US,United States,41942.7095093781,1998
US,United States,40614.4056085118,1997
US,United States,39356.0917997431,1996
US,United States,38369.1618432616,1995
US,United States,37813.7581782112,1994
US,United States,36797.7976477287,1993
US,United States,36287.3228622999,1992
US,United States,35542.1411050632,1991
US,United States,36059.3016312599,1990
US,United States,35793.896504321,1989
US,United States,34853.4884703005,1988
US,United States,33761.1788389073,1987
US,United States,32925.2266772997,1986
US,United States,32118.7594265396,1985
US,United States,31107.5596247217,1984
US,United States,29260.5861838728,1983
US,United States,28235.0896669314,1982
US,United States,29028.9014952106,1981
US,United States,28589.6727279129,1980
US,United States,28939.639937793,1979
US,United States,28362.7717986387,1978
US,United States,27161.4266860093,1977
US,United States,26223.3764450662,1976
US,United States,25120.2308496895,1975
US,United States,25421.3696704294,1974
US,United States,25794.1281658637,1973
US,United States,24649.8447359645,1972
US,United States,23670.3457327086,1971
US,United States,23207.2199359187,1970
UY,Uruguay,14437.3846901627,2017
UY,Uruguay,14124.1438572024,2016
UY,Uruguay,13938.7900684076,2015
UY,Uruguay,13934.5761685583,2014
UY,Uruguay,13541.2071089583,2013
UY,Uruguay,12981.1401108822,2012
UY,Uruguay,12574.9035699501,2011
UY,Uruguay,11992.0166261774,2010
UY,Uruguay,11155.845245605,2009
UY,Uruguay,10732.0112766921,2008
UY,Uruguay,10038.8950928926,2007
UY,Uruguay,9440.50698031014,2006
UY,Uruguay,9078.6374548701,2005
UY,Uruguay,8449.20908871166,2004
UY,Uruguay,8041.24017738851,2003
UY,Uruguay,7971.31377552985,2002
UY,Uruguay,8640.77851920636,2001
UY,Uruguay,9001.75004709871,2000
UY,Uruguay,9211.42751459448,1999
UY,Uruguay,9441.99488176722,1998
UY,Uruguay,9091.4742843355,1997
UY,Uruguay,8434.31941174734,1996
UY,Uruguay,8045.94664328402,1995
UY,Uruguay,8223.12064985855,1994
UY,Uruguay,7721.46271327429,1993
UY,Uruguay,7577.08516077181,1992
UY,Uruguay,7071.38641900011,1991
UY,Uruguay,6878.14528534852,1990
UY,Uruguay,6904.39448284071,1989
UY,Uruguay,6873.2716240103,1988
UY,Uruguay,6815.4416564814,1987
UY,Uruguay,6350.41897465765,1986
UY,Uruguay,5873.32951793182,1985
UY,Uruguay,5825.72319290512,1984
UY,Uruguay,5931.13576233442,1983
UY,Uruguay,6653.23596378618,1982
UY,Uruguay,7420.9839187977,1981
UY,Uruguay,7355.20881365798,1980
UY,Uruguay,6996.42149438938,1979
UY,Uruguay,6633.74878381706,1978
UY,Uruguay,6336.79365378045,1977
UY,Uruguay,6280.14824383224,1976
UY,Uruguay,6066.25640745848,1975
UY,Uruguay,5729.96740849687,1974
UY,Uruguay,5572.63646936095,1973
UY,Uruguay,5558.63478610333,1972
UY,Uruguay,5639.32164593039,1971
UY,Uruguay,5670.63089652745,1970
UZ,Uzbekistan,1961.33044707036,2017
UZ,Uzbekistan,1909.43710047974,2016
UZ,Uzbekistan,1831.32290800809,2015
UZ,Uzbekistan,1734.36263628413,2014
UZ,Uzbekistan,1645.7154531939,2013
UZ,Uzbekistan,1547.42468058657,2012
UZ,Uzbekistan,1451.63285529127,2011
UZ,Uzbekistan,1377.08214046938,2010
UZ,Uzbekistan,1305.79020214003,2009
UZ,Uzbekistan,1229.05951043498,2008
UZ,Uzbekistan,1145.51845326872,2007
UZ,Uzbekistan,1061.39520643162,2006
UZ,Uzbekistan,999.917803821156,2005
UZ,Uzbekistan,945.879577834732,2004
UZ,Uzbekistan,890.521121302879,2003
UZ,Uzbekistan,864.359315142761,2002
UZ,Uzbekistan,841.563197735813,2001
UZ,Uzbekistan,818.21566919722,2000
UZ,Uzbekistan,798.975681817453,1999
UZ,Uzbekistan,774.337958424673,1998
UZ,Uzbekistan,754.459911313896,1997
UZ,Uzbekistan,730.815780553083,1996
UZ,Uzbekistan,732.476428377892,1995
UZ,Uzbekistan,752.605122449982,1994
UZ,Uzbekistan,809.626069401136,1993
UZ,Uzbekistan,847.7329845636,1992
UZ,Uzbekistan,977.299506625301,1991
UZ,Uzbekistan,1003.29698487236,1990
UZ,Uzbekistan,1016.84120536112,1989
UZ,Uzbekistan,1010.40707891487,1988
UZ,Uzbekistan,948.608355125477,1987
UZ,Uzbekistan,NA,1986
UZ,Uzbekistan,NA,1985
UZ,Uzbekistan,NA,1984
UZ,Uzbekistan,NA,1983
UZ,Uzbekistan,NA,1982
UZ,Uzbekistan,NA,1981
UZ,Uzbekistan,NA,1980
UZ,Uzbekistan,NA,1979
UZ,Uzbekistan,NA,1978
UZ,Uzbekistan,NA,1977
UZ,Uzbekistan,NA,1976
UZ,Uzbekistan,NA,1975
UZ,Uzbekistan,NA,1974
UZ,Uzbekistan,NA,1973
UZ,Uzbekistan,NA,1972
UZ,Uzbekistan,NA,1971
UZ,Uzbekistan,NA,1970
VU,Vanuatu,2844.12089967731,2017
VU,Vanuatu,2791.8381685678,2016
VU,Vanuatu,2755.73179881447,2015
VU,Vanuatu,2854.22363593977,2014
VU,Vanuatu,2868.03541623451,2013
VU,Vanuatu,2893.09572537593,2012
VU,Vanuatu,2923.42028826041,2011
VU,Vanuatu,2966.85711598678,2010
VU,Vanuatu,2994.91684230213,2009
VU,Vanuatu,2970.39186299374,2008
VU,Vanuatu,2856.97075961693,2007
VU,Vanuatu,2781.08669486324,2006
VU,Vanuatu,2626.37295502417,2005
VU,Vanuatu,2557.09984993409,2004
VU,Vanuatu,2522.98621713048,2003
VU,Vanuatu,2481.98361012316,2002
VU,Vanuatu,2680.66102098221,2001
VU,Vanuatu,2841.32962382992,2000
VU,Vanuatu,2737.33090856151,1999
VU,Vanuatu,2778.44263978008,1998
VU,Vanuatu,2710.54957076166,1997
VU,Vanuatu,2631.74053048512,1996
VU,Vanuatu,2626.36484017364,1995
VU,Vanuatu,2663.88410390801,1994
VU,Vanuatu,2509.71836287588,1993
VU,Vanuatu,2564.44587925022,1992
VU,Vanuatu,2573.52488731356,1991
VU,Vanuatu,2565.72132967401,1990
VU,Vanuatu,2357.62711056827,1989
VU,Vanuatu,2380.00724989743,1988
VU,Vanuatu,2479.03350900514,1987
VU,Vanuatu,2612.11393108914,1986
VU,Vanuatu,2676.15775091921,1985
VU,Vanuatu,2711.30161669587,1984
VU,Vanuatu,2530.70077805048,1983
VU,Vanuatu,2274.70205890885,1982
VU,Vanuatu,2104.3048377506,1981
VU,Vanuatu,2070.92515687197,1980
VU,Vanuatu,2400.68211570615,1979
VU,Vanuatu,NA,1978
VU,Vanuatu,NA,1977
VU,Vanuatu,NA,1976
VU,Vanuatu,NA,1975
VU,Vanuatu,NA,1974
VU,Vanuatu,NA,1973
VU,Vanuatu,NA,1972
VU,Vanuatu,NA,1971
VU,Vanuatu,NA,1970
VE,"Venezuela, RB",NA,2017
VE,"Venezuela, RB",NA,2016
VE,"Venezuela, RB",NA,2015
VE,"Venezuela, RB",14025.3575647702,2014
VE,"Venezuela, RB",14721.8559547003,2013
VE,"Venezuela, RB",14735.0935364906,2012
VE,"Venezuela, RB",14179.192314908,2011
VE,"Venezuela, RB",13825.3580883312,2010
VE,"Venezuela, RB",14239.0392030136,2009
VE,"Venezuela, RB",14920.447414239,2008
VE,"Venezuela, RB",14374.374372096,2007
VE,"Venezuela, RB",13413.0140896143,2006
VE,"Venezuela, RB",12400.7747575051,2005
VE,"Venezuela, RB",11429.4069750518,2004
VE,"Venezuela, RB",9830.73677120797,2003
VE,"Venezuela, RB",10848.8167176834,2002
VE,"Venezuela, RB",12122.1213440532,2001
VE,"Venezuela, RB",11944.2058377568,2000
VE,"Venezuela, RB",11739.1101656561,1999
VE,"Venezuela, RB",12726.411268363,1998
VE,"Venezuela, RB",12939.5833172297,1997
VE,"Venezuela, RB",12410.2577483223,1996
VE,"Venezuela, RB",12692.5960833233,1995
VE,"Venezuela, RB",12469.6730324619,1994
VE,"Venezuela, RB",13047.7613041889,1993
VE,"Venezuela, RB",13302.5887449889,1992
VE,"Venezuela, RB",12830.4029639582,1991
VE,"Venezuela, RB",11968.8542167094,1990
VE,"Venezuela, RB",11515.182419275,1989
VE,"Venezuela, RB",12909.4836065322,1988
VE,"Venezuela, RB",12511.1901413447,1987
VE,"Venezuela, RB",12391.7080147897,1986
VE,"Venezuela, RB",11938.2276843333,1985
VE,"Venezuela, RB",12227.8307771383,1984
VE,"Venezuela, RB",12371.8294252153,1983
VE,"Venezuela, RB",13197.3863790739,1982
VE,"Venezuela, RB",13839.0923979935,1981
VE,"Venezuela, RB",14269.3903614091,1980
VE,"Venezuela, RB",15345.2157992074,1979
VE,"Venezuela, RB",15659.8125661779,1978
VE,"Venezuela, RB",15739.380394405,1977
VE,"Venezuela, RB",15238.5929911534,1976
VE,"Venezuela, RB",14555.9045644328,1975
VE,"Venezuela, RB",14557.3856803098,1974
VE,"Venezuela, RB",14678.2385908052,1973
VE,"Venezuela, RB",14107.1903490632,1972
VE,"Venezuela, RB",14345.6238088601,1971
VE,"Venezuela, RB",14570.1008693714,1970
VN,Vietnam,1852.96303732618,2017
VN,Vietnam,1752.53194613377,2016
VN,Vietnam,1667.1718910463,2015
VN,Vietnam,1579.189101937,2014
VN,Vietnam,1505.81094882914,2013
VN,Vietnam,1443.49261488872,2012
VN,Vietnam,1385.89038466892,2011
VN,Vietnam,1317.89070617836,2010
VN,Vietnam,1250.79576057587,2009
VN,Vietnam,1198.41721350262,2008
VN,Vietnam,1145.14003771978,2007
VN,Vietnam,1079.06248842695,2006
VN,Vietnam,1018.12112382332,2005
VN,Vietnam,955.447267091645,2004
VN,Vietnam,896.704375753457,2003
VN,Vietnam,846.726291955591,2002
VN,Vietnam,804.198861669933,2001
VN,Vietnam,765.185650932615,2000
VN,Vietnam,724.479782956808,1999
VN,Vietnam,699.616942118451,1998
VN,Vietnam,669.911659651252,1997
VN,Vietnam,628.084147112091,1996
VN,Vietnam,583.314084579776,1995
VN,Vietnam,541.614595163313,1994
VN,Vietnam,506.927297390222,1993
VN,Vietnam,478.436895365442,1992
VN,Vietnam,449.53665320781,1991
VN,Vietnam,433.283936803757,1990
VN,Vietnam,421.166930761847,1989
VN,Vietnam,400.890507597034,1988
VN,Vietnam,389.800909903156,1987
VN,Vietnam,384.822145627355,1986
VN,Vietnam,382.968884565876,1985
VN,Vietnam,377.508281123567,1984
VN,Vietnam,NA,1983
VN,Vietnam,NA,1982
VN,Vietnam,NA,1981
VN,Vietnam,NA,1980
VN,Vietnam,NA,1979
VN,Vietnam,NA,1978
VN,Vietnam,NA,1977
VN,Vietnam,NA,1976
VN,Vietnam,NA,1975
VN,Vietnam,NA,1974
VN,Vietnam,NA,1973
VN,Vietnam,NA,1972
VN,Vietnam,NA,1971
VN,Vietnam,NA,1970
VI,Virgin Islands (U.S.),29290.7849834333,2017
VI,Virgin Islands (U.S.),29729.2217910517,2016
VI,Virgin Islands (U.S.),29408.0551252719,2015
VI,Virgin Islands (U.S.),29303.724101789,2014
VI,Virgin Islands (U.S.),29516.0016331562,2013
VI,Virgin Islands (U.S.),31301.001725378,2012
VI,Virgin Islands (U.S.),36798.6990347292,2011
VI,Virgin Islands (U.S.),40043.1901659314,2010
VI,Virgin Islands (U.S.),39667.1915982754,2009
VI,Virgin Islands (U.S.),42491.4540238816,2008
VI,Virgin Islands (U.S.),42118.3562605835,2007
VI,Virgin Islands (U.S.),40472.6629527254,2006
VI,Virgin Islands (U.S.),39026.654555933,2005
VI,Virgin Islands (U.S.),37654.274280256,2004
VI,Virgin Islands (U.S.),36565.8293918275,2003
VI,Virgin Islands (U.S.),36687.0545096165,2002
VI,Virgin Islands (U.S.),NA,2001
VI,Virgin Islands (U.S.),NA,2000
VI,Virgin Islands (U.S.),NA,1999
VI,Virgin Islands (U.S.),NA,1998
VI,Virgin Islands (U.S.),NA,1997
VI,Virgin Islands (U.S.),NA,1996
VI,Virgin Islands (U.S.),NA,1995
VI,Virgin Islands (U.S.),NA,1994
VI,Virgin Islands (U.S.),NA,1993
VI,Virgin Islands (U.S.),NA,1992
VI,Virgin Islands (U.S.),NA,1991
VI,Virgin Islands (U.S.),NA,1990
VI,Virgin Islands (U.S.),NA,1989
VI,Virgin Islands (U.S.),NA,1988
VI,Virgin Islands (U.S.),NA,1987
VI,Virgin Islands (U.S.),NA,1986
VI,Virgin Islands (U.S.),NA,1985
VI,Virgin Islands (U.S.),NA,1984
VI,Virgin Islands (U.S.),NA,1983
VI,Virgin Islands (U.S.),NA,1982
VI,Virgin Islands (U.S.),NA,1981
VI,Virgin Islands (U.S.),NA,1980
VI,Virgin Islands (U.S.),NA,1979
VI,Virgin Islands (U.S.),NA,1978
VI,Virgin Islands (U.S.),NA,1977
VI,Virgin Islands (U.S.),NA,1976
VI,Virgin Islands (U.S.),NA,1975
VI,Virgin Islands (U.S.),NA,1974
VI,Virgin Islands (U.S.),NA,1973
VI,Virgin Islands (U.S.),NA,1972
VI,Virgin Islands (U.S.),NA,1971
VI,Virgin Islands (U.S.),NA,1970
PS,West Bank and Gaza,2724.41452900114,2017
PS,West Bank and Gaza,2694.5225262147,2016
PS,West Bank and Gaza,2631.81198484783,2015
PS,West Bank and Gaza,2603.521013627,2014
PS,West Bank and Gaza,2670.12717720378,2013
PS,West Bank and Gaza,2675.67754197823,2012
PS,West Bank and Gaza,2580.36978854332,2011
PS,West Bank and Gaza,2354.12598671847,2010
PS,West Bank and Gaza,2235.04583613558,2009
PS,West Bank and Gaza,2112.48368880484,2008
PS,West Bank and Gaza,2046.97126353634,2007
PS,West Bank and Gaza,1970.10868156123,2006
PS,West Bank and Gaza,2103.13352808938,2005
PS,West Bank and Gaza,1947.2840298839,2004
PS,West Bank and Gaza,1810.42968486585,2003
PS,West Bank and Gaza,1628.97220015616,2002
PS,West Bank and Gaza,1909.63091863112,2001
PS,West Bank and Gaza,2160.182671202,2000
PS,West Bank and Gaza,2423.44618952824,1999
PS,West Bank and Gaza,2296.04714483711,1998
PS,West Bank and Gaza,2060.16509632044,1997
PS,West Bank and Gaza,1878.92685222282,1996
PS,West Bank and Gaza,1941.38434741421,1995
PS,West Bank and Gaza,1895.37063634421,1994
PS,West Bank and Gaza,NA,1993
PS,West Bank and Gaza,NA,1992
PS,West Bank and Gaza,NA,1991
PS,West Bank and Gaza,NA,1990
PS,West Bank and Gaza,NA,1989
PS,West Bank and Gaza,NA,1988
PS,West Bank and Gaza,NA,1987
PS,West Bank and Gaza,NA,1986
PS,West Bank and Gaza,NA,1985
PS,West Bank and Gaza,NA,1984
PS,West Bank and Gaza,NA,1983
PS,West Bank and Gaza,NA,1982
PS,West Bank and Gaza,NA,1981
PS,West Bank and Gaza,NA,1980
PS,West Bank and Gaza,NA,1979
PS,West Bank and Gaza,NA,1978
PS,West Bank and Gaza,NA,1977
PS,West Bank and Gaza,NA,1976
PS,West Bank and Gaza,NA,1975
PS,West Bank and Gaza,NA,1974
PS,West Bank and Gaza,NA,1973
PS,West Bank and Gaza,NA,1972
PS,West Bank and Gaza,NA,1971
PS,West Bank and Gaza,NA,1970
YE,"Yemen, Rep.",702.863755717276,2017
YE,"Yemen, Rep.",765.60417213601,2016
YE,"Yemen, Rep.",908.757845903805,2015
YE,"Yemen, Rep.",1119.1474926442,2014
YE,"Yemen, Rep.",1151.42156506878,2013
YE,"Yemen, Rep.",1128.68646984326,2012
YE,"Yemen, Rep.",1133.12563189303,2011
YE,"Yemen, Rep.",1334.78484461341,2010
YE,"Yemen, Rep.",1274.4658827005,2009
YE,"Yemen, Rep.",1262.01821783006,2008
YE,"Yemen, Rep.",1252.48314306481,2007
YE,"Yemen, Rep.",1246.8721107661,2006
YE,"Yemen, Rep.",1243.43108853965,2005
YE,"Yemen, Rep.",1211.77256637899,2004
YE,"Yemen, Rep.",1199.54886794011,2003
YE,"Yemen, Rep.",1190.15491645968,2002
YE,"Yemen, Rep.",1178.66387211614,2001
YE,"Yemen, Rep.",1168.69265874777,2000
YE,"Yemen, Rep.",1132.38871242156,1999
YE,"Yemen, Rep.",1122.42241937419,1998
YE,"Yemen, Rep.",1090.28013594392,1997
YE,"Yemen, Rep.",1069.99816876269,1996
YE,"Yemen, Rep.",1060.72286897229,1995
YE,"Yemen, Rep.",1047.04045527186,1994
YE,"Yemen, Rep.",1028.83928959111,1993
YE,"Yemen, Rep.",1041.17231485317,1992
YE,"Yemen, Rep.",1013.19687900003,1991
YE,"Yemen, Rep.",1001.40700624464,1990
YE,"Yemen, Rep.",NA,1989
YE,"Yemen, Rep.",NA,1988
YE,"Yemen, Rep.",NA,1987
YE,"Yemen, Rep.",NA,1986
YE,"Yemen, Rep.",NA,1985
YE,"Yemen, Rep.",NA,1984
YE,"Yemen, Rep.",NA,1983
YE,"Yemen, Rep.",NA,1982
YE,"Yemen, Rep.",NA,1981
YE,"Yemen, Rep.",NA,1980
YE,"Yemen, Rep.",NA,1979
YE,"Yemen, Rep.",NA,1978
YE,"Yemen, Rep.",NA,1977
YE,"Yemen, Rep.",NA,1976
YE,"Yemen, Rep.",NA,1975
YE,"Yemen, Rep.",NA,1974
YE,"Yemen, Rep.",NA,1973
YE,"Yemen, Rep.",NA,1972
YE,"Yemen, Rep.",NA,1971
YE,"Yemen, Rep.",NA,1970
ZM,Zambia,1658.82320704151,2017
ZM,Zambia,1652.28445767614,2016
ZM,Zambia,1641.00548167911,2015
ZM,Zambia,1644.10678956382,2014
ZM,Zambia,1620.15403639761,2013
ZM,Zambia,1591.31999375648,2012
ZM,Zambia,1525.56257529696,2011
ZM,Zambia,1489.45906989027,2010
ZM,Zambia,1390.33144624924,2009
ZM,Zambia,1309.2816486784,2008
ZM,Zambia,1248.41842388165,2007
ZM,Zambia,1183.36385895953,2006
ZM,Zambia,1126.03193642396,2005
ZM,Zambia,1077.83638665003,2004
ZM,Zambia,1033.31080222697,2003
ZM,Zambia,991.310020774582,2002
ZM,Zambia,973.3639719419,2001
ZM,Zambia,948.736226562039,2000
ZM,Zambia,937.945881859703,1999
ZM,Zambia,921.165531202502,1998
ZM,Zambia,950.638071947001,1997
ZM,Zambia,940.996133862278,1996
ZM,Zambia,909.583374402285,1995
ZM,Zambia,906.578719256781,1994
ZM,Zambia,1016.59855820926,1993
ZM,Zambia,975.000905818206,1992
ZM,Zambia,1016.80153537889,1991
ZM,Zambia,1043.7234311156,1990
ZM,Zambia,1077.82238436626,1989
ZM,Zambia,1120.77450867403,1988
ZM,Zambia,1086.78594530287,1987
ZM,Zambia,1091.9160183151,1986
ZM,Zambia,1119.11560018124,1985
ZM,Zambia,1137.74481819931,1984
ZM,Zambia,1180.27010306538,1983
ZM,Zambia,1245.46111015201,1982
ZM,Zambia,1326.05515962517,1981
ZM,Zambia,1292.46025201972,1980
ZM,Zambia,1297.77992949529,1979
ZM,Zambia,1384.22674761338,1978
ZM,Zambia,1423.65217948453,1977
ZM,Zambia,1542.71715267215,1976
ZM,Zambia,1502.17768988108,1975
ZM,Zambia,1589.9883889618,1974
ZM,Zambia,1545.43255669668,1973
ZM,Zambia,1614.03172327987,1972
ZM,Zambia,1528.21368211036,1971
ZM,Zambia,1580.82684812432,1970
ZW,Zimbabwe,1263.3213216487,2017
ZW,Zimbabwe,1224.30992212084,2016
ZW,Zimbabwe,1234.10335223099,2015
ZW,Zimbabwe,1232.86486526016,2014
ZW,Zimbabwe,1225.55811171109,2013
ZW,Zimbabwe,1223.20343166571,2012
ZW,Zimbabwe,1066.42626547202,2011
ZW,Zimbabwe,948.33185445926,2010
ZW,Zimbabwe,803.222028647959,2009
ZW,Zimbabwe,725.575973686015,2008
ZW,Zimbabwe,890.180454570516,2007
ZW,Zimbabwe,931.5685400464,2006
ZW,Zimbabwe,971.26672303256,2005
ZW,Zimbabwe,1034.96298817003,2004
ZW,Zimbabwe,1102.23075464005,2003
ZW,Zimbabwe,1331.01303449979,2002
ZW,Zimbabwe,1464.67204934172,2001
ZW,Zimbabwe,1449.04276709557,2000
ZW,Zimbabwe,1502.19953197831,1999
ZW,Zimbabwe,1524.33953616236,1998
ZW,Zimbabwe,1493.52199601397,1997
ZW,Zimbabwe,1468.65033488834,1996
ZW,Zimbabwe,1345.99287635037,1995
ZW,Zimbabwe,1361.64587856103,1994
ZW,Zimbabwe,1265.51521608368,1993
ZW,Zimbabwe,1274.43631272062,1992
ZW,Zimbabwe,1429.50555161003,1991
ZW,Zimbabwe,1386.84900769979,1990
ZW,Zimbabwe,1331.82187029071,1989
ZW,Zimbabwe,1305.16237731789,1988
ZW,Zimbabwe,1254.5176434181,1987
ZW,Zimbabwe,1284.33488584522,1986
ZW,Zimbabwe,1303.65112886529,1985
ZW,Zimbabwe,1263.87951794219,1984
ZW,Zimbabwe,1336.45192133562,1983
ZW,Zimbabwe,1364.61182140602,1982
ZW,Zimbabwe,1378.5479554225,1981
ZW,Zimbabwe,1269.24507783693,1980
ZW,Zimbabwe,1147.79435739018,1979
ZW,Zimbabwe,1148.09669788088,1978
ZW,Zimbabwe,1218.15695577324,1977
ZW,Zimbabwe,1350.17723223622,1976
ZW,Zimbabwe,1388.49251860853,1975
ZW,Zimbabwe,1464.41792143682,1974
ZW,Zimbabwe,1421.87655205902,1973
ZW,Zimbabwe,1435.5601457855,1972
ZW,Zimbabwe,1372.82366958229,1971
ZW,Zimbabwe,1305.14756001395,1970
