joueur,saison,age,aides,buts,parties,position
Wayne Gretzky,1979-80,19,86,51,79,C
Wayne Gretzky,1980-81,20,109,55,80,C
Wayne Gretzky,1981-82,21,120,92,80,C
Wayne Gretzky,1982-83,22,125,71,80,C
Wayne Gretzky,1983-84,23,118,87,74,C
Wayne Gretzky,1984-85,24,135,73,80,C
Wayne Gretzky,1985-86,25,163,52,80,C
Wayne Gretzky,1986-87,26,121,62,79,C
Wayne Gretzky,1987-88,27,109,40,64,C
Wayne Gretzky,1988-89,28,114,54,78,C
Wayne Gretzky,1989-90,29,102,40,73,C
Wayne Gretzky,1990-91,30,122,41,78,C
Wayne Gretzky,1991-92,31,90,31,74,C
Wayne Gretzky,1992-93,32,49,16,45,C
Wayne Gretzky,1993-94,33,92,38,81,C
Wayne Gretzky,1994-95,34,37,11,48,C
Wayne Gretzky,1995-96,35,79,23,80,C
Wayne Gretzky,1995-96,35,66,15,62,C
Wayne Gretzky,1995-96,35,13,8,18,C
Wayne Gretzky,1996-97,36,72,25,82,C
Wayne Gretzky,1997-98,37,67,23,82,C
Wayne Gretzky,1998-99,38,53,9,70,C
Gordie Howe,1946-47,18,15,7,58,RW
Gordie Howe,1947-48,19,28,16,60,RW
Gordie Howe,1948-49,20,25,12,40,RW
Gordie Howe,1949-50,21,33,35,70,RW
Gordie Howe,1950-51,22,43,43,70,RW
Gordie Howe,1951-52,23,39,47,70,RW
Gordie Howe,1952-53,24,46,49,70,RW
Gordie Howe,1953-54,25,48,33,70,RW
Gordie Howe,1954-55,26,33,29,64,RW
Gordie Howe,1955-56,27,41,38,70,RW
Gordie Howe,1956-57,28,45,44,70,RW
Gordie Howe,1957-58,29,44,33,64,RW
Gordie Howe,1958-59,30,46,32,70,RW
Gordie Howe,1959-60,31,45,28,70,RW
Gordie Howe,1960-61,32,49,23,64,RW
Gordie Howe,1961-62,33,44,33,70,RW
Gordie Howe,1962-63,34,48,38,70,RW
Gordie Howe,1963-64,35,47,26,69,RW
Gordie Howe,1964-65,36,47,29,70,RW
Gordie Howe,1965-66,37,46,29,70,RW
Gordie Howe,1966-67,38,40,25,69,RW
Gordie Howe,1967-68,39,43,39,74,RW
Gordie Howe,1968-69,40,59,44,76,RW
Gordie Howe,1969-70,41,40,31,76,RW
Gordie Howe,1970-71,42,29,23,63,RW
Gordie Howe,1979-80,51,26,15,80,RW
Jaromir Jagr,1990-91,18,30,27,80,RW
Jaromir Jagr,1991-92,19,37,32,70,RW
Jaromir Jagr,1992-93,20,60,34,81,RW
Jaromir Jagr,1993-94,21,67,32,80,RW
Jaromir Jagr,1994-95,22,38,32,48,RW
Jaromir Jagr,1995-96,23,87,62,82,RW
Jaromir Jagr,1996-97,24,48,47,63,RW
Jaromir Jagr,1997-98,25,67,35,77,RW
Jaromir Jagr,1998-99,26,83,44,81,RW
Jaromir Jagr,1999-00,27,54,42,63,RW
Jaromir Jagr,2000-01,28,69,52,81,RW
Jaromir Jagr,2001-02,29,48,31,69,RW
Jaromir Jagr,2002-03,30,41,36,75,RW
Jaromir Jagr,2003-04,31,43,31,77,RW
Jaromir Jagr,2003-04,31,29,16,46,RW
Jaromir Jagr,2003-04,31,14,15,31,RW
Jaromir Jagr,2005-06,33,69,54,82,RW
Jaromir Jagr,2006-07,34,66,30,82,RW
Jaromir Jagr,2007-08,35,46,25,82,RW
Jaromir Jagr,2011-12,39,35,19,73,RW
Jaromir Jagr,2012-13,40,19,16,45,RW
Jaromir Jagr,2012-13,40,12,14,34,RW
Jaromir Jagr,2012-13,40,7,2,11,RW
Jaromir Jagr,2013-14,41,43,24,82,RW
Jaromir Jagr,2014-15,42,30,17,77,RW
Jaromir Jagr,2014-15,42,18,11,57,RW
Jaromir Jagr,2014-15,42,12,6,20,RW
Jaromir Jagr,2015-16,43,39,27,79,RW
Jaromir Jagr,2016-17,44,30,16,82,RW
Jaromir Jagr,2017-18,45,6,1,22,RW
Brett Hull,1986-87,22,0,1,5,RW
Brett Hull,1987-88,23,32,32,65,RW
Brett Hull,1987-88,23,24,26,52,RW
Brett Hull,1987-88,23,8,6,13,RW
Brett Hull,1988-89,24,43,41,78,RW
Brett Hull,1989-90,25,41,72,80,RW
Brett Hull,1990-91,26,45,86,78,RW
Brett Hull,1991-92,27,39,70,73,RW
Brett Hull,1992-93,28,47,54,80,RW
Brett Hull,1993-94,29,40,57,81,RW
Brett Hull,1994-95,30,21,29,48,RW
Brett Hull,1995-96,31,40,43,70,RW
Brett Hull,1996-97,32,40,42,77,RW
Brett Hull,1997-98,33,45,27,66,RW
Brett Hull,1998-99,34,26,32,60,RW
Brett Hull,1999-00,35,35,24,79,RW
Brett Hull,2000-01,36,40,39,79,RW
Brett Hull,2001-02,37,33,30,82,RW
Brett Hull,2002-03,38,39,37,82,RW
Brett Hull,2003-04,39,43,25,81,RW
Brett Hull,2005-06,41,1,0,5,RW
Marcel Dionne,1971-72,20,49,28,78,C
Marcel Dionne,1972-73,21,50,40,77,C
Marcel Dionne,1973-74,22,54,24,74,C
Marcel Dionne,1974-75,23,74,47,80,C
Marcel Dionne,1975-76,24,54,40,80,C
Marcel Dionne,1976-77,25,69,53,80,C
Marcel Dionne,1977-78,26,43,36,70,C
Marcel Dionne,1978-79,27,71,59,80,C
Marcel Dionne,1979-80,28,84,53,80,C
Marcel Dionne,1980-81,29,77,58,80,C
Marcel Dionne,1981-82,30,67,50,78,C
Marcel Dionne,1982-83,31,51,56,80,C
Marcel Dionne,1983-84,32,53,39,66,C
Marcel Dionne,1984-85,33,80,46,80,C
Marcel Dionne,1985-86,34,58,36,80,C
Marcel Dionne,1986-87,35,56,28,81,C
Marcel Dionne,1986-87,35,50,24,67,C
Marcel Dionne,1986-87,35,6,4,14,C
Marcel Dionne,1987-88,36,34,31,67,C
Marcel Dionne,1988-89,37,16,7,37,C
Phil Esposito,1963-64,21,2,3,27,C
Phil Esposito,1964-65,22,32,23,70,C
Phil Esposito,1965-66,23,26,27,69,C
Phil Esposito,1966-67,24,40,21,69,C
Phil Esposito,1967-68,25,49,35,74,C
Phil Esposito,1968-69,26,77,49,74,C
Phil Esposito,1969-70,27,56,43,76,C
Phil Esposito,1970-71,28,76,76,78,C
Phil Esposito,1971-72,29,67,66,76,C
Phil Esposito,1972-73,30,75,55,78,C
Phil Esposito,1973-74,31,77,68,78,C
Phil Esposito,1974-75,32,66,61,79,C
Phil Esposito,1975-76,33,48,35,74,C
Phil Esposito,1975-76,33,10,6,12,C
Phil Esposito,1975-76,33,38,29,62,C
Phil Esposito,1976-77,34,46,34,80,C
Phil Esposito,1977-78,35,43,38,79,C
Phil Esposito,1978-79,36,36,42,80,C
Phil Esposito,1979-80,37,44,34,80,C
Phil Esposito,1980-81,38,13,7,41,C
Mike Gartner,1979-80,20,32,36,77,RW
Mike Gartner,1980-81,21,46,48,80,RW
Mike Gartner,1981-82,22,45,35,80,RW
Mike Gartner,1982-83,23,38,38,73,RW
Mike Gartner,1983-84,24,45,40,80,RW
Mike Gartner,1984-85,25,52,50,80,RW
Mike Gartner,1985-86,26,40,35,74,RW
Mike Gartner,1986-87,27,32,41,78,RW
Mike Gartner,1987-88,28,33,48,80,RW
Mike Gartner,1988-89,29,36,33,69,RW
Mike Gartner,1988-89,29,29,26,56,RW
Mike Gartner,1988-89,29,7,7,13,RW
Mike Gartner,1989-90,30,41,45,79,RW
Mike Gartner,1989-90,30,36,34,67,RW
Mike Gartner,1989-90,30,5,11,12,RW
Mike Gartner,1990-91,31,20,49,79,RW
Mike Gartner,1991-92,32,41,40,76,RW
Mike Gartner,1992-93,33,23,45,84,RW
Mike Gartner,1993-94,34,30,34,81,RW
Mike Gartner,1993-94,34,24,28,71,RW
Mike Gartner,1993-94,34,6,6,10,RW
Mike Gartner,1994-95,35,8,12,38,RW
Mike Gartner,1995-96,36,19,35,82,RW
Mike Gartner,1996-97,37,31,32,82,RW
Mike Gartner,1997-98,38,15,12,60,RW
Alex Ovechkin,2005-06,20,54,52,81,LW
Alex Ovechkin,2006-07,21,46,46,82,LW
Alex Ovechkin,2007-08,22,47,65,82,LW
Alex Ovechkin,2008-09,23,54,56,79,LW
Alex Ovechkin,2009-10,24,59,50,72,LW
Alex Ovechkin,2010-11,25,53,32,79,LW
Alex Ovechkin,2011-12,26,27,38,78,LW
Alex Ovechkin,2012-13,27,24,32,48,LW
Alex Ovechkin,2013-14,28,28,51,78,LW
Alex Ovechkin,2014-15,29,28,53,81,LW
Alex Ovechkin,2015-16,30,21,50,79,LW
Alex Ovechkin,2016-17,31,36,33,82,LW
Alex Ovechkin,2017-18,32,38,49,82,LW
Alex Ovechkin,2018-19,33,38,51,81,LW
Alex Ovechkin,2019-20,34,17,42,61,LW
Mark Messier,1979-80,19,21,12,75,LW
Mark Messier,1980-81,20,40,23,72,LW
Mark Messier,1981-82,21,38,50,78,LW
Mark Messier,1982-83,22,58,48,77,LW
Mark Messier,1983-84,23,64,37,73,LW
Mark Messier,1984-85,24,31,23,55,LW
Mark Messier,1985-86,25,49,35,63,LW
Mark Messier,1986-87,26,70,37,77,LW
Mark Messier,1987-88,27,74,37,77,LW
Mark Messier,1988-89,28,61,33,72,LW
Mark Messier,1989-90,29,84,45,79,LW
Mark Messier,1990-91,30,52,12,53,LW
Mark Messier,1991-92,31,72,35,79,LW
Mark Messier,1992-93,32,66,25,75,LW
Mark Messier,1993-94,33,58,26,76,LW
Mark Messier,1994-95,34,39,14,46,LW
Mark Messier,1995-96,35,52,47,74,LW
Mark Messier,1996-97,36,48,36,71,LW
Mark Messier,1997-98,37,38,22,82,LW
Mark Messier,1998-99,38,35,13,59,LW
Mark Messier,1999-00,39,37,17,66,LW
Mark Messier,2000-01,40,43,24,82,LW
Mark Messier,2001-02,41,16,7,41,LW
Mark Messier,2002-03,42,22,18,78,LW
Mark Messier,2003-04,43,25,18,76,LW
Steve Yzerman,1983-84,18,48,39,80,C
Steve Yzerman,1984-85,19,59,30,80,C
Steve Yzerman,1985-86,20,28,14,51,C
Steve Yzerman,1986-87,21,59,31,80,C
Steve Yzerman,1987-88,22,52,50,64,C
Steve Yzerman,1988-89,23,90,65,80,C
Steve Yzerman,1989-90,24,65,62,79,C
Steve Yzerman,1990-91,25,57,51,80,C
Steve Yzerman,1991-92,26,58,45,79,C
Steve Yzerman,1992-93,27,79,58,84,C
Steve Yzerman,1993-94,28,58,24,58,C
Steve Yzerman,1994-95,29,26,12,47,C
Steve Yzerman,1995-96,30,59,36,80,C
Steve Yzerman,1996-97,31,63,22,81,C
Steve Yzerman,1997-98,32,45,24,75,C
Steve Yzerman,1998-99,33,45,29,80,C
Steve Yzerman,1999-00,34,44,35,78,C
Steve Yzerman,2000-01,35,34,18,54,C
Steve Yzerman,2001-02,36,35,13,52,C
Steve Yzerman,2002-03,37,6,2,16,C
Steve Yzerman,2003-04,38,33,18,75,C
Steve Yzerman,2005-06,40,20,14,61,C
Mario Lemieux,1984-85,19,57,43,73,C
Mario Lemieux,1985-86,20,93,48,79,C
Mario Lemieux,1986-87,21,53,54,63,C
Mario Lemieux,1987-88,22,98,70,77,C
Mario Lemieux,1988-89,23,114,85,76,C
Mario Lemieux,1989-90,24,78,45,59,C
Mario Lemieux,1990-91,25,26,19,26,C
Mario Lemieux,1991-92,26,87,44,64,C
Mario Lemieux,1992-93,27,91,69,60,C
Mario Lemieux,1993-94,28,20,17,22,C
Mario Lemieux,1995-96,30,92,69,70,C
Mario Lemieux,1996-97,31,72,50,76,C
Mario Lemieux,2000-01,35,41,35,43,C
Mario Lemieux,2001-02,36,25,6,24,C
Mario Lemieux,2002-03,37,63,28,67,C
Mario Lemieux,2003-04,38,8,1,10,C
Mario Lemieux,2005-06,40,15,7,26,C
Teemu Selanne,1992-93,22,56,76,84,RW
Teemu Selanne,1993-94,23,29,25,51,RW
Teemu Selanne,1994-95,24,26,22,45,RW
Teemu Selanne,1995-96,25,68,40,79,RW
Teemu Selanne,1995-96,25,48,24,51,RW
Teemu Selanne,1995-96,25,20,16,28,RW
Teemu Selanne,1996-97,26,58,51,78,RW
Teemu Selanne,1997-98,27,34,52,73,RW
Teemu Selanne,1998-99,28,60,47,75,RW
Teemu Selanne,1999-00,29,52,33,79,RW
Teemu Selanne,2000-01,30,39,33,73,RW
Teemu Selanne,2000-01,30,33,26,61,RW
Teemu Selanne,2000-01,30,6,7,12,RW
Teemu Selanne,2001-02,31,25,29,82,RW
Teemu Selanne,2002-03,32,36,28,82,RW
Teemu Selanne,2003-04,33,16,16,78,RW
Teemu Selanne,2005-06,35,50,40,80,RW
Teemu Selanne,2006-07,36,46,48,82,RW
Teemu Selanne,2007-08,37,11,12,26,RW
Teemu Selanne,2008-09,38,27,27,65,RW
Teemu Selanne,2009-10,39,21,27,54,RW
Teemu Selanne,2010-11,40,49,31,73,RW
Teemu Selanne,2011-12,41,40,26,82,RW
Teemu Selanne,2012-13,42,12,12,46,RW
Teemu Selanne,2013-14,43,18,9,64,RW
Luc Robitaille,1986-87,20,39,45,79,LW
Luc Robitaille,1987-88,21,58,53,80,LW
Luc Robitaille,1988-89,22,52,46,78,LW
Luc Robitaille,1989-90,23,49,52,80,LW
Luc Robitaille,1990-91,24,46,45,76,LW
Luc Robitaille,1991-92,25,63,44,80,LW
Luc Robitaille,1992-93,26,62,63,84,LW
Luc Robitaille,1993-94,27,42,44,83,LW
Luc Robitaille,1994-95,28,19,23,46,LW
Luc Robitaille,1995-96,29,46,23,77,LW
Luc Robitaille,1996-97,30,24,24,69,LW
Luc Robitaille,1997-98,31,24,16,57,LW
Luc Robitaille,1998-99,32,35,39,82,LW
Luc Robitaille,1999-00,33,38,36,71,LW
Luc Robitaille,2000-01,34,51,37,82,LW
Luc Robitaille,2001-02,35,20,30,81,LW
Luc Robitaille,2002-03,36,20,11,81,LW
Luc Robitaille,2003-04,37,29,22,80,LW
Luc Robitaille,2005-06,39,9,15,65,LW
Brendan Shanahan,1987-88,19,19,7,65,LW
Brendan Shanahan,1988-89,20,28,22,68,LW
Brendan Shanahan,1989-90,21,42,30,73,LW
Brendan Shanahan,1990-91,22,37,29,75,LW
Brendan Shanahan,1991-92,23,36,33,80,LW
Brendan Shanahan,1992-93,24,43,51,71,LW
Brendan Shanahan,1993-94,25,50,52,81,LW
Brendan Shanahan,1994-95,26,21,20,45,LW
Brendan Shanahan,1995-96,27,34,44,74,LW
Brendan Shanahan,1996-97,28,41,47,81,LW
Brendan Shanahan,1996-97,28,0,1,2,LW
Brendan Shanahan,1996-97,28,41,46,79,LW
Brendan Shanahan,1997-98,29,29,28,75,LW
Brendan Shanahan,1998-99,30,27,31,81,LW
Brendan Shanahan,1999-00,31,37,41,78,LW
Brendan Shanahan,2000-01,32,45,31,81,LW
Brendan Shanahan,2001-02,33,38,37,80,LW
Brendan Shanahan,2002-03,34,38,30,78,LW
Brendan Shanahan,2003-04,35,28,25,82,LW
Brendan Shanahan,2005-06,37,41,40,82,LW
Brendan Shanahan,2006-07,38,33,29,67,LW
Brendan Shanahan,2007-08,39,23,23,73,LW
Brendan Shanahan,2008-09,40,8,6,34,LW
Dave Andreychuk,1982-83,19,23,14,43,LW
Dave Andreychuk,1983-84,20,42,38,78,LW
Dave Andreychuk,1984-85,21,30,31,64,LW
Dave Andreychuk,1985-86,22,51,36,80,LW
Dave Andreychuk,1986-87,23,48,25,77,LW
Dave Andreychuk,1987-88,24,48,30,80,LW
Dave Andreychuk,1988-89,25,24,28,56,LW
Dave Andreychuk,1989-90,26,42,40,73,LW
Dave Andreychuk,1990-91,27,33,36,80,LW
Dave Andreychuk,1991-92,28,50,41,80,LW
Dave Andreychuk,1992-93,29,45,54,83,LW
Dave Andreychuk,1992-93,29,32,29,52,LW
Dave Andreychuk,1992-93,29,13,25,31,LW
Dave Andreychuk,1993-94,30,46,53,83,LW
Dave Andreychuk,1994-95,31,16,22,48,LW
Dave Andreychuk,1995-96,32,29,28,76,LW
Dave Andreychuk,1995-96,32,24,20,61,LW
Dave Andreychuk,1995-96,32,5,8,15,LW
Dave Andreychuk,1996-97,33,34,27,82,LW
Dave Andreychuk,1997-98,34,34,14,75,LW
Dave Andreychuk,1998-99,35,13,15,52,LW
Dave Andreychuk,1999-00,36,16,20,77,LW
Dave Andreychuk,1999-00,36,14,19,63,LW
Dave Andreychuk,1999-00,36,2,1,14,LW
Dave Andreychuk,2000-01,37,13,20,74,LW
Dave Andreychuk,2001-02,38,17,21,82,LW
Dave Andreychuk,2002-03,39,14,20,72,LW
Dave Andreychuk,2003-04,40,18,21,82,LW
Dave Andreychuk,2005-06,42,12,6,42,LW
Jarome Iginla,1996-97,19,29,21,82,RW
Jarome Iginla,1997-98,20,19,13,70,RW
Jarome Iginla,1998-99,21,23,28,82,RW
Jarome Iginla,1999-00,22,34,29,77,RW
Jarome Iginla,2000-01,23,40,31,77,RW
Jarome Iginla,2001-02,24,44,52,82,RW
Jarome Iginla,2002-03,25,32,35,75,RW
Jarome Iginla,2003-04,26,32,41,81,RW
Jarome Iginla,2005-06,28,32,35,82,RW
Jarome Iginla,2006-07,29,55,39,70,RW
Jarome Iginla,2007-08,30,48,50,82,RW
Jarome Iginla,2008-09,31,54,35,82,RW
Jarome Iginla,2009-10,32,37,32,82,RW
Jarome Iginla,2010-11,33,43,43,82,RW
Jarome Iginla,2011-12,34,35,32,82,RW
Jarome Iginla,2012-13,35,19,14,44,RW
Jarome Iginla,2012-13,35,13,9,31,RW
Jarome Iginla,2012-13,35,6,5,13,RW
Jarome Iginla,2013-14,36,31,30,78,RW
Jarome Iginla,2014-15,37,30,29,82,RW
Jarome Iginla,2015-16,38,25,22,82,RW
Jarome Iginla,2016-17,39,13,14,80,RW
Jarome Iginla,2016-17,39,10,8,61,RW
Jarome Iginla,2016-17,39,3,6,19,RW
Joe Sakic,1988-89,19,39,23,70,C
Joe Sakic,1989-90,20,63,39,80,C
Joe Sakic,1990-91,21,61,48,80,C
Joe Sakic,1991-92,22,65,29,69,C
Joe Sakic,1992-93,23,57,48,78,C
Joe Sakic,1993-94,24,64,28,84,C
Joe Sakic,1994-95,25,43,19,47,C
Joe Sakic,1995-96,26,69,51,82,C
Joe Sakic,1996-97,27,52,22,65,C
Joe Sakic,1997-98,28,36,27,64,C
Joe Sakic,1998-99,29,55,41,73,C
Joe Sakic,1999-00,30,53,28,60,C
Joe Sakic,2000-01,31,64,54,82,C
Joe Sakic,2001-02,32,53,26,82,C
Joe Sakic,2002-03,33,32,26,58,C
Joe Sakic,2003-04,34,54,33,81,C
Joe Sakic,2005-06,36,55,32,82,C
Joe Sakic,2006-07,37,64,36,82,C
Joe Sakic,2007-08,38,27,13,44,C
Joe Sakic,2008-09,39,10,2,15,C
Bobby Hull,1957-58,19,34,13,70,LW
Bobby Hull,1958-59,20,32,18,70,LW
Bobby Hull,1959-60,21,42,39,70,LW
Bobby Hull,1960-61,22,25,31,67,LW
Bobby Hull,1961-62,23,34,50,70,LW
Bobby Hull,1962-63,24,31,31,65,LW
Bobby Hull,1963-64,25,44,43,70,LW
Bobby Hull,1964-65,26,32,39,61,LW
Bobby Hull,1965-66,27,43,54,65,LW
Bobby Hull,1966-67,28,28,52,66,LW
Bobby Hull,1967-68,29,31,44,71,LW
Bobby Hull,1968-69,30,49,58,74,LW
Bobby Hull,1969-70,31,29,38,61,LW
Bobby Hull,1970-71,32,52,44,78,LW
Bobby Hull,1971-72,33,43,50,78,LW
Bobby Hull,1979-80,41,11,6,27,LW
Bobby Hull,1979-80,41,6,4,18,LW
Bobby Hull,1979-80,41,5,2,9,LW
Dino Ciccarelli,1980-81,20,12,18,32,RW
Dino Ciccarelli,1981-82,21,51,55,76,RW
Dino Ciccarelli,1982-83,22,38,37,77,RW
Dino Ciccarelli,1983-84,23,33,38,79,RW
Dino Ciccarelli,1984-85,24,17,15,51,RW
Dino Ciccarelli,1985-86,25,45,44,75,RW
Dino Ciccarelli,1986-87,26,51,52,80,RW
Dino Ciccarelli,1987-88,27,45,41,67,RW
Dino Ciccarelli,1988-89,28,30,44,76,RW
Dino Ciccarelli,1988-89,28,27,32,65,RW
Dino Ciccarelli,1988-89,28,3,12,11,RW
Dino Ciccarelli,1989-90,29,38,41,80,RW
Dino Ciccarelli,1990-91,30,18,21,54,RW
Dino Ciccarelli,1991-92,31,38,38,78,RW
Dino Ciccarelli,1992-93,32,56,41,82,RW
Dino Ciccarelli,1993-94,33,29,28,66,RW
Dino Ciccarelli,1994-95,34,27,16,42,RW
Dino Ciccarelli,1995-96,35,21,22,64,RW
Dino Ciccarelli,1996-97,36,25,35,77,RW
Dino Ciccarelli,1997-98,37,17,16,62,RW
Dino Ciccarelli,1997-98,37,6,11,34,RW
Dino Ciccarelli,1997-98,37,11,5,28,RW
Dino Ciccarelli,1998-99,38,1,6,14,RW
Jari Kurri,1980-81,20,43,32,75,RW
Jari Kurri,1981-82,21,54,32,71,RW
Jari Kurri,1982-83,22,59,45,80,RW
Jari Kurri,1983-84,23,61,52,64,RW
Jari Kurri,1984-85,24,64,71,73,RW
Jari Kurri,1985-86,25,63,68,78,RW
Jari Kurri,1986-87,26,54,54,79,RW
Jari Kurri,1987-88,27,53,43,80,RW
Jari Kurri,1988-89,28,58,44,76,RW
Jari Kurri,1989-90,29,60,33,78,RW
Jari Kurri,1991-92,31,37,23,73,RW
Jari Kurri,1992-93,32,60,27,82,RW
Jari Kurri,1993-94,33,46,31,81,RW
Jari Kurri,1994-95,34,19,10,38,RW
Jari Kurri,1995-96,35,27,18,71,RW
Jari Kurri,1995-96,35,23,17,57,RW
Jari Kurri,1995-96,35,4,1,14,RW
Jari Kurri,1996-97,36,22,13,82,RW
Jari Kurri,1997-98,37,17,5,70,RW
Mark Recchi,1988-89,20,1,1,15,RW
Mark Recchi,1989-90,21,37,30,74,RW
Mark Recchi,1990-91,22,73,40,78,RW
Mark Recchi,1991-92,23,54,43,80,RW
Mark Recchi,1991-92,23,37,33,58,RW
Mark Recchi,1991-92,23,17,10,22,RW
Mark Recchi,1992-93,24,70,53,84,RW
Mark Recchi,1993-94,25,67,40,84,RW
Mark Recchi,1994-95,26,32,16,49,RW
Mark Recchi,1994-95,26,3,2,10,RW
Mark Recchi,1994-95,26,29,14,39,RW
Mark Recchi,1995-96,27,50,28,82,RW
Mark Recchi,1996-97,28,46,34,82,RW
Mark Recchi,1997-98,29,42,32,82,RW
Mark Recchi,1998-99,30,37,16,71,RW
Mark Recchi,1998-99,30,35,12,61,RW
Mark Recchi,1998-99,30,2,4,10,RW
Mark Recchi,1999-00,31,63,28,82,RW
Mark Recchi,2000-01,32,50,27,69,RW
Mark Recchi,2001-02,33,42,22,80,RW
Mark Recchi,2002-03,34,32,20,79,RW
Mark Recchi,2003-04,35,49,26,82,RW
Mark Recchi,2005-06,37,36,28,83,RW
Mark Recchi,2005-06,37,33,24,63,RW
Mark Recchi,2005-06,37,3,4,20,RW
Mark Recchi,2006-07,38,44,24,82,RW
Mark Recchi,2007-08,39,34,14,72,RW
Mark Recchi,2007-08,39,6,2,19,RW
Mark Recchi,2007-08,39,28,12,53,RW
Mark Recchi,2008-09,40,38,23,80,RW
Mark Recchi,2008-09,40,32,13,62,RW
Mark Recchi,2008-09,40,6,10,18,RW
Mark Recchi,2009-10,41,25,18,81,RW
Mark Recchi,2010-11,42,34,14,81,RW
Mike Bossy,1977-78,21,38,53,73,RW
Mike Bossy,1978-79,22,57,69,80,RW
Mike Bossy,1979-80,23,41,51,75,RW
Mike Bossy,1980-81,24,51,68,79,RW
Mike Bossy,1981-82,25,83,64,80,RW
Mike Bossy,1982-83,26,58,60,79,RW
Mike Bossy,1983-84,27,67,51,67,RW
Mike Bossy,1984-85,28,59,58,76,RW
Mike Bossy,1985-86,29,62,61,80,RW
Mike Bossy,1986-87,30,37,38,63,RW
Mats Sundin,1990-91,19,36,23,80,C
Mats Sundin,1991-92,20,43,33,80,C
Mats Sundin,1992-93,21,67,47,80,C
Mats Sundin,1993-94,22,53,32,84,C
Mats Sundin,1994-95,23,24,23,47,C
Mats Sundin,1995-96,24,50,33,76,C
Mats Sundin,1996-97,25,53,41,82,C
Mats Sundin,1997-98,26,41,33,82,C
Mats Sundin,1998-99,27,52,31,82,C
Mats Sundin,1999-00,28,41,32,73,C
Mats Sundin,2000-01,29,46,28,82,C
Mats Sundin,2001-02,30,39,41,82,C
Mats Sundin,2002-03,31,35,37,75,C
Mats Sundin,2003-04,32,44,31,81,C
Mats Sundin,2005-06,34,47,31,70,C
Mats Sundin,2006-07,35,49,27,75,C
Mats Sundin,2007-08,36,46,32,74,C
Mats Sundin,2008-09,37,19,9,41,C
Joe Nieuwendyk,1986-87,20,1,5,9,C
Joe Nieuwendyk,1987-88,21,41,51,75,C
Joe Nieuwendyk,1988-89,22,31,51,77,C
Joe Nieuwendyk,1989-90,23,50,45,79,C
Joe Nieuwendyk,1990-91,24,40,45,79,C
Joe Nieuwendyk,1991-92,25,34,22,69,C
Joe Nieuwendyk,1992-93,26,37,38,79,C
Joe Nieuwendyk,1993-94,27,39,36,64,C
Joe Nieuwendyk,1994-95,28,29,21,46,C
Joe Nieuwendyk,1995-96,29,18,14,52,C
Joe Nieuwendyk,1996-97,30,21,30,66,C
Joe Nieuwendyk,1997-98,31,30,39,73,C
Joe Nieuwendyk,1998-99,32,27,28,67,C
Joe Nieuwendyk,1999-00,33,19,15,48,C
Joe Nieuwendyk,2000-01,34,23,29,69,C
Joe Nieuwendyk,2001-02,35,33,25,81,C
Joe Nieuwendyk,2001-02,35,24,23,67,C
Joe Nieuwendyk,2001-02,35,9,2,14,C
Joe Nieuwendyk,2002-03,36,28,17,80,C
Joe Nieuwendyk,2003-04,37,28,22,64,C
Joe Nieuwendyk,2005-06,39,30,26,65,C
Joe Nieuwendyk,2006-07,40,3,5,15,C
Mike Modano,1989-90,19,46,29,80,C
Mike Modano,1990-91,20,36,28,79,C
Mike Modano,1991-92,21,44,33,76,C
Mike Modano,1992-93,22,60,33,82,C
Mike Modano,1993-94,23,43,50,76,C
Mike Modano,1994-95,24,17,12,30,C
Mike Modano,1995-96,25,45,36,78,C
Mike Modano,1996-97,26,48,35,80,C
Mike Modano,1997-98,27,38,21,52,C
Mike Modano,1998-99,28,47,34,77,C
Mike Modano,1999-00,29,43,38,77,C
Mike Modano,2000-01,30,51,33,81,C
Mike Modano,2001-02,31,43,34,78,C
Mike Modano,2002-03,32,57,28,79,C
Mike Modano,2003-04,33,30,14,76,C
Mike Modano,2005-06,35,50,27,78,C
Mike Modano,2006-07,36,21,22,59,C
Mike Modano,2007-08,37,36,21,82,C
Mike Modano,2008-09,38,31,15,80,C
Mike Modano,2009-10,39,16,14,59,C
Mike Modano,2010-11,40,11,4,40,C
Patrick Marleau,1997-98,18,19,13,74,C
Patrick Marleau,1998-99,19,24,21,81,C
Patrick Marleau,1999-00,20,23,17,81,C
Patrick Marleau,2000-01,21,27,25,81,C
Patrick Marleau,2001-02,22,23,21,79,C
Patrick Marleau,2002-03,23,29,28,82,C
Patrick Marleau,2003-04,24,29,28,80,C
Patrick Marleau,2005-06,26,52,34,82,C
Patrick Marleau,2006-07,27,46,32,77,C
Patrick Marleau,2007-08,28,29,19,78,C
Patrick Marleau,2008-09,29,33,38,76,C
Patrick Marleau,2009-10,30,39,44,82,C
Patrick Marleau,2010-11,31,36,37,82,C
Patrick Marleau,2011-12,32,34,30,82,C
Patrick Marleau,2012-13,33,14,17,48,C
Patrick Marleau,2013-14,34,37,33,82,C
Patrick Marleau,2014-15,35,38,19,82,C
Patrick Marleau,2015-16,36,23,25,82,C
Patrick Marleau,2016-17,37,19,27,82,C
Patrick Marleau,2017-18,38,20,27,82,C
Patrick Marleau,2018-19,39,21,16,82,C
Patrick Marleau,2019-20,40,10,10,58,C
Guy Lafleur,1971-72,20,35,29,73,RW
Guy Lafleur,1972-73,21,27,28,69,RW
Guy Lafleur,1973-74,22,35,21,73,RW
Guy Lafleur,1974-75,23,66,53,70,RW
Guy Lafleur,1975-76,24,69,56,80,RW
Guy Lafleur,1976-77,25,80,56,80,RW
Guy Lafleur,1977-78,26,72,60,78,RW
Guy Lafleur,1978-79,27,77,52,80,RW
Guy Lafleur,1979-80,28,75,50,74,RW
Guy Lafleur,1980-81,29,43,27,51,RW
Guy Lafleur,1981-82,30,57,27,66,RW
Guy Lafleur,1982-83,31,49,27,68,RW
Guy Lafleur,1983-84,32,40,30,80,RW
Guy Lafleur,1984-85,33,3,2,19,RW
Guy Lafleur,1988-89,37,27,18,67,RW
Guy Lafleur,1989-90,38,22,12,39,RW
Guy Lafleur,1990-91,39,16,12,59,RW
John Bucyk,1955-56,20,8,1,38,LW
John Bucyk,1956-57,21,11,10,66,LW
John Bucyk,1957-58,22,31,21,68,LW
John Bucyk,1958-59,23,36,24,69,LW
John Bucyk,1959-60,24,36,16,56,LW
John Bucyk,1960-61,25,20,19,70,LW
John Bucyk,1961-62,26,40,20,67,LW
John Bucyk,1962-63,27,39,27,69,LW
John Bucyk,1963-64,28,36,18,62,LW
John Bucyk,1964-65,29,29,26,68,LW
John Bucyk,1965-66,30,30,27,63,LW
John Bucyk,1966-67,31,30,18,59,LW
John Bucyk,1967-68,32,39,30,72,LW
John Bucyk,1968-69,33,42,24,70,LW
John Bucyk,1969-70,34,38,31,76,LW
John Bucyk,1970-71,35,65,51,78,LW
John Bucyk,1971-72,36,51,32,78,LW
John Bucyk,1972-73,37,53,40,78,LW
John Bucyk,1973-74,38,44,31,76,LW
John Bucyk,1974-75,39,52,29,78,LW
John Bucyk,1975-76,40,47,36,77,LW
John Bucyk,1976-77,41,23,20,49,LW
John Bucyk,1977-78,42,13,5,53,LW
Ron Francis,1981-82,18,43,25,59,C
Ron Francis,1982-83,19,59,31,79,C
Ron Francis,1983-84,20,60,23,72,C
Ron Francis,1984-85,21,57,24,80,C
Ron Francis,1985-86,22,53,24,53,C
Ron Francis,1986-87,23,63,30,75,C
Ron Francis,1987-88,24,50,25,80,C
Ron Francis,1988-89,25,48,29,69,C
Ron Francis,1989-90,26,69,32,80,C
Ron Francis,1990-91,27,64,23,81,C
Ron Francis,1990-91,27,55,21,67,C
Ron Francis,1990-91,27,9,2,14,C
Ron Francis,1991-92,28,33,21,70,C
Ron Francis,1992-93,29,76,24,84,C
Ron Francis,1993-94,30,66,27,82,C
Ron Francis,1994-95,31,48,11,44,C
Ron Francis,1995-96,32,92,27,77,C
Ron Francis,1996-97,33,63,27,81,C
Ron Francis,1997-98,34,62,25,81,C
Ron Francis,1998-99,35,31,21,82,C
Ron Francis,1999-00,36,50,23,78,C
Ron Francis,2000-01,37,50,15,82,C
Ron Francis,2001-02,38,50,27,80,C
Ron Francis,2002-03,39,35,22,82,C
Ron Francis,2003-04,40,27,13,80,C
Ron Francis,2003-04,40,20,10,68,C
Ron Francis,2003-04,40,7,3,12,C
Michel Goulet,1979-80,19,32,22,77,LW
Michel Goulet,1980-81,20,39,32,76,LW
Michel Goulet,1981-82,21,42,42,80,LW
Michel Goulet,1982-83,22,48,57,80,LW
Michel Goulet,1983-84,23,66,56,75,LW
Michel Goulet,1984-85,24,40,55,69,LW
Michel Goulet,1985-86,25,51,53,75,LW
Michel Goulet,1986-87,26,47,49,75,LW
Michel Goulet,1987-88,27,58,48,80,LW
Michel Goulet,1988-89,28,38,26,69,LW
Michel Goulet,1989-90,29,30,20,65,LW
Michel Goulet,1989-90,29,29,16,57,LW
Michel Goulet,1989-90,29,1,4,8,LW
Michel Goulet,1990-91,30,38,27,74,LW
Michel Goulet,1991-92,31,41,22,75,LW
Michel Goulet,1992-93,32,21,23,63,LW
Michel Goulet,1993-94,33,14,16,56,LW
Maurice Richard,1942-43,21,6,5,16,RW
Maurice Richard,1943-44,22,22,32,46,RW
Maurice Richard,1944-45,23,23,50,50,RW
Maurice Richard,1945-46,24,22,27,50,RW
Maurice Richard,1946-47,25,26,45,60,RW
Maurice Richard,1947-48,26,25,28,53,RW
Maurice Richard,1948-49,27,18,20,59,RW
Maurice Richard,1949-50,28,22,43,70,RW
Maurice Richard,1950-51,29,24,42,65,RW
Maurice Richard,1951-52,30,17,27,48,RW
Maurice Richard,1952-53,31,33,28,70,RW
Maurice Richard,1953-54,32,30,37,70,RW
Maurice Richard,1954-55,33,36,38,67,RW
Maurice Richard,1955-56,34,33,38,70,RW
Maurice Richard,1956-57,35,29,33,63,RW
Maurice Richard,1957-58,36,19,15,28,RW
Maurice Richard,1958-59,37,21,17,42,RW
Maurice Richard,1959-60,38,16,19,51,RW
Stan Mikita,1958-59,18,1,0,3,C
Stan Mikita,1959-60,19,18,8,67,C
Stan Mikita,1960-61,20,34,19,68,C
Stan Mikita,1961-62,21,52,25,70,C
Stan Mikita,1962-63,22,45,31,65,C
Stan Mikita,1963-64,23,50,39,70,C
Stan Mikita,1964-65,24,59,28,70,C
Stan Mikita,1965-66,25,48,30,68,C
Stan Mikita,1966-67,26,62,35,70,C
Stan Mikita,1967-68,27,47,40,72,C
Stan Mikita,1968-69,28,67,30,74,C
Stan Mikita,1969-70,29,47,39,76,C
Stan Mikita,1970-71,30,48,24,74,C
Stan Mikita,1971-72,31,39,26,74,C
Stan Mikita,1972-73,32,56,27,57,C
Stan Mikita,1973-74,33,50,30,76,C
Stan Mikita,1974-75,34,50,36,79,C
Stan Mikita,1975-76,35,41,16,48,C
Stan Mikita,1976-77,36,30,19,57,C
Stan Mikita,1977-78,37,41,18,76,C
Stan Mikita,1978-79,38,36,19,65,C
Stan Mikita,1979-80,39,5,2,17,C
Keith Tkachuk,1991-92,19,5,3,17,LW
Keith Tkachuk,1992-93,20,23,28,83,LW
Keith Tkachuk,1993-94,21,40,41,84,LW
Keith Tkachuk,1994-95,22,29,22,48,LW
Keith Tkachuk,1995-96,23,48,50,76,LW
Keith Tkachuk,1996-97,24,34,52,81,LW
Keith Tkachuk,1997-98,25,26,40,69,LW
Keith Tkachuk,1998-99,26,32,36,68,LW
Keith Tkachuk,1999-00,27,21,22,50,LW
Keith Tkachuk,2000-01,28,44,35,76,LW
Keith Tkachuk,2000-01,28,42,29,64,LW
Keith Tkachuk,2000-01,28,2,6,12,LW
Keith Tkachuk,2001-02,29,37,38,73,LW
Keith Tkachuk,2002-03,30,24,31,56,LW
Keith Tkachuk,2003-04,31,38,33,75,LW
Keith Tkachuk,2005-06,33,21,15,41,LW
Keith Tkachuk,2006-07,34,31,27,79,LW
Keith Tkachuk,2006-07,34,23,20,61,LW
Keith Tkachuk,2006-07,34,8,7,18,LW
Keith Tkachuk,2007-08,35,31,27,79,LW
Keith Tkachuk,2008-09,36,24,25,79,LW
Keith Tkachuk,2009-10,37,19,13,67,LW
Frank Mahovlich,1956-57,19,0,1,3,LW
Frank Mahovlich,1957-58,20,16,20,67,LW
Frank Mahovlich,1958-59,21,27,22,63,LW
Frank Mahovlich,1959-60,22,21,18,70,LW
Frank Mahovlich,1960-61,23,36,48,70,LW
Frank Mahovlich,1961-62,24,38,33,70,LW
Frank Mahovlich,1962-63,25,37,36,67,LW
Frank Mahovlich,1963-64,26,29,26,70,LW
Frank Mahovlich,1964-65,27,28,23,59,LW
Frank Mahovlich,1965-66,28,24,32,68,LW
Frank Mahovlich,1966-67,29,28,18,63,LW
Frank Mahovlich,1967-68,30,26,26,63,LW
Frank Mahovlich,1967-68,30,17,19,50,LW
Frank Mahovlich,1967-68,30,9,7,13,LW
Frank Mahovlich,1968-69,31,29,49,76,LW
Frank Mahovlich,1969-70,32,32,38,74,LW
Frank Mahovlich,1970-71,33,42,31,73,LW
Frank Mahovlich,1970-71,33,18,14,35,LW
Frank Mahovlich,1970-71,33,24,17,38,LW
Frank Mahovlich,1971-72,34,53,43,76,LW
Frank Mahovlich,1972-73,35,55,38,78,LW
Frank Mahovlich,1973-74,36,49,31,71,LW
Marian Hossa,1997-98,19,1,0,7,RW
Marian Hossa,1998-99,20,15,15,60,RW
Marian Hossa,1999-00,21,27,29,78,RW
Marian Hossa,2000-01,22,43,32,81,RW
Marian Hossa,2001-02,23,35,31,80,RW
Marian Hossa,2002-03,24,35,45,80,RW
Marian Hossa,2003-04,25,46,36,81,RW
Marian Hossa,2005-06,27,53,39,80,RW
Marian Hossa,2006-07,28,57,43,82,RW
Marian Hossa,2007-08,29,37,29,72,RW
Marian Hossa,2007-08,29,30,26,60,RW
Marian Hossa,2007-08,29,7,3,12,RW
Marian Hossa,2008-09,30,31,40,74,RW
Marian Hossa,2009-10,31,27,24,57,RW
Marian Hossa,2010-11,32,32,25,65,RW
Marian Hossa,2011-12,33,48,29,81,RW
Marian Hossa,2012-13,34,14,17,40,RW
Marian Hossa,2013-14,35,30,30,72,RW
Marian Hossa,2014-15,36,39,22,82,RW
Marian Hossa,2015-16,37,20,13,64,RW
Marian Hossa,2016-17,38,19,26,73,RW
Bryan Trottier,1975-76,19,63,32,80,C
Bryan Trottier,1976-77,20,42,30,76,C
Bryan Trottier,1977-78,21,77,46,77,C
Bryan Trottier,1978-79,22,87,47,76,C
Bryan Trottier,1979-80,23,62,42,78,C
Bryan Trottier,1980-81,24,72,31,73,C
Bryan Trottier,1981-82,25,79,50,80,C
Bryan Trottier,1982-83,26,55,34,80,C
Bryan Trottier,1983-84,27,71,40,68,C
Bryan Trottier,1984-85,28,31,28,68,C
Bryan Trottier,1985-86,29,59,37,78,C
Bryan Trottier,1986-87,30,64,23,80,C
Bryan Trottier,1987-88,31,52,30,77,C
Bryan Trottier,1988-89,32,28,17,73,C
Bryan Trottier,1989-90,33,11,13,59,C
Bryan Trottier,1990-91,34,19,9,52,C
Bryan Trottier,1991-92,35,18,11,63,C
Bryan Trottier,1993-94,37,11,4,41,C
Pat Verbeek,1982-83,18,2,3,6,NA
Pat Verbeek,1983-84,19,27,20,79,NA
Pat Verbeek,1984-85,20,18,15,78,NA
Pat Verbeek,1985-86,21,27,25,76,NA
Pat Verbeek,1986-87,22,24,35,74,NA
Pat Verbeek,1987-88,23,31,46,73,NA
Pat Verbeek,1988-89,24,21,26,77,NA
Pat Verbeek,1989-90,25,45,44,80,NA
Pat Verbeek,1990-91,26,39,43,80,NA
Pat Verbeek,1991-92,27,35,22,76,NA
Pat Verbeek,1992-93,28,43,39,84,NA
Pat Verbeek,1993-94,29,38,37,84,NA
Pat Verbeek,1994-95,30,16,17,48,NA
Pat Verbeek,1994-95,30,11,7,29,NA
Pat Verbeek,1994-95,30,5,10,19,NA
Pat Verbeek,1995-96,31,41,41,69,NA
Pat Verbeek,1996-97,32,36,17,81,NA
Pat Verbeek,1997-98,33,26,31,82,NA
Pat Verbeek,1998-99,34,17,17,78,NA
Pat Verbeek,1999-00,35,26,22,68,NA
Pat Verbeek,2000-01,36,15,15,67,NA
Pat Verbeek,2001-02,37,13,7,64,NA
Dale Hawerchuk,1981-82,18,58,45,80,C
Dale Hawerchuk,1982-83,19,51,40,79,C
Dale Hawerchuk,1983-84,20,65,37,80,C
Dale Hawerchuk,1984-85,21,77,53,80,C
Dale Hawerchuk,1985-86,22,59,46,80,C
Dale Hawerchuk,1986-87,23,53,47,80,C
Dale Hawerchuk,1987-88,24,77,44,80,C
Dale Hawerchuk,1988-89,25,55,41,75,C
Dale Hawerchuk,1989-90,26,55,26,79,C
Dale Hawerchuk,1990-91,27,58,31,80,C
Dale Hawerchuk,1991-92,28,75,23,77,C
Dale Hawerchuk,1992-93,29,80,16,81,C
Dale Hawerchuk,1993-94,30,51,35,81,C
Dale Hawerchuk,1994-95,31,11,5,23,C
Dale Hawerchuk,1995-96,32,44,17,82,C
Dale Hawerchuk,1995-96,32,28,13,66,C
Dale Hawerchuk,1995-96,32,16,4,16,C
Dale Hawerchuk,1996-97,33,22,12,51,C
Pierre Turgeon,1987-88,18,28,14,76,NA
Pierre Turgeon,1988-89,19,54,34,80,NA
Pierre Turgeon,1989-90,20,66,40,80,NA
Pierre Turgeon,1990-91,21,47,32,78,NA
Pierre Turgeon,1991-92,22,55,40,77,NA
Pierre Turgeon,1991-92,22,6,2,8,NA
Pierre Turgeon,1991-92,22,49,38,69,NA
Pierre Turgeon,1992-93,23,74,58,83,NA
Pierre Turgeon,1993-94,24,56,38,69,NA
Pierre Turgeon,1994-95,25,23,24,49,NA
Pierre Turgeon,1994-95,25,14,13,34,NA
Pierre Turgeon,1994-95,25,9,11,15,NA
Pierre Turgeon,1995-96,26,58,38,80,NA
Pierre Turgeon,1996-97,27,59,26,78,NA
Pierre Turgeon,1996-97,27,10,1,9,NA
Pierre Turgeon,1996-97,27,49,25,69,NA
Pierre Turgeon,1997-98,28,46,22,60,NA
Pierre Turgeon,1998-99,29,34,31,67,NA
Pierre Turgeon,1999-00,30,40,26,52,NA
Pierre Turgeon,2000-01,31,52,30,79,NA
Pierre Turgeon,2001-02,32,32,15,66,NA
Pierre Turgeon,2002-03,33,30,12,65,NA
Pierre Turgeon,2003-04,34,25,15,76,NA
Pierre Turgeon,2005-06,36,30,16,62,NA
Pierre Turgeon,2006-07,37,3,4,17,NA
Jeremy Roenick,1988-89,19,9,9,20,C
Jeremy Roenick,1989-90,20,40,26,78,C
Jeremy Roenick,1990-91,21,53,41,79,C
Jeremy Roenick,1991-92,22,50,53,80,C
Jeremy Roenick,1992-93,23,57,50,84,C
Jeremy Roenick,1993-94,24,61,46,84,C
Jeremy Roenick,1994-95,25,24,10,33,C
Jeremy Roenick,1995-96,26,35,32,66,C
Jeremy Roenick,1996-97,27,40,29,72,C
Jeremy Roenick,1997-98,28,32,24,79,C
Jeremy Roenick,1998-99,29,48,24,78,C
Jeremy Roenick,1999-00,30,44,34,75,C
Jeremy Roenick,2000-01,31,46,30,80,C
Jeremy Roenick,2001-02,32,46,21,75,C
Jeremy Roenick,2002-03,33,32,27,79,C
Jeremy Roenick,2003-04,34,28,19,62,C
Jeremy Roenick,2005-06,36,13,9,58,C
Jeremy Roenick,2006-07,37,17,11,70,C
Jeremy Roenick,2007-08,38,19,14,69,C
Jeremy Roenick,2008-09,39,9,4,42,C
Gilbert Perreault,1970-71,20,34,38,78,C
Gilbert Perreault,1971-72,21,48,26,76,C
Gilbert Perreault,1972-73,22,60,28,78,C
Gilbert Perreault,1973-74,23,33,18,55,C
Gilbert Perreault,1974-75,24,57,39,68,C
Gilbert Perreault,1975-76,25,69,44,80,C
Gilbert Perreault,1976-77,26,56,39,80,C
Gilbert Perreault,1977-78,27,48,41,79,C
Gilbert Perreault,1978-79,28,58,27,79,C
Gilbert Perreault,1979-80,29,66,40,80,C
Gilbert Perreault,1980-81,30,39,20,56,C
Gilbert Perreault,1981-82,31,42,31,62,C
Gilbert Perreault,1982-83,32,46,30,77,C
Gilbert Perreault,1983-84,33,59,31,73,C
Gilbert Perreault,1984-85,34,53,30,78,C
Gilbert Perreault,1985-86,35,39,21,72,C
Gilbert Perreault,1986-87,36,7,9,20,C
Jean Beliveau,1950-51,19,1,1,2,C
Jean Beliveau,1952-53,21,0,5,3,C
Jean Beliveau,1953-54,22,21,13,44,C
Jean Beliveau,1954-55,23,36,37,70,C
Jean Beliveau,1955-56,24,41,47,70,C
Jean Beliveau,1956-57,25,51,33,69,C
Jean Beliveau,1957-58,26,32,27,55,C
Jean Beliveau,1958-59,27,46,45,64,C
Jean Beliveau,1959-60,28,40,34,60,C
Jean Beliveau,1960-61,29,58,32,69,C
Jean Beliveau,1961-62,30,23,18,43,C
Jean Beliveau,1962-63,31,49,18,69,C
Jean Beliveau,1963-64,32,50,28,68,C
Jean Beliveau,1964-65,33,23,20,58,C
Jean Beliveau,1965-66,34,48,29,67,C
Jean Beliveau,1966-67,35,26,12,53,C
Jean Beliveau,1967-68,36,37,31,59,C
Jean Beliveau,1968-69,37,49,33,69,C
Jean Beliveau,1969-70,38,30,19,63,C
Jean Beliveau,1970-71,39,51,25,70,C
Peter Bondra,1990-91,22,16,12,54,RW
Peter Bondra,1991-92,23,28,28,71,RW
Peter Bondra,1992-93,24,48,37,83,RW
Peter Bondra,1993-94,25,19,24,69,RW
Peter Bondra,1994-95,26,9,34,47,RW
Peter Bondra,1995-96,27,28,52,67,RW
Peter Bondra,1996-97,28,31,46,77,RW
Peter Bondra,1997-98,29,26,52,76,RW
Peter Bondra,1998-99,30,24,31,66,RW
Peter Bondra,1999-00,31,17,21,62,RW
Peter Bondra,2000-01,32,36,45,82,RW
Peter Bondra,2001-02,33,31,39,77,RW
Peter Bondra,2002-03,34,26,30,76,RW
Peter Bondra,2003-04,35,23,26,77,RW
Peter Bondra,2003-04,35,14,21,54,RW
Peter Bondra,2003-04,35,9,5,23,RW
Peter Bondra,2005-06,37,18,21,60,RW
Peter Bondra,2006-07,38,9,5,37,RW
Joe Mullen,1981-82,24,34,25,45,RW
Joe Mullen,1982-83,25,30,17,49,RW
Joe Mullen,1983-84,26,44,41,80,RW
Joe Mullen,1984-85,27,52,40,79,RW
Joe Mullen,1985-86,28,46,44,77,RW
Joe Mullen,1985-86,28,24,28,48,RW
Joe Mullen,1985-86,28,22,16,29,RW
Joe Mullen,1986-87,29,40,47,79,RW
Joe Mullen,1987-88,30,44,40,80,RW
Joe Mullen,1988-89,31,59,51,79,RW
Joe Mullen,1989-90,32,33,36,78,RW
Joe Mullen,1990-91,33,22,17,47,RW
Joe Mullen,1991-92,34,45,42,77,RW
Joe Mullen,1992-93,35,37,33,72,RW
Joe Mullen,1993-94,36,32,38,84,RW
Joe Mullen,1994-95,37,21,16,45,RW
Joe Mullen,1995-96,38,7,8,37,RW
Joe Mullen,1996-97,39,15,7,54,RW
Lanny McDonald,1973-74,20,16,14,70,RW
Lanny McDonald,1974-75,21,27,17,64,RW
Lanny McDonald,1975-76,22,56,37,75,RW
Lanny McDonald,1976-77,23,44,46,80,RW
Lanny McDonald,1977-78,24,40,47,74,RW
Lanny McDonald,1978-79,25,42,43,79,RW
Lanny McDonald,1979-80,26,35,40,81,RW
Lanny McDonald,1979-80,26,15,15,35,RW
Lanny McDonald,1979-80,26,20,25,46,RW
Lanny McDonald,1980-81,27,46,35,80,RW
Lanny McDonald,1981-82,28,42,40,71,RW
Lanny McDonald,1981-82,28,9,6,16,RW
Lanny McDonald,1981-82,28,33,34,55,RW
Lanny McDonald,1982-83,29,32,66,80,RW
Lanny McDonald,1983-84,30,33,33,65,RW
Lanny McDonald,1984-85,31,18,19,43,RW
Lanny McDonald,1985-86,32,43,28,80,RW
Lanny McDonald,1986-87,33,12,14,58,RW
Lanny McDonald,1987-88,34,13,10,60,RW
Lanny McDonald,1988-89,35,7,11,51,RW
Glenn Anderson,1980-81,20,23,30,58,RW
Glenn Anderson,1981-82,21,67,38,80,RW
Glenn Anderson,1982-83,22,56,48,72,RW
Glenn Anderson,1983-84,23,45,54,80,RW
Glenn Anderson,1984-85,24,39,42,80,RW
Glenn Anderson,1985-86,25,48,54,72,RW
Glenn Anderson,1986-87,26,38,35,80,RW
Glenn Anderson,1987-88,27,50,38,80,RW
Glenn Anderson,1988-89,28,48,16,79,RW
Glenn Anderson,1989-90,29,38,34,73,RW
Glenn Anderson,1990-91,30,31,24,74,RW
Glenn Anderson,1991-92,31,33,24,72,RW
Glenn Anderson,1992-93,32,43,22,76,RW
Glenn Anderson,1993-94,33,20,21,85,RW
Glenn Anderson,1993-94,33,18,17,73,RW
Glenn Anderson,1993-94,33,2,4,12,RW
Glenn Anderson,1994-95,34,14,12,36,RW
Glenn Anderson,1995-96,35,8,6,32,RW
Glenn Anderson,1995-96,35,6,4,17,RW
Glenn Anderson,1995-96,35,2,2,15,RW
Jean Ratelle,1960-61,20,1,2,3,C
Jean Ratelle,1961-62,21,8,4,31,C
Jean Ratelle,1962-63,22,9,11,47,C
Jean Ratelle,1963-64,23,7,0,15,C
Jean Ratelle,1964-65,24,21,14,54,C
Jean Ratelle,1965-66,25,30,21,67,C
Jean Ratelle,1966-67,26,5,6,41,C
Jean Ratelle,1967-68,27,46,32,74,C
Jean Ratelle,1968-69,28,46,32,75,C
Jean Ratelle,1969-70,29,42,32,75,C
Jean Ratelle,1970-71,30,46,26,78,C
Jean Ratelle,1971-72,31,63,46,63,C
Jean Ratelle,1972-73,32,53,41,78,C
Jean Ratelle,1973-74,33,39,28,68,C
Jean Ratelle,1974-75,34,55,36,79,C
Jean Ratelle,1975-76,35,69,36,80,C
Jean Ratelle,1975-76,35,10,5,13,C
Jean Ratelle,1975-76,35,59,31,67,C
Jean Ratelle,1976-77,36,61,33,78,C
Jean Ratelle,1977-78,37,59,25,80,C
Jean Ratelle,1978-79,38,45,27,80,C
Jean Ratelle,1979-80,39,45,28,67,C
Jean Ratelle,1980-81,40,26,11,47,C
Norm Ullman,1955-56,20,9,9,66,C
Norm Ullman,1956-57,21,36,16,64,C
Norm Ullman,1957-58,22,28,23,69,C
Norm Ullman,1958-59,23,36,22,69,C
Norm Ullman,1959-60,24,34,24,70,C
Norm Ullman,1960-61,25,42,28,70,C
Norm Ullman,1961-62,26,38,26,70,C
Norm Ullman,1962-63,27,30,26,70,C
Norm Ullman,1963-64,28,30,21,61,C
Norm Ullman,1964-65,29,41,42,70,C
Norm Ullman,1965-66,30,41,31,70,C
Norm Ullman,1966-67,31,44,26,68,C
Norm Ullman,1967-68,32,37,35,71,C
Norm Ullman,1967-68,32,25,30,58,C
Norm Ullman,1967-68,32,12,5,13,C
Norm Ullman,1968-69,33,42,35,75,C
Norm Ullman,1969-70,34,42,18,74,C
Norm Ullman,1970-71,35,51,34,73,C
Norm Ullman,1971-72,36,50,23,77,C
Norm Ullman,1972-73,37,35,20,65,C
Norm Ullman,1973-74,38,47,22,78,C
Norm Ullman,1974-75,39,26,9,80,C
Brian Bellows,1982-83,18,30,35,78,NA
Brian Bellows,1983-84,19,42,41,78,NA
Brian Bellows,1984-85,20,36,26,78,NA
Brian Bellows,1985-86,21,48,31,77,NA
Brian Bellows,1986-87,22,27,26,65,NA
Brian Bellows,1987-88,23,41,40,77,NA
Brian Bellows,1988-89,24,27,23,60,NA
Brian Bellows,1989-90,25,44,55,80,NA
Brian Bellows,1990-91,26,40,35,80,NA
Brian Bellows,1991-92,27,45,30,80,NA
Brian Bellows,1992-93,28,48,40,82,NA
Brian Bellows,1993-94,29,38,33,77,NA
Brian Bellows,1994-95,30,8,8,41,NA
Brian Bellows,1995-96,31,26,23,79,NA
Brian Bellows,1996-97,32,15,16,69,NA
Brian Bellows,1996-97,32,2,1,7,NA
Brian Bellows,1996-97,32,13,15,62,NA
Brian Bellows,1997-98,33,3,6,11,NA
Brian Bellows,1998-99,34,19,17,76,NA
Darryl Sittler,1970-71,20,8,10,49,C
Darryl Sittler,1971-72,21,17,15,74,C
Darryl Sittler,1972-73,22,48,29,78,C
Darryl Sittler,1973-74,23,46,38,78,C
Darryl Sittler,1974-75,24,44,36,72,C
Darryl Sittler,1975-76,25,59,41,79,C
Darryl Sittler,1976-77,26,52,38,73,C
Darryl Sittler,1977-78,27,72,45,80,C
Darryl Sittler,1978-79,28,51,36,70,C
Darryl Sittler,1979-80,29,57,40,73,C
Darryl Sittler,1980-81,30,53,43,80,C
Darryl Sittler,1981-82,31,38,32,73,C
Darryl Sittler,1981-82,31,20,18,38,C
Darryl Sittler,1981-82,31,18,14,35,C
Darryl Sittler,1982-83,32,40,43,80,C
Darryl Sittler,1983-84,33,36,27,76,C
Darryl Sittler,1984-85,34,16,11,61,C
Sergei Fedorov,1990-91,21,48,31,77,C
Sergei Fedorov,1991-92,22,54,32,80,C
Sergei Fedorov,1992-93,23,53,34,73,C
Sergei Fedorov,1993-94,24,64,56,82,C
Sergei Fedorov,1994-95,25,30,20,42,C
Sergei Fedorov,1995-96,26,68,39,78,C
Sergei Fedorov,1996-97,27,33,30,74,C
Sergei Fedorov,1997-98,28,11,6,21,C
Sergei Fedorov,1998-99,29,37,26,77,C
Sergei Fedorov,1999-00,30,35,27,68,C
Sergei Fedorov,2000-01,31,37,32,75,C
Sergei Fedorov,2001-02,32,37,31,81,C
Sergei Fedorov,2002-03,33,47,36,80,C
Sergei Fedorov,2003-04,34,34,31,80,C
Sergei Fedorov,2005-06,36,32,12,67,C
Sergei Fedorov,2005-06,36,1,0,5,C
Sergei Fedorov,2005-06,36,31,12,62,C
Sergei Fedorov,2006-07,37,24,18,73,C
Sergei Fedorov,2007-08,38,30,11,68,C
Sergei Fedorov,2007-08,38,19,9,50,C
Sergei Fedorov,2007-08,38,11,2,18,C
Sergei Fedorov,2008-09,39,22,11,52,C
Bernie Nicholls,1981-82,20,18,14,22,C
Bernie Nicholls,1982-83,21,22,28,71,C
Bernie Nicholls,1983-84,22,54,41,78,C
Bernie Nicholls,1984-85,23,54,46,80,C
Bernie Nicholls,1985-86,24,61,36,80,C
Bernie Nicholls,1986-87,25,48,33,80,C
Bernie Nicholls,1987-88,26,46,32,65,C
Bernie Nicholls,1988-89,27,80,70,79,C
Bernie Nicholls,1989-90,28,73,39,79,C
Bernie Nicholls,1989-90,28,48,27,47,C
Bernie Nicholls,1989-90,28,25,12,32,C
Bernie Nicholls,1990-91,29,48,25,71,C
Bernie Nicholls,1991-92,30,29,20,50,C
Bernie Nicholls,1991-92,30,0,0,1,C
Bernie Nicholls,1991-92,30,29,20,49,C
Bernie Nicholls,1992-93,31,47,13,69,C
Bernie Nicholls,1992-93,31,32,8,46,C
Bernie Nicholls,1992-93,31,15,5,23,C
Bernie Nicholls,1993-94,32,27,19,61,C
Bernie Nicholls,1994-95,33,29,22,48,C
Bernie Nicholls,1995-96,34,41,19,59,C
Bernie Nicholls,1996-97,35,33,12,65,C
Bernie Nicholls,1997-98,36,22,6,60,C
Bernie Nicholls,1998-99,37,2,0,10,C
Denis Savard,1980-81,19,47,28,76,C
Denis Savard,1981-82,20,87,32,80,C
Denis Savard,1982-83,21,86,35,78,C
Denis Savard,1983-84,22,57,37,75,C
Denis Savard,1984-85,23,67,38,79,C
Denis Savard,1985-86,24,69,47,80,C
Denis Savard,1986-87,25,50,40,70,C
Denis Savard,1987-88,26,87,44,80,C
Denis Savard,1988-89,27,59,23,58,C
Denis Savard,1989-90,28,53,27,60,C
Denis Savard,1990-91,29,31,28,70,C
Denis Savard,1991-92,30,42,28,77,C
Denis Savard,1992-93,31,34,16,63,C
Denis Savard,1993-94,32,28,18,74,C
Denis Savard,1994-95,33,15,10,43,C
Denis Savard,1994-95,33,11,6,31,C
Denis Savard,1994-95,33,4,4,12,C
Denis Savard,1995-96,34,35,13,69,C
Denis Savard,1996-97,35,18,9,64,C
Alexander Mogilny,1989-90,20,28,15,65,NA
Alexander Mogilny,1990-91,21,34,30,62,NA
Alexander Mogilny,1991-92,22,45,39,67,NA
Alexander Mogilny,1992-93,23,51,76,77,NA
Alexander Mogilny,1993-94,24,47,32,66,NA
Alexander Mogilny,1994-95,25,28,19,44,NA
Alexander Mogilny,1995-96,26,52,55,79,NA
Alexander Mogilny,1996-97,27,42,31,76,NA
Alexander Mogilny,1997-98,28,27,18,51,NA
Alexander Mogilny,1998-99,29,31,14,59,NA
Alexander Mogilny,1999-00,30,20,24,59,NA
Alexander Mogilny,1999-00,30,17,21,47,NA
Alexander Mogilny,1999-00,30,3,3,12,NA
Alexander Mogilny,2000-01,31,40,43,75,NA
Alexander Mogilny,2001-02,32,33,24,66,NA
Alexander Mogilny,2002-03,33,46,33,73,NA
Alexander Mogilny,2003-04,34,22,8,37,NA
Alexander Mogilny,2005-06,36,13,12,34,NA
Pat LaFontaine,1983-84,18,6,13,15,C
Pat LaFontaine,1984-85,19,35,19,67,C
Pat LaFontaine,1985-86,20,23,30,65,C
Pat LaFontaine,1986-87,21,32,38,80,C
Pat LaFontaine,1987-88,22,45,47,75,C
Pat LaFontaine,1988-89,23,43,45,79,C
Pat LaFontaine,1989-90,24,51,54,74,C
Pat LaFontaine,1990-91,25,44,41,75,C
Pat LaFontaine,1991-92,26,47,46,57,C
Pat LaFontaine,1992-93,27,95,53,84,C
Pat LaFontaine,1993-94,28,13,5,16,C
Pat LaFontaine,1994-95,29,15,12,22,C
Pat LaFontaine,1995-96,30,51,40,76,C
Pat LaFontaine,1996-97,31,6,2,13,C
Pat LaFontaine,1997-98,32,39,23,67,C
Sidney Crosby,2005-06,18,63,39,81,C
Sidney Crosby,2006-07,19,84,36,79,C
Sidney Crosby,2007-08,20,48,24,53,C
Sidney Crosby,2008-09,21,70,33,77,C
Sidney Crosby,2009-10,22,58,51,81,C
Sidney Crosby,2010-11,23,34,32,41,C
Sidney Crosby,2011-12,24,29,8,22,C
Sidney Crosby,2012-13,25,41,15,36,C
Sidney Crosby,2013-14,26,68,36,80,C
Sidney Crosby,2014-15,27,56,28,77,C
Sidney Crosby,2015-16,28,49,36,80,C
Sidney Crosby,2016-17,29,45,44,75,C
Sidney Crosby,2017-18,30,60,29,82,C
Sidney Crosby,2018-19,31,65,35,79,C
Sidney Crosby,2019-20,32,28,13,33,C
Alex Delvecchio,1950-51,18,0,0,1,C
Alex Delvecchio,1951-52,19,22,15,65,C
Alex Delvecchio,1952-53,20,43,16,70,C
Alex Delvecchio,1953-54,21,18,11,69,C
Alex Delvecchio,1954-55,22,31,17,70,C
Alex Delvecchio,1955-56,23,26,25,70,C
Alex Delvecchio,1956-57,24,25,16,48,C
Alex Delvecchio,1957-58,25,38,21,70,C
Alex Delvecchio,1958-59,26,35,19,70,C
Alex Delvecchio,1959-60,27,28,19,70,C
Alex Delvecchio,1960-61,28,35,27,70,C
Alex Delvecchio,1961-62,29,43,26,70,C
Alex Delvecchio,1962-63,30,44,20,70,C
Alex Delvecchio,1963-64,31,30,23,70,C
Alex Delvecchio,1964-65,32,42,25,68,C
Alex Delvecchio,1965-66,33,38,31,70,C
Alex Delvecchio,1966-67,34,38,17,70,C
Alex Delvecchio,1967-68,35,48,22,74,C
Alex Delvecchio,1968-69,36,58,25,72,C
Alex Delvecchio,1969-70,37,47,21,73,C
Alex Delvecchio,1970-71,38,34,21,77,C
Alex Delvecchio,1971-72,39,45,20,75,C
Alex Delvecchio,1972-73,40,53,18,77,C
Alex Delvecchio,1973-74,41,4,1,11,C
Theoren Fleury,1988-89,20,20,14,36,RW
Theoren Fleury,1989-90,21,35,31,80,RW
Theoren Fleury,1990-91,22,53,51,79,RW
Theoren Fleury,1991-92,23,40,33,80,RW
Theoren Fleury,1992-93,24,66,34,83,RW
Theoren Fleury,1993-94,25,45,40,83,RW
Theoren Fleury,1994-95,26,29,29,47,RW
Theoren Fleury,1995-96,27,50,46,80,RW
Theoren Fleury,1996-97,28,38,29,81,RW
Theoren Fleury,1997-98,29,51,27,82,RW
Theoren Fleury,1998-99,30,53,40,75,RW
Theoren Fleury,1998-99,30,39,30,60,RW
Theoren Fleury,1998-99,30,14,10,15,RW
Theoren Fleury,1999-00,31,49,15,80,RW
Theoren Fleury,2000-01,32,44,30,62,RW
Theoren Fleury,2001-02,33,39,24,82,RW
Theoren Fleury,2002-03,34,21,12,54,RW
Rod Brind'Amour,1989-90,19,35,26,79,C
Rod Brind'Amour,1990-91,20,32,17,78,C
Rod Brind'Amour,1991-92,21,44,33,80,C
Rod Brind'Amour,1992-93,22,49,37,81,C
Rod Brind'Amour,1993-94,23,62,35,84,C
Rod Brind'Amour,1994-95,24,27,12,48,C
Rod Brind'Amour,1995-96,25,61,26,82,C
Rod Brind'Amour,1996-97,26,32,27,82,C
Rod Brind'Amour,1997-98,27,38,36,82,C
Rod Brind'Amour,1998-99,28,50,24,82,C
Rod Brind'Amour,1999-00,29,13,9,45,C
Rod Brind'Amour,1999-00,29,3,5,12,C
Rod Brind'Amour,1999-00,29,10,4,33,C
Rod Brind'Amour,2000-01,30,36,20,79,C
Rod Brind'Amour,2001-02,31,32,23,81,C
Rod Brind'Amour,2002-03,32,23,14,48,C
Rod Brind'Amour,2003-04,33,26,12,78,C
Rod Brind'Amour,2005-06,35,39,31,78,C
Rod Brind'Amour,2006-07,36,56,26,78,C
Rod Brind'Amour,2007-08,37,32,19,59,C
Rod Brind'Amour,2008-09,38,35,16,80,C
Rod Brind'Amour,2009-10,39,10,9,80,C
Peter Stastny,1980-81,24,70,39,77,C
Peter Stastny,1981-82,25,93,46,80,C
Peter Stastny,1982-83,26,77,47,75,C
Peter Stastny,1983-84,27,73,46,80,C
Peter Stastny,1984-85,28,68,32,75,C
Peter Stastny,1985-86,29,81,41,76,C
Peter Stastny,1986-87,30,53,24,64,C
Peter Stastny,1987-88,31,65,46,76,C
Peter Stastny,1988-89,32,50,35,72,C
Peter Stastny,1989-90,33,44,29,74,C
Peter Stastny,1989-90,33,38,24,62,C
Peter Stastny,1989-90,33,6,5,12,C
Peter Stastny,1990-91,34,42,18,77,C
Peter Stastny,1991-92,35,38,24,66,C
Peter Stastny,1992-93,36,23,17,62,C
Peter Stastny,1993-94,37,11,5,17,C
Peter Stastny,1994-95,38,1,1,6,C
Doug Gilmour,1983-84,20,28,25,80,C
Doug Gilmour,1984-85,21,36,21,78,C
Doug Gilmour,1985-86,22,28,25,74,C
Doug Gilmour,1986-87,23,63,42,80,C
Doug Gilmour,1987-88,24,50,36,72,C
Doug Gilmour,1988-89,25,59,26,72,C
Doug Gilmour,1989-90,26,67,24,78,C
Doug Gilmour,1990-91,27,61,20,78,C
Doug Gilmour,1991-92,28,61,26,78,C
Doug Gilmour,1991-92,28,27,11,38,C
Doug Gilmour,1991-92,28,34,15,40,C
Doug Gilmour,1992-93,29,95,32,83,C
Doug Gilmour,1993-94,30,84,27,83,C
Doug Gilmour,1994-95,31,23,10,44,C
Doug Gilmour,1995-96,32,40,32,81,C
Doug Gilmour,1996-97,33,60,22,81,C
Doug Gilmour,1996-97,33,45,15,61,C
Doug Gilmour,1996-97,33,15,7,20,C
Doug Gilmour,1997-98,34,40,13,63,C
Doug Gilmour,1998-99,35,40,16,72,C
Doug Gilmour,1999-00,36,48,25,74,C
Doug Gilmour,1999-00,36,34,22,63,C
Doug Gilmour,1999-00,36,14,3,11,C
Doug Gilmour,2000-01,37,31,7,71,C
Doug Gilmour,2001-02,38,31,10,70,C
Doug Gilmour,2002-03,39,19,11,62,C
Doug Gilmour,2002-03,39,19,11,61,C
Doug Gilmour,2002-03,39,0,0,1,C
Rick Middleton,1974-75,21,18,22,47,NA
Rick Middleton,1975-76,22,26,24,77,NA
Rick Middleton,1976-77,23,22,20,72,NA
Rick Middleton,1977-78,24,35,25,79,NA
Rick Middleton,1978-79,25,48,38,71,NA
Rick Middleton,1979-80,26,52,40,80,NA
Rick Middleton,1980-81,27,59,44,80,NA
Rick Middleton,1981-82,28,43,51,75,NA
Rick Middleton,1982-83,29,47,49,80,NA
Rick Middleton,1983-84,30,58,47,80,NA
Rick Middleton,1984-85,31,46,30,80,NA
Rick Middleton,1985-86,32,30,14,49,NA
Rick Middleton,1986-87,33,37,31,76,NA
Rick Middleton,1987-88,34,19,13,59,NA
Daniel Alfredsson,1995-96,23,35,26,82,RW
Daniel Alfredsson,1996-97,24,47,24,76,RW
Daniel Alfredsson,1997-98,25,28,17,55,RW
Daniel Alfredsson,1998-99,26,22,11,58,RW
Daniel Alfredsson,1999-00,27,38,21,57,RW
Daniel Alfredsson,2000-01,28,46,24,68,RW
Daniel Alfredsson,2001-02,29,34,37,78,RW
Daniel Alfredsson,2002-03,30,51,27,78,RW
Daniel Alfredsson,2003-04,31,48,32,77,RW
Daniel Alfredsson,2005-06,33,60,43,77,RW
Daniel Alfredsson,2006-07,34,58,29,77,RW
Daniel Alfredsson,2007-08,35,49,40,70,RW
Daniel Alfredsson,2008-09,36,50,24,79,RW
Daniel Alfredsson,2009-10,37,51,20,70,RW
Daniel Alfredsson,2010-11,38,17,14,54,RW
Daniel Alfredsson,2011-12,39,32,27,75,RW
Daniel Alfredsson,2012-13,40,16,10,47,RW
Daniel Alfredsson,2013-14,41,31,18,68,RW
Ilya Kovalchuk,2001-02,18,22,29,65,LW
Ilya Kovalchuk,2002-03,19,29,38,81,LW
Ilya Kovalchuk,2003-04,20,46,41,81,LW
Ilya Kovalchuk,2005-06,22,46,52,78,LW
Ilya Kovalchuk,2006-07,23,34,42,82,LW
Ilya Kovalchuk,2007-08,24,35,52,79,LW
Ilya Kovalchuk,2008-09,25,48,43,79,LW
Ilya Kovalchuk,2009-10,26,44,41,76,LW
Ilya Kovalchuk,2009-10,26,27,31,49,LW
Ilya Kovalchuk,2009-10,26,17,10,27,LW
Ilya Kovalchuk,2010-11,27,29,31,81,LW
Ilya Kovalchuk,2011-12,28,46,37,77,LW
Ilya Kovalchuk,2012-13,29,20,11,37,LW
Ilya Kovalchuk,2018-19,35,18,16,64,LW
Ilya Kovalchuk,2019-20,36,13,9,39,LW
Ilya Kovalchuk,2019-20,36,6,3,17,LW
Ilya Kovalchuk,2019-20,36,7,6,22,LW
Steve Larmer,1980-81,19,1,0,4,NA
Steve Larmer,1981-82,20,0,0,3,NA
Steve Larmer,1982-83,21,47,43,80,NA
Steve Larmer,1983-84,22,40,35,80,NA
Steve Larmer,1984-85,23,40,46,80,NA
Steve Larmer,1985-86,24,45,31,80,NA
Steve Larmer,1986-87,25,56,28,80,NA
Steve Larmer,1987-88,26,48,41,80,NA
Steve Larmer,1988-89,27,44,43,80,NA
Steve Larmer,1989-90,28,59,31,80,NA
Steve Larmer,1990-91,29,57,44,80,NA
Steve Larmer,1991-92,30,45,29,80,NA
Steve Larmer,1992-93,31,35,35,84,NA
Steve Larmer,1993-94,32,39,21,68,NA
Steve Larmer,1994-95,33,15,14,47,NA
Rick Vaive,1979-80,20,15,22,69,NA
Rick Vaive,1979-80,20,8,13,47,NA
Rick Vaive,1979-80,20,7,9,22,NA
Rick Vaive,1980-81,21,29,33,75,NA
Rick Vaive,1981-82,22,35,54,77,NA
Rick Vaive,1982-83,23,28,51,78,NA
Rick Vaive,1983-84,24,41,52,76,NA
Rick Vaive,1984-85,25,33,35,72,NA
Rick Vaive,1985-86,26,31,33,61,NA
Rick Vaive,1986-87,27,34,32,73,NA
Rick Vaive,1987-88,28,26,43,76,NA
Rick Vaive,1988-89,29,26,31,58,NA
Rick Vaive,1988-89,29,13,12,30,NA
Rick Vaive,1988-89,29,13,19,28,NA
Rick Vaive,1989-90,30,19,29,70,NA
Rick Vaive,1990-91,31,27,25,71,NA
Rick Vaive,1991-92,32,3,1,20,NA
Rick Tocchet,1984-85,20,25,14,75,NA
Rick Tocchet,1985-86,21,21,14,69,NA
Rick Tocchet,1986-87,22,28,21,69,NA
Rick Tocchet,1987-88,23,33,31,65,NA
Rick Tocchet,1988-89,24,36,45,66,NA
Rick Tocchet,1989-90,25,59,37,75,NA
Rick Tocchet,1990-91,26,31,40,70,NA
Rick Tocchet,1991-92,27,32,27,61,NA
Rick Tocchet,1991-92,27,16,13,42,NA
Rick Tocchet,1991-92,27,16,14,19,NA
Rick Tocchet,1992-93,28,61,48,80,NA
Rick Tocchet,1993-94,29,26,14,51,NA
Rick Tocchet,1994-95,30,17,18,36,NA
Rick Tocchet,1995-96,31,31,29,71,NA
Rick Tocchet,1995-96,31,23,13,44,NA
Rick Tocchet,1995-96,31,8,16,27,NA
Rick Tocchet,1996-97,32,19,21,53,NA
Rick Tocchet,1996-97,32,14,16,40,NA
Rick Tocchet,1996-97,32,5,5,13,NA
Rick Tocchet,1997-98,33,19,26,68,NA
Rick Tocchet,1998-99,34,30,26,81,NA
Rick Tocchet,1999-00,35,20,15,80,NA
Rick Tocchet,1999-00,35,17,12,64,NA
Rick Tocchet,1999-00,35,3,3,16,NA
Rick Tocchet,2000-01,36,22,14,60,NA
Rick Tocchet,2001-02,37,2,0,14,NA
Gary Roberts,1986-87,20,10,5,32,LW
Gary Roberts,1987-88,21,15,13,74,LW
Gary Roberts,1988-89,22,16,22,71,LW
Gary Roberts,1989-90,23,33,39,78,LW
Gary Roberts,1990-91,24,31,22,80,LW
Gary Roberts,1991-92,25,37,53,76,LW
Gary Roberts,1992-93,26,41,38,58,LW
Gary Roberts,1993-94,27,43,41,73,LW
Gary Roberts,1994-95,28,2,2,8,LW
Gary Roberts,1995-96,29,20,22,35,LW
Gary Roberts,1997-98,31,29,20,61,LW
Gary Roberts,1998-99,32,28,14,77,LW
Gary Roberts,1999-00,33,30,23,69,LW
Gary Roberts,2000-01,34,24,29,82,LW
Gary Roberts,2001-02,35,27,21,69,LW
Gary Roberts,2002-03,36,3,5,14,LW
Gary Roberts,2003-04,37,20,28,72,LW
Gary Roberts,2005-06,39,26,14,58,LW
Gary Roberts,2006-07,40,22,20,69,LW
Gary Roberts,2006-07,40,16,13,50,LW
Gary Roberts,2006-07,40,6,7,19,LW
Gary Roberts,2007-08,41,12,3,38,LW
Gary Roberts,2008-09,42,3,4,30,LW
Pavel Bure,1991-92,20,26,34,65,RW
Pavel Bure,1992-93,21,50,60,83,RW
Pavel Bure,1993-94,22,47,60,76,RW
Pavel Bure,1994-95,23,23,20,44,RW
Pavel Bure,1995-96,24,7,6,15,RW
Pavel Bure,1996-97,25,32,23,63,RW
Pavel Bure,1997-98,26,39,51,82,RW
Pavel Bure,1998-99,27,3,13,11,RW
Pavel Bure,1999-00,28,36,58,74,RW
Pavel Bure,2000-01,29,33,59,82,RW
Pavel Bure,2001-02,30,35,34,68,RW
Pavel Bure,2001-02,30,27,22,56,RW
Pavel Bure,2001-02,30,8,12,12,RW
Pavel Bure,2002-03,31,11,19,39,RW
Rick Nash,2002-03,18,22,17,74,LW
Rick Nash,2003-04,19,16,41,80,LW
Rick Nash,2005-06,21,23,31,54,LW
Rick Nash,2006-07,22,30,27,75,LW
Rick Nash,2007-08,23,31,38,80,LW
Rick Nash,2008-09,24,39,40,78,LW
Rick Nash,2009-10,25,34,33,76,LW
Rick Nash,2010-11,26,34,32,75,LW
Rick Nash,2011-12,27,29,30,82,LW
Rick Nash,2012-13,28,21,21,44,LW
Rick Nash,2013-14,29,13,26,65,LW
Rick Nash,2014-15,30,27,42,79,LW
Rick Nash,2015-16,31,21,15,60,LW
Rick Nash,2016-17,32,15,23,67,LW
Rick Nash,2017-18,33,13,21,71,LW
Rick Nash,2017-18,33,10,18,60,LW
Rick Nash,2017-18,33,3,3,11,LW
Eric Staal,2003-04,19,20,11,81,C
Eric Staal,2005-06,21,55,45,82,C
Eric Staal,2006-07,22,40,30,82,C
Eric Staal,2007-08,23,44,38,82,C
Eric Staal,2008-09,24,35,40,82,C
Eric Staal,2009-10,25,41,29,70,C
Eric Staal,2010-11,26,43,33,81,C
Eric Staal,2011-12,27,46,24,82,C
Eric Staal,2012-13,28,35,18,48,C
Eric Staal,2013-14,29,40,21,79,C
Eric Staal,2014-15,30,31,23,77,C
Eric Staal,2015-16,31,26,13,83,C
Eric Staal,2015-16,31,23,10,63,C
Eric Staal,2015-16,31,3,3,20,C
Eric Staal,2016-17,32,37,28,82,C
Eric Staal,2017-18,33,34,42,82,C
Eric Staal,2018-19,34,30,22,81,C
Eric Staal,2019-20,35,25,17,61,C
Vincent Damphousse,1986-87,19,25,21,80,NA
Vincent Damphousse,1987-88,20,36,12,75,NA
Vincent Damphousse,1988-89,21,42,26,80,NA
Vincent Damphousse,1989-90,22,61,33,80,NA
Vincent Damphousse,1990-91,23,47,26,79,NA
Vincent Damphousse,1991-92,24,51,38,80,NA
Vincent Damphousse,1992-93,25,58,39,84,NA
Vincent Damphousse,1993-94,26,51,40,84,NA
Vincent Damphousse,1994-95,27,30,10,48,NA
Vincent Damphousse,1995-96,28,56,38,80,NA
Vincent Damphousse,1996-97,29,54,27,82,NA
Vincent Damphousse,1997-98,30,41,18,76,NA
Vincent Damphousse,1998-99,31,30,19,77,NA
Vincent Damphousse,1998-99,31,24,12,65,NA
Vincent Damphousse,1998-99,31,6,7,12,NA
Vincent Damphousse,1999-00,32,49,21,82,NA
Vincent Damphousse,2000-01,33,37,9,45,NA
Vincent Damphousse,2001-02,34,38,20,82,NA
Vincent Damphousse,2002-03,35,38,23,82,NA
Vincent Damphousse,2003-04,36,29,12,82,NA
Dave Taylor,1977-78,22,21,22,64,RW
Dave Taylor,1978-79,23,48,43,78,RW
Dave Taylor,1979-80,24,53,37,61,RW
Dave Taylor,1980-81,25,65,47,72,RW
Dave Taylor,1981-82,26,67,39,78,RW
Dave Taylor,1982-83,27,37,21,46,RW
Dave Taylor,1983-84,28,49,20,63,RW
Dave Taylor,1984-85,29,51,41,79,RW
Dave Taylor,1985-86,30,38,33,76,RW
Dave Taylor,1986-87,31,44,18,67,RW
Dave Taylor,1987-88,32,41,26,68,RW
Dave Taylor,1988-89,33,37,26,70,RW
Dave Taylor,1989-90,34,26,15,58,RW
Dave Taylor,1990-91,35,30,23,73,RW
Dave Taylor,1991-92,36,19,10,77,RW
Dave Taylor,1992-93,37,9,6,48,RW
Dave Taylor,1993-94,38,3,4,33,RW
Alex Kovalev,1992-93,19,18,20,65,NA
Alex Kovalev,1993-94,20,33,23,76,NA
Alex Kovalev,1994-95,21,15,13,48,NA
Alex Kovalev,1995-96,22,34,24,81,NA
Alex Kovalev,1996-97,23,22,13,45,NA
Alex Kovalev,1997-98,24,30,23,73,NA
Alex Kovalev,1998-99,25,30,23,77,NA
Alex Kovalev,1998-99,25,4,3,14,NA
Alex Kovalev,1998-99,25,26,20,63,NA
Alex Kovalev,1999-00,26,40,26,82,NA
Alex Kovalev,2000-01,27,51,44,79,NA
Alex Kovalev,2001-02,28,44,32,67,NA
Alex Kovalev,2002-03,29,40,37,78,NA
Alex Kovalev,2002-03,29,37,27,54,NA
Alex Kovalev,2002-03,29,3,10,24,NA
Alex Kovalev,2003-04,30,31,14,78,NA
Alex Kovalev,2003-04,30,29,13,66,NA
Alex Kovalev,2003-04,30,2,1,12,NA
Alex Kovalev,2005-06,32,42,23,69,NA
Alex Kovalev,2006-07,33,29,18,73,NA
Alex Kovalev,2007-08,34,49,35,82,NA
Alex Kovalev,2008-09,35,39,26,78,NA
Alex Kovalev,2009-10,36,31,18,77,NA
Alex Kovalev,2010-11,37,18,16,74,NA
Alex Kovalev,2010-11,37,13,14,54,NA
Alex Kovalev,2010-11,37,5,2,20,NA
Alex Kovalev,2012-13,39,3,2,14,NA
Bill Guerin,1991-92,21,1,0,5,NA
Bill Guerin,1992-93,22,20,14,65,NA
Bill Guerin,1993-94,23,19,25,81,NA
Bill Guerin,1994-95,24,13,12,48,NA
Bill Guerin,1995-96,25,30,23,80,NA
Bill Guerin,1996-97,26,18,29,82,NA
Bill Guerin,1997-98,27,21,18,59,NA
Bill Guerin,1997-98,27,5,5,19,NA
Bill Guerin,1997-98,27,16,13,40,NA
Bill Guerin,1998-99,28,34,30,80,NA
Bill Guerin,1999-00,29,22,24,70,NA
Bill Guerin,2000-01,30,45,40,85,NA
Bill Guerin,2000-01,30,10,12,21,NA
Bill Guerin,2000-01,30,35,28,64,NA
Bill Guerin,2001-02,31,25,41,78,NA
Bill Guerin,2002-03,32,25,25,64,NA
Bill Guerin,2003-04,33,35,34,82,NA
Bill Guerin,2005-06,35,27,13,70,NA
Bill Guerin,2006-07,36,20,36,77,NA
Bill Guerin,2006-07,36,19,28,61,NA
Bill Guerin,2006-07,36,1,8,16,NA
Bill Guerin,2007-08,37,21,23,81,NA
Bill Guerin,2008-09,38,27,21,78,NA
Bill Guerin,2008-09,38,20,16,61,NA
Bill Guerin,2008-09,38,7,5,17,NA
Bill Guerin,2009-10,39,24,21,78,NA
Yvan Cournoyer,1963-64,20,0,4,5,RW
Yvan Cournoyer,1964-65,21,10,7,55,RW
Yvan Cournoyer,1965-66,22,11,18,65,RW
Yvan Cournoyer,1966-67,23,15,25,69,RW
Yvan Cournoyer,1967-68,24,32,28,64,RW
Yvan Cournoyer,1968-69,25,44,43,76,RW
Yvan Cournoyer,1969-70,26,36,27,72,RW
Yvan Cournoyer,1970-71,27,36,37,65,RW
Yvan Cournoyer,1971-72,28,36,47,73,RW
Yvan Cournoyer,1972-73,29,39,40,67,RW
Yvan Cournoyer,1973-74,30,33,40,67,RW
Yvan Cournoyer,1974-75,31,45,29,76,RW
Yvan Cournoyer,1975-76,32,36,32,71,RW
Yvan Cournoyer,1976-77,33,28,25,60,RW
Yvan Cournoyer,1977-78,34,29,24,68,RW
Yvan Cournoyer,1978-79,35,5,2,15,RW
Brian Propp,1979-80,20,41,34,80,LW
Brian Propp,1980-81,21,40,26,79,LW
Brian Propp,1981-82,22,47,44,80,LW
Brian Propp,1982-83,23,42,40,80,LW
Brian Propp,1983-84,24,53,39,79,LW
Brian Propp,1984-85,25,54,43,76,LW
Brian Propp,1985-86,26,57,40,72,LW
Brian Propp,1986-87,27,36,31,53,LW
Brian Propp,1987-88,28,49,27,74,LW
Brian Propp,1988-89,29,46,32,77,LW
Brian Propp,1989-90,30,24,16,54,LW
Brian Propp,1989-90,30,15,13,40,LW
Brian Propp,1989-90,30,9,3,14,LW
Brian Propp,1990-91,31,47,26,79,LW
Brian Propp,1991-92,32,23,12,51,LW
Brian Propp,1992-93,33,3,3,17,LW
Brian Propp,1993-94,34,17,12,65,LW
Steve Shutt,1972-73,20,8,8,50,LW
Steve Shutt,1973-74,21,20,15,70,LW
Steve Shutt,1974-75,22,35,30,77,LW
Steve Shutt,1975-76,23,34,45,80,LW
Steve Shutt,1976-77,24,45,60,80,LW
Steve Shutt,1977-78,25,37,49,80,LW
Steve Shutt,1978-79,26,40,37,72,LW
Steve Shutt,1979-80,27,42,47,77,LW
Steve Shutt,1980-81,28,38,35,77,LW
Steve Shutt,1981-82,29,24,31,57,LW
Steve Shutt,1982-83,30,22,35,78,LW
Steve Shutt,1983-84,31,23,14,63,LW
Steve Shutt,1984-85,32,25,18,69,LW
Steve Shutt,1984-85,32,0,2,10,LW
Steve Shutt,1984-85,32,25,16,59,LW
Steven Stamkos,2008-09,18,23,23,79,C
Steven Stamkos,2009-10,19,44,51,82,C
Steven Stamkos,2010-11,20,46,45,82,C
Steven Stamkos,2011-12,21,37,60,82,C
Steven Stamkos,2012-13,22,28,29,48,C
Steven Stamkos,2013-14,23,15,25,37,C
Steven Stamkos,2014-15,24,29,43,82,C
Steven Stamkos,2015-16,25,28,36,77,C
Steven Stamkos,2016-17,26,11,9,17,C
Steven Stamkos,2017-18,27,59,27,78,C
Steven Stamkos,2018-19,28,53,45,82,C
Steven Stamkos,2019-20,29,36,29,56,C
Owen Nolan,1990-91,18,10,3,59,RW
Owen Nolan,1991-92,19,31,42,75,RW
Owen Nolan,1992-93,20,41,36,73,RW
Owen Nolan,1993-94,21,2,2,6,RW
Owen Nolan,1994-95,22,19,30,46,RW
Owen Nolan,1995-96,23,36,33,81,RW
Owen Nolan,1995-96,23,4,4,9,RW
Owen Nolan,1995-96,23,32,29,72,RW
Owen Nolan,1996-97,24,32,31,72,RW
Owen Nolan,1997-98,25,27,14,75,RW
Owen Nolan,1998-99,26,26,19,78,RW
Owen Nolan,1999-00,27,40,44,78,RW
Owen Nolan,2000-01,28,25,24,57,RW
Owen Nolan,2001-02,29,43,23,75,RW
Owen Nolan,2002-03,30,25,29,75,RW
Owen Nolan,2002-03,30,20,22,61,RW
Owen Nolan,2002-03,30,5,7,14,RW
Owen Nolan,2003-04,31,29,19,65,RW
Owen Nolan,2006-07,34,24,16,76,RW
Owen Nolan,2007-08,35,16,16,77,RW
Owen Nolan,2008-09,36,20,25,59,RW
Owen Nolan,2009-10,37,17,16,73,RW
Vincent Lecavalier,1998-99,18,15,13,82,C
Vincent Lecavalier,1999-00,19,42,25,80,C
Vincent Lecavalier,2000-01,20,28,23,68,C
Vincent Lecavalier,2001-02,21,17,20,76,C
Vincent Lecavalier,2002-03,22,45,33,80,C
Vincent Lecavalier,2003-04,23,34,32,81,C
Vincent Lecavalier,2005-06,25,40,35,80,C
Vincent Lecavalier,2006-07,26,56,52,82,C
Vincent Lecavalier,2007-08,27,52,40,81,C
Vincent Lecavalier,2008-09,28,38,29,77,C
Vincent Lecavalier,2009-10,29,46,24,82,C
Vincent Lecavalier,2010-11,30,29,25,65,C
Vincent Lecavalier,2011-12,31,27,22,64,C
Vincent Lecavalier,2012-13,32,22,10,39,C
Vincent Lecavalier,2013-14,33,17,20,69,C
Vincent Lecavalier,2014-15,34,12,8,57,C
Vincent Lecavalier,2015-16,35,8,10,49,C
Vincent Lecavalier,2015-16,35,1,0,7,C
Vincent Lecavalier,2015-16,35,7,10,42,C
Stephane Richer,1984-85,18,0,0,1,NA
Stephane Richer,1985-86,19,16,21,65,NA
Stephane Richer,1986-87,20,19,20,57,NA
Stephane Richer,1987-88,21,28,50,72,NA
Stephane Richer,1988-89,22,35,25,68,NA
Stephane Richer,1989-90,23,40,51,75,NA
Stephane Richer,1990-91,24,30,31,75,NA
Stephane Richer,1991-92,25,35,29,74,NA
Stephane Richer,1992-93,26,35,38,78,NA
Stephane Richer,1993-94,27,36,36,80,NA
Stephane Richer,1994-95,28,16,23,45,NA
Stephane Richer,1995-96,29,12,20,73,NA
Stephane Richer,1996-97,30,24,22,63,NA
Stephane Richer,1997-98,31,15,14,40,NA
Stephane Richer,1997-98,31,4,5,14,NA
Stephane Richer,1997-98,31,11,9,26,NA
Stephane Richer,1998-99,32,21,12,64,NA
Stephane Richer,1999-00,33,22,15,56,NA
Stephane Richer,1999-00,33,5,7,20,NA
Stephane Richer,1999-00,33,17,8,36,NA
Stephane Richer,2001-02,35,14,14,68,NA
Stephane Richer,2001-02,35,12,13,58,NA
Stephane Richer,2001-02,35,2,1,10,NA
Steve Thomas,1984-85,21,1,1,18,NA
Steve Thomas,1985-86,22,37,20,65,NA
Steve Thomas,1986-87,23,27,35,78,NA
Steve Thomas,1987-88,24,13,13,30,NA
Steve Thomas,1988-89,25,19,21,45,NA
Steve Thomas,1989-90,26,30,40,76,NA
Steve Thomas,1990-91,27,35,19,69,NA
Steve Thomas,1991-92,28,48,30,82,NA
Steve Thomas,1991-92,28,6,2,11,NA
Steve Thomas,1991-92,28,42,28,71,NA
Steve Thomas,1992-93,29,50,37,79,NA
Steve Thomas,1993-94,30,33,42,78,NA
Steve Thomas,1994-95,31,15,11,47,NA
Steve Thomas,1995-96,32,35,26,81,NA
Steve Thomas,1996-97,33,19,15,57,NA
Steve Thomas,1997-98,34,10,14,55,NA
Steve Thomas,1998-99,35,45,28,78,NA
Steve Thomas,1999-00,36,37,26,81,NA
Steve Thomas,2000-01,37,26,8,57,NA
Steve Thomas,2001-02,38,4,11,34,NA
Steve Thomas,2002-03,39,16,14,81,NA
Steve Thomas,2002-03,39,13,4,69,NA
Steve Thomas,2002-03,39,3,10,12,NA
Steve Thomas,2003-04,40,12,10,44,NA
Bill Barber,1972-73,20,34,30,69,LW
Bill Barber,1973-74,21,35,34,75,LW
Bill Barber,1974-75,22,37,34,79,LW
Bill Barber,1975-76,23,62,50,80,LW
Bill Barber,1976-77,24,35,20,73,LW
Bill Barber,1977-78,25,31,41,80,LW
Bill Barber,1978-79,26,46,34,79,LW
Bill Barber,1979-80,27,32,40,79,LW
Bill Barber,1980-81,28,42,43,80,LW
Bill Barber,1981-82,29,44,45,80,LW
Bill Barber,1982-83,30,33,27,66,LW
Bill Barber,1983-84,31,32,22,63,LW
Jason Arnott,1993-94,19,35,33,78,NA
Jason Arnott,1994-95,20,22,15,42,NA
Jason Arnott,1995-96,21,31,28,64,NA
Jason Arnott,1996-97,22,38,19,67,NA
Jason Arnott,1997-98,23,23,10,70,NA
Jason Arnott,1997-98,23,13,5,35,NA
Jason Arnott,1997-98,23,10,5,35,NA
Jason Arnott,1998-99,24,27,27,74,NA
Jason Arnott,1999-00,25,34,22,76,NA
Jason Arnott,2000-01,26,34,21,54,NA
Jason Arnott,2001-02,27,20,25,73,NA
Jason Arnott,2001-02,27,19,22,63,NA
Jason Arnott,2001-02,27,1,3,10,NA
Jason Arnott,2002-03,28,24,23,72,NA
Jason Arnott,2003-04,29,36,21,73,NA
Jason Arnott,2005-06,31,44,32,81,NA
Jason Arnott,2006-07,32,27,27,68,NA
Jason Arnott,2007-08,33,44,28,79,NA
Jason Arnott,2008-09,34,24,33,65,NA
Jason Arnott,2009-10,35,27,19,63,NA
Jason Arnott,2010-11,36,14,17,73,NA
Jason Arnott,2010-11,36,11,13,62,NA
Jason Arnott,2010-11,36,3,4,11,NA
Jason Arnott,2011-12,37,17,17,72,NA
Joe Thornton,1997-98,18,4,3,55,C
Joe Thornton,1998-99,19,25,16,81,C
Joe Thornton,1999-00,20,37,23,81,C
Joe Thornton,2000-01,21,34,37,72,C
Joe Thornton,2001-02,22,46,22,66,C
Joe Thornton,2002-03,23,65,36,77,C
Joe Thornton,2003-04,24,50,23,77,C
Joe Thornton,2005-06,26,96,29,81,C
Joe Thornton,2005-06,26,24,9,23,C
Joe Thornton,2005-06,26,72,20,58,C
Joe Thornton,2006-07,27,92,22,82,C
Joe Thornton,2007-08,28,67,29,82,C
Joe Thornton,2008-09,29,61,25,82,C
Joe Thornton,2009-10,30,69,20,79,C
Joe Thornton,2010-11,31,49,21,80,C
Joe Thornton,2011-12,32,59,18,82,C
Joe Thornton,2012-13,33,33,7,48,C
Joe Thornton,2013-14,34,65,11,82,C
Joe Thornton,2014-15,35,49,16,78,C
Joe Thornton,2015-16,36,63,19,82,C
Joe Thornton,2016-17,37,43,7,79,C
Joe Thornton,2017-18,38,23,13,47,C
Joe Thornton,2018-19,39,35,16,73,C
Joe Thornton,2019-20,40,23,4,62,C
Tony Amonte,1991-92,21,34,35,79,NA
Tony Amonte,1992-93,22,43,33,83,NA
Tony Amonte,1993-94,23,25,17,79,NA
Tony Amonte,1993-94,23,22,16,72,NA
Tony Amonte,1993-94,23,3,1,7,NA
Tony Amonte,1994-95,24,20,15,48,NA
Tony Amonte,1995-96,25,32,31,81,NA
Tony Amonte,1996-97,26,36,41,81,NA
Tony Amonte,1997-98,27,42,31,82,NA
Tony Amonte,1998-99,28,31,44,82,NA
Tony Amonte,1999-00,29,41,43,82,NA
Tony Amonte,2000-01,30,29,35,82,NA
Tony Amonte,2001-02,31,39,27,82,NA
Tony Amonte,2002-03,32,31,20,72,NA
Tony Amonte,2002-03,32,23,13,59,NA
Tony Amonte,2002-03,32,8,7,13,NA
Tony Amonte,2003-04,33,33,20,80,NA
Tony Amonte,2005-06,35,28,14,80,NA
Tony Amonte,2006-07,36,20,10,81,NA
John MacLean,1983-84,19,0,1,23,RW
John MacLean,1984-85,20,20,13,61,RW
John MacLean,1985-86,21,36,21,74,RW
John MacLean,1986-87,22,36,31,80,RW
John MacLean,1987-88,23,16,23,76,RW
John MacLean,1988-89,24,45,42,74,RW
John MacLean,1989-90,25,38,41,80,RW
John MacLean,1990-91,26,33,45,78,RW
John MacLean,1992-93,28,24,24,80,RW
John MacLean,1993-94,29,33,37,80,RW
John MacLean,1994-95,30,12,17,46,RW
John MacLean,1995-96,31,28,20,76,RW
John MacLean,1996-97,32,25,29,80,RW
John MacLean,1997-98,33,27,16,77,RW
John MacLean,1997-98,33,8,3,26,RW
John MacLean,1997-98,33,19,13,51,RW
John MacLean,1998-99,34,27,28,82,RW
John MacLean,1999-00,35,24,18,77,RW
John MacLean,2000-01,36,2,4,30,RW
John MacLean,2000-01,36,0,0,2,RW
John MacLean,2000-01,36,2,4,28,RW
John MacLean,2001-02,37,3,3,20,RW
Garry Unger,1967-68,20,11,6,28,C
Garry Unger,1967-68,20,1,1,15,C
Garry Unger,1967-68,20,10,5,13,C
Garry Unger,1968-69,21,20,24,76,C
Garry Unger,1969-70,22,24,42,76,C
Garry Unger,1970-71,23,28,28,79,C
Garry Unger,1970-71,23,14,13,51,C
Garry Unger,1970-71,23,14,15,28,C
Garry Unger,1971-72,24,34,36,78,C
Garry Unger,1972-73,25,39,41,78,C
Garry Unger,1973-74,26,35,33,78,C
Garry Unger,1974-75,27,44,36,80,C
Garry Unger,1975-76,28,44,39,80,C
Garry Unger,1976-77,29,27,30,80,C
Garry Unger,1977-78,30,20,32,80,C
Garry Unger,1978-79,31,26,30,80,C
Garry Unger,1979-80,32,16,17,79,C
Garry Unger,1980-81,33,10,10,71,C
Garry Unger,1980-81,33,10,10,58,C
Garry Unger,1980-81,33,0,0,13,C
Garry Unger,1981-82,34,13,7,46,C
Garry Unger,1982-83,35,0,2,16,C
Evgeni Malkin,2006-07,20,52,33,78,C
Evgeni Malkin,2007-08,21,59,47,82,C
Evgeni Malkin,2008-09,22,78,35,82,C
Evgeni Malkin,2009-10,23,49,28,67,C
Evgeni Malkin,2010-11,24,22,15,43,C
Evgeni Malkin,2011-12,25,59,50,75,C
Evgeni Malkin,2012-13,26,24,9,31,C
Evgeni Malkin,2013-14,27,49,23,60,C
Evgeni Malkin,2014-15,28,42,28,69,C
Evgeni Malkin,2015-16,29,31,27,57,C
Evgeni Malkin,2016-17,30,39,33,62,C
Evgeni Malkin,2017-18,31,56,42,78,C
Evgeni Malkin,2018-19,32,51,21,68,C
Evgeni Malkin,2019-20,33,41,21,47,C
Ray Bourque,1979-80,19,48,17,80,D
Ray Bourque,1980-81,20,29,27,67,D
Ray Bourque,1981-82,21,49,17,65,D
Ray Bourque,1982-83,22,51,22,65,D
Ray Bourque,1983-84,23,65,31,78,D
Ray Bourque,1984-85,24,66,20,73,D
Ray Bourque,1985-86,25,58,19,74,D
Ray Bourque,1986-87,26,72,23,78,D
Ray Bourque,1987-88,27,64,17,78,D
Ray Bourque,1988-89,28,43,18,60,D
Ray Bourque,1989-90,29,65,19,76,D
Ray Bourque,1990-91,30,73,21,76,D
Ray Bourque,1991-92,31,60,21,80,D
Ray Bourque,1992-93,32,63,19,78,D
Ray Bourque,1993-94,33,71,20,72,D
Ray Bourque,1994-95,34,31,12,46,D
Ray Bourque,1995-96,35,62,20,82,D
Ray Bourque,1996-97,36,31,19,62,D
Ray Bourque,1997-98,37,35,13,82,D
Ray Bourque,1998-99,38,47,10,81,D
Ray Bourque,1999-00,39,34,18,79,D
Ray Bourque,1999-00,39,28,10,65,D
Ray Bourque,1999-00,39,6,8,14,D
Ray Bourque,2000-01,40,52,7,80,D
Patrik Elias,1995-96,19,0,0,1,LW
Patrik Elias,1996-97,20,3,2,17,LW
Patrik Elias,1997-98,21,19,18,74,LW
Patrik Elias,1998-99,22,33,17,74,LW
Patrik Elias,1999-00,23,37,35,72,LW
Patrik Elias,2000-01,24,56,40,82,LW
Patrik Elias,2001-02,25,32,29,75,LW
Patrik Elias,2002-03,26,29,28,81,LW
Patrik Elias,2003-04,27,43,38,82,LW
Patrik Elias,2005-06,29,29,16,38,LW
Patrik Elias,2006-07,30,48,21,75,LW
Patrik Elias,2007-08,31,35,20,74,LW
Patrik Elias,2008-09,32,47,31,77,LW
Patrik Elias,2009-10,33,29,19,58,LW
Patrik Elias,2010-11,34,41,21,81,LW
Patrik Elias,2011-12,35,52,26,81,LW
Patrik Elias,2012-13,36,22,14,48,LW
Patrik Elias,2013-14,37,35,18,65,LW
Patrik Elias,2014-15,38,21,13,69,LW
Patrik Elias,2015-16,39,6,2,16,LW
Ray Ferraro,1984-85,20,17,11,44,NA
Ray Ferraro,1985-86,21,47,30,76,NA
Ray Ferraro,1986-87,22,32,27,80,NA
Ray Ferraro,1987-88,23,29,21,68,NA
Ray Ferraro,1988-89,24,35,41,80,NA
Ray Ferraro,1989-90,25,29,25,79,NA
Ray Ferraro,1990-91,26,21,21,76,NA
Ray Ferraro,1990-91,26,5,2,15,NA
Ray Ferraro,1990-91,26,16,19,61,NA
Ray Ferraro,1991-92,27,40,40,80,NA
Ray Ferraro,1992-93,28,13,14,46,NA
Ray Ferraro,1993-94,29,32,21,82,NA
Ray Ferraro,1994-95,30,21,22,47,NA
Ray Ferraro,1995-96,31,31,29,76,NA
Ray Ferraro,1995-96,31,29,25,65,NA
Ray Ferraro,1995-96,31,2,4,11,NA
Ray Ferraro,1996-97,32,21,25,81,NA
Ray Ferraro,1997-98,33,9,6,40,NA
Ray Ferraro,1998-99,34,18,13,65,NA
Ray Ferraro,1999-00,35,25,19,81,NA
Ray Ferraro,2000-01,36,47,29,81,NA
Ray Ferraro,2001-02,37,23,14,76,NA
Ray Ferraro,2001-02,37,19,8,61,NA
Ray Ferraro,2001-02,37,4,6,15,NA
Marian Gaborik,2000-01,18,18,18,71,RW
Marian Gaborik,2001-02,19,37,30,78,RW
Marian Gaborik,2002-03,20,35,30,81,RW
Marian Gaborik,2003-04,21,22,18,65,RW
Marian Gaborik,2005-06,23,28,38,65,RW
Marian Gaborik,2006-07,24,27,30,48,RW
Marian Gaborik,2007-08,25,41,42,77,RW
Marian Gaborik,2008-09,26,10,13,17,RW
Marian Gaborik,2009-10,27,44,42,76,RW
Marian Gaborik,2010-11,28,26,22,62,RW
Marian Gaborik,2011-12,29,35,41,82,RW
Marian Gaborik,2012-13,30,15,12,47,RW
Marian Gaborik,2012-13,30,10,9,35,RW
Marian Gaborik,2012-13,30,5,3,12,RW
Marian Gaborik,2013-14,31,19,11,41,RW
Marian Gaborik,2013-14,31,8,6,22,RW
Marian Gaborik,2013-14,31,11,5,19,RW
Marian Gaborik,2014-15,32,20,27,69,RW
Marian Gaborik,2015-16,33,10,12,54,RW
Marian Gaborik,2016-17,34,11,10,56,RW
Marian Gaborik,2017-18,35,10,11,46,RW
Marian Gaborik,2017-18,35,7,7,30,RW
Marian Gaborik,2017-18,35,3,4,16,RW
John LeClair,1990-91,21,5,2,10,LW
John LeClair,1991-92,22,11,8,59,LW
John LeClair,1992-93,23,25,19,72,LW
John LeClair,1993-94,24,24,19,74,LW
John LeClair,1994-95,25,28,26,46,LW
John LeClair,1994-95,25,4,1,9,LW
John LeClair,1994-95,25,24,25,37,LW
John LeClair,1995-96,26,46,51,82,LW
John LeClair,1996-97,27,47,50,82,LW
John LeClair,1997-98,28,36,51,82,LW
John LeClair,1998-99,29,47,43,76,LW
John LeClair,1999-00,30,37,40,82,LW
John LeClair,2000-01,31,5,7,16,LW
John LeClair,2001-02,32,26,25,82,LW
John LeClair,2002-03,33,10,18,35,LW
John LeClair,2003-04,34,32,23,75,LW
John LeClair,2005-06,36,29,22,73,LW
John LeClair,2006-07,37,5,2,21,LW
Rod Gilbert,1960-61,19,1,0,1,RW
Rod Gilbert,1961-62,20,0,0,1,RW
Rod Gilbert,1962-63,21,20,11,70,RW
Rod Gilbert,1963-64,22,40,24,70,RW
Rod Gilbert,1964-65,23,36,25,70,RW
Rod Gilbert,1965-66,24,15,10,34,RW
Rod Gilbert,1966-67,25,18,28,64,RW
Rod Gilbert,1967-68,26,48,29,73,RW
Rod Gilbert,1968-69,27,49,28,66,RW
Rod Gilbert,1969-70,28,37,16,72,RW
Rod Gilbert,1970-71,29,31,30,78,RW
Rod Gilbert,1971-72,30,54,43,73,RW
Rod Gilbert,1972-73,31,59,25,76,RW
Rod Gilbert,1973-74,32,41,36,75,RW
Rod Gilbert,1974-75,33,61,36,76,RW
Rod Gilbert,1975-76,34,50,36,70,RW
Rod Gilbert,1976-77,35,48,27,77,RW
Rod Gilbert,1977-78,36,7,2,19,RW
Shane Doan,1995-96,19,10,7,74,RW
Shane Doan,1996-97,20,8,4,63,RW
Shane Doan,1997-98,21,6,5,33,RW
Shane Doan,1998-99,22,16,6,79,RW
Shane Doan,1999-00,23,25,26,81,RW
Shane Doan,2000-01,24,37,26,76,RW
Shane Doan,2001-02,25,29,20,81,RW
Shane Doan,2002-03,26,37,21,82,RW
Shane Doan,2003-04,27,41,27,79,RW
Shane Doan,2005-06,29,36,30,82,RW
Shane Doan,2006-07,30,28,27,73,RW
Shane Doan,2007-08,31,50,28,80,RW
Shane Doan,2008-09,32,42,31,82,RW
Shane Doan,2009-10,33,37,18,82,RW
Shane Doan,2010-11,34,40,20,72,RW
Shane Doan,2011-12,35,28,22,79,RW
Shane Doan,2012-13,36,14,13,48,RW
Shane Doan,2013-14,37,24,23,69,RW
Shane Doan,2014-15,38,22,14,79,RW
Shane Doan,2015-16,39,19,28,72,RW
Shane Doan,2016-17,40,21,6,74,RW
Paul Kariya,1994-95,20,21,18,47,LW
Paul Kariya,1995-96,21,58,50,82,LW
Paul Kariya,1996-97,22,55,44,69,LW
Paul Kariya,1997-98,23,14,17,22,LW
Paul Kariya,1998-99,24,62,39,82,LW
Paul Kariya,1999-00,25,44,42,74,LW
Paul Kariya,2000-01,26,34,33,66,LW
Paul Kariya,2001-02,27,25,32,82,LW
Paul Kariya,2002-03,28,56,25,82,LW
Paul Kariya,2003-04,29,25,11,51,LW
Paul Kariya,2005-06,31,54,31,82,LW
Paul Kariya,2006-07,32,52,24,82,LW
Paul Kariya,2007-08,33,49,16,82,LW
Paul Kariya,2008-09,34,13,2,11,LW
Paul Kariya,2009-10,35,25,18,75,LW
John Ogrodnick,1979-80,20,24,8,41,NA
John Ogrodnick,1980-81,21,35,35,80,NA
John Ogrodnick,1981-82,22,26,28,80,NA
John Ogrodnick,1982-83,23,44,41,80,NA
John Ogrodnick,1983-84,24,36,42,64,NA
John Ogrodnick,1984-85,25,50,55,79,NA
John Ogrodnick,1985-86,26,32,38,76,NA
John Ogrodnick,1986-87,27,44,23,71,NA
John Ogrodnick,1986-87,27,28,12,39,NA
John Ogrodnick,1986-87,27,16,11,32,NA
John Ogrodnick,1987-88,28,32,22,64,NA
John Ogrodnick,1988-89,29,29,13,60,NA
John Ogrodnick,1989-90,30,31,43,80,NA
John Ogrodnick,1990-91,31,23,31,79,NA
John Ogrodnick,1991-92,32,13,17,55,NA
John Ogrodnick,1992-93,33,6,6,19,NA
Paul Coffey,1980-81,19,23,9,74,D
Paul Coffey,1981-82,20,60,29,80,D
Paul Coffey,1982-83,21,67,29,80,D
Paul Coffey,1983-84,22,86,40,80,D
Paul Coffey,1984-85,23,84,37,80,D
Paul Coffey,1985-86,24,90,48,79,D
Paul Coffey,1986-87,25,50,17,59,D
Paul Coffey,1987-88,26,52,15,46,D
Paul Coffey,1988-89,27,83,30,75,D
Paul Coffey,1989-90,28,74,29,80,D
Paul Coffey,1990-91,29,69,24,76,D
Paul Coffey,1991-92,30,58,11,64,D
Paul Coffey,1991-92,30,54,10,54,D
Paul Coffey,1991-92,30,4,1,10,D
Paul Coffey,1992-93,31,75,12,80,D
Paul Coffey,1992-93,31,49,8,50,D
Paul Coffey,1992-93,31,26,4,30,D
Paul Coffey,1993-94,32,63,14,80,D
Paul Coffey,1994-95,33,44,14,45,D
Paul Coffey,1995-96,34,60,14,76,D
Paul Coffey,1996-97,35,25,9,57,D
Paul Coffey,1996-97,35,5,3,20,D
Paul Coffey,1996-97,35,20,6,37,D
Paul Coffey,1997-98,36,27,2,57,D
Paul Coffey,1998-99,37,12,2,54,D
Paul Coffey,1998-99,37,4,0,10,D
Paul Coffey,1998-99,37,8,2,44,D
Paul Coffey,1999-00,38,29,11,69,D
Paul Coffey,2000-01,39,4,0,18,D
Dave Keon,1960-61,20,25,20,70,C
Dave Keon,1961-62,21,35,26,64,C
Dave Keon,1962-63,22,28,28,68,C
Dave Keon,1963-64,23,37,23,70,C
Dave Keon,1964-65,24,29,21,65,C
Dave Keon,1965-66,25,30,24,69,C
Dave Keon,1966-67,26,33,19,66,C
Dave Keon,1967-68,27,37,11,67,C
Dave Keon,1968-69,28,34,27,75,C
Dave Keon,1969-70,29,30,32,72,C
Dave Keon,1970-71,30,38,38,76,C
Dave Keon,1971-72,31,30,18,72,C
Dave Keon,1972-73,32,36,37,76,C
Dave Keon,1973-74,33,28,25,74,C
Dave Keon,1974-75,34,43,16,78,C
Dave Keon,1979-80,39,52,10,76,C
Dave Keon,1980-81,40,34,13,80,C
Dave Keon,1981-82,41,11,8,78,C
Markus Naslund,1993-94,20,7,4,71,LW
Markus Naslund,1994-95,21,2,2,14,LW
Markus Naslund,1995-96,22,33,22,76,LW
Markus Naslund,1995-96,22,33,19,66,LW
Markus Naslund,1995-96,22,0,3,10,LW
Markus Naslund,1996-97,23,20,21,78,LW
Markus Naslund,1997-98,24,20,14,76,LW
Markus Naslund,1998-99,25,30,36,80,LW
Markus Naslund,1999-00,26,38,27,82,LW
Markus Naslund,2000-01,27,34,41,72,LW
Markus Naslund,2001-02,28,50,40,81,LW
Markus Naslund,2002-03,29,56,48,82,LW
Markus Naslund,2003-04,30,49,35,78,LW
Markus Naslund,2005-06,32,47,32,81,LW
Markus Naslund,2006-07,33,36,24,82,LW
Markus Naslund,2007-08,34,30,25,82,LW
Markus Naslund,2008-09,35,22,24,82,LW
Pierre Larouche,1974-75,19,37,31,79,NA
Pierre Larouche,1975-76,20,58,53,76,NA
Pierre Larouche,1976-77,21,34,29,65,NA
Pierre Larouche,1977-78,22,37,23,64,NA
Pierre Larouche,1977-78,22,5,6,20,NA
Pierre Larouche,1977-78,22,32,17,44,NA
Pierre Larouche,1978-79,23,13,9,36,NA
Pierre Larouche,1979-80,24,41,50,73,NA
Pierre Larouche,1980-81,25,28,25,61,NA
Pierre Larouche,1981-82,26,37,34,67,NA
Pierre Larouche,1981-82,26,12,9,22,NA
Pierre Larouche,1981-82,26,25,25,45,NA
Pierre Larouche,1982-83,27,22,18,38,NA
Pierre Larouche,1983-84,28,33,48,77,NA
Pierre Larouche,1984-85,29,36,24,65,NA
Pierre Larouche,1985-86,30,7,20,28,NA
Pierre Larouche,1986-87,31,35,28,73,NA
Pierre Larouche,1987-88,32,9,3,10,NA
Cam Neely,1983-84,18,15,16,56,RW
Cam Neely,1984-85,19,18,21,72,RW
Cam Neely,1985-86,20,20,14,73,RW
Cam Neely,1986-87,21,36,36,75,RW
Cam Neely,1987-88,22,27,42,69,RW
Cam Neely,1988-89,23,38,37,74,RW
Cam Neely,1989-90,24,37,55,76,RW
Cam Neely,1990-91,25,40,51,69,RW
Cam Neely,1991-92,26,3,9,9,RW
Cam Neely,1992-93,27,7,11,13,RW
Cam Neely,1993-94,28,24,50,49,RW
Cam Neely,1994-95,29,14,27,42,RW
Cam Neely,1995-96,30,20,26,49,RW
Tomas Sandstrom,1984-85,20,29,29,74,NA
Tomas Sandstrom,1985-86,21,29,25,73,NA
Tomas Sandstrom,1986-87,22,34,40,64,NA
Tomas Sandstrom,1987-88,23,40,28,69,NA
Tomas Sandstrom,1988-89,24,56,32,79,NA
Tomas Sandstrom,1989-90,25,39,32,76,NA
Tomas Sandstrom,1989-90,25,19,19,48,NA
Tomas Sandstrom,1989-90,25,20,13,28,NA
Tomas Sandstrom,1990-91,26,44,45,68,NA
Tomas Sandstrom,1991-92,27,22,17,49,NA
Tomas Sandstrom,1992-93,28,27,25,39,NA
Tomas Sandstrom,1993-94,29,35,23,78,NA
Tomas Sandstrom,1993-94,29,24,17,51,NA
Tomas Sandstrom,1993-94,29,11,6,27,NA
Tomas Sandstrom,1994-95,30,23,21,47,NA
Tomas Sandstrom,1995-96,31,35,35,58,NA
Tomas Sandstrom,1996-97,32,24,18,74,NA
Tomas Sandstrom,1996-97,32,15,9,40,NA
Tomas Sandstrom,1996-97,32,9,9,34,NA
Tomas Sandstrom,1997-98,33,8,9,77,NA
Tomas Sandstrom,1998-99,34,17,15,58,NA
Bernie Geoffrion,1950-51,19,6,8,18,RW
Bernie Geoffrion,1951-52,20,24,30,67,RW
Bernie Geoffrion,1952-53,21,17,22,65,RW
Bernie Geoffrion,1953-54,22,25,29,54,RW
Bernie Geoffrion,1954-55,23,37,38,70,RW
Bernie Geoffrion,1955-56,24,33,29,59,RW
Bernie Geoffrion,1956-57,25,21,19,41,RW
Bernie Geoffrion,1957-58,26,23,27,42,RW
Bernie Geoffrion,1958-59,27,44,22,59,RW
Bernie Geoffrion,1959-60,28,41,30,59,RW
Bernie Geoffrion,1960-61,29,45,50,64,RW
Bernie Geoffrion,1961-62,30,36,23,62,RW
Bernie Geoffrion,1962-63,31,18,23,51,RW
Bernie Geoffrion,1963-64,32,18,21,55,RW
Bernie Geoffrion,1966-67,35,25,17,58,RW
Bernie Geoffrion,1967-68,36,16,5,59,RW
Daniel Sedin,2000-01,20,14,20,75,LW
Daniel Sedin,2001-02,21,23,9,79,LW
Daniel Sedin,2002-03,22,17,14,79,LW
Daniel Sedin,2003-04,23,36,18,82,LW
Daniel Sedin,2005-06,25,49,22,82,LW
Daniel Sedin,2006-07,26,48,36,81,LW
Daniel Sedin,2007-08,27,45,29,82,LW
Daniel Sedin,2008-09,28,51,31,82,LW
Daniel Sedin,2009-10,29,56,29,63,LW
Daniel Sedin,2010-11,30,63,41,82,LW
Daniel Sedin,2011-12,31,37,30,72,LW
Daniel Sedin,2012-13,32,28,12,47,LW
Daniel Sedin,2013-14,33,31,16,73,LW
Daniel Sedin,2014-15,34,56,20,82,LW
Daniel Sedin,2015-16,35,33,28,82,LW
Daniel Sedin,2016-17,36,29,15,82,LW
Daniel Sedin,2017-18,37,32,23,81,LW
Martin St. Louis,1998-99,23,1,1,13,RW
Martin St. Louis,1999-00,24,15,3,56,RW
Martin St. Louis,2000-01,25,22,18,78,RW
Martin St. Louis,2001-02,26,19,16,53,RW
Martin St. Louis,2002-03,27,37,33,82,RW
Martin St. Louis,2003-04,28,56,38,82,RW
Martin St. Louis,2005-06,30,30,31,80,RW
Martin St. Louis,2006-07,31,59,43,82,RW
Martin St. Louis,2007-08,32,58,25,82,RW
Martin St. Louis,2008-09,33,50,30,82,RW
Martin St. Louis,2009-10,34,65,29,82,RW
Martin St. Louis,2010-11,35,68,31,82,RW
Martin St. Louis,2011-12,36,49,25,77,RW
Martin St. Louis,2012-13,37,43,17,48,RW
Martin St. Louis,2013-14,38,39,30,81,RW
Martin St. Louis,2013-14,38,32,29,62,RW
Martin St. Louis,2013-14,38,7,1,19,RW
Martin St. Louis,2014-15,39,31,21,74,RW
Dean Prentice,1952-53,20,3,6,55,NA
Dean Prentice,1953-54,21,13,4,52,NA
Dean Prentice,1954-55,22,15,16,70,NA
Dean Prentice,1955-56,23,18,24,70,NA
Dean Prentice,1956-57,24,23,19,68,NA
Dean Prentice,1957-58,25,9,13,38,NA
Dean Prentice,1958-59,26,33,17,70,NA
Dean Prentice,1959-60,27,34,32,70,NA
Dean Prentice,1960-61,28,25,20,56,NA
Dean Prentice,1961-62,29,38,22,68,NA
Dean Prentice,1962-63,30,34,19,68,NA
Dean Prentice,1962-63,30,25,13,49,NA
Dean Prentice,1962-63,30,9,6,19,NA
Dean Prentice,1963-64,31,16,23,70,NA
Dean Prentice,1964-65,32,9,14,31,NA
Dean Prentice,1965-66,33,31,13,69,NA
Dean Prentice,1965-66,33,22,7,50,NA
Dean Prentice,1965-66,33,9,6,19,NA
Dean Prentice,1966-67,34,22,23,68,NA
Dean Prentice,1967-68,35,38,17,69,NA
Dean Prentice,1968-69,36,20,14,74,NA
Dean Prentice,1969-70,37,25,26,75,NA
Dean Prentice,1970-71,38,17,21,69,NA
Dean Prentice,1971-72,39,27,20,71,NA
Dean Prentice,1972-73,40,16,26,73,NA
Dean Prentice,1973-74,41,3,2,24,NA
Jean Pronovost,1968-69,23,25,16,76,RW
Jean Pronovost,1969-70,24,21,20,72,RW
Jean Pronovost,1970-71,25,24,21,78,RW
Jean Pronovost,1971-72,26,23,30,68,RW
Jean Pronovost,1972-73,27,22,21,66,RW
Jean Pronovost,1973-74,28,32,40,77,RW
Jean Pronovost,1974-75,29,32,43,78,RW
Jean Pronovost,1975-76,30,52,52,80,RW
Jean Pronovost,1976-77,31,31,33,79,RW
Jean Pronovost,1977-78,32,25,40,79,RW
Jean Pronovost,1978-79,33,39,28,75,RW
Jean Pronovost,1979-80,34,19,24,80,RW
Jean Pronovost,1980-81,35,36,22,80,RW
Jean Pronovost,1981-82,36,2,1,10,RW
Ryan Smyth,1994-95,18,0,0,3,LW
Ryan Smyth,1995-96,19,9,2,48,LW
Ryan Smyth,1996-97,20,22,39,82,LW
Ryan Smyth,1997-98,21,13,20,65,LW
Ryan Smyth,1998-99,22,18,13,71,LW
Ryan Smyth,1999-00,23,26,28,82,LW
Ryan Smyth,2000-01,24,39,31,82,LW
Ryan Smyth,2001-02,25,35,15,61,LW
Ryan Smyth,2002-03,26,34,27,66,LW
Ryan Smyth,2003-04,27,36,23,82,LW
Ryan Smyth,2005-06,29,30,36,75,LW
Ryan Smyth,2006-07,30,32,36,71,LW
Ryan Smyth,2006-07,30,22,31,53,LW
Ryan Smyth,2006-07,30,10,5,18,LW
Ryan Smyth,2007-08,31,23,14,55,LW
Ryan Smyth,2008-09,32,33,26,77,LW
Ryan Smyth,2009-10,33,31,22,67,LW
Ryan Smyth,2010-11,34,24,23,82,LW
Ryan Smyth,2011-12,35,27,19,82,LW
Ryan Smyth,2012-13,36,11,2,47,LW
Ryan Smyth,2013-14,37,13,10,72,LW
Ray Whitney,1991-92,19,3,0,2,LW
Ray Whitney,1992-93,20,6,4,26,LW
Ray Whitney,1993-94,21,26,14,61,LW
Ray Whitney,1994-95,22,12,13,39,LW
Ray Whitney,1995-96,23,24,17,60,LW
Ray Whitney,1996-97,24,2,0,12,LW
Ray Whitney,1997-98,25,32,33,77,LW
Ray Whitney,1997-98,25,3,1,9,LW
Ray Whitney,1997-98,25,29,32,68,LW
Ray Whitney,1998-99,26,38,26,81,LW
Ray Whitney,1999-00,27,42,29,81,LW
Ray Whitney,2000-01,28,24,10,46,LW
Ray Whitney,2000-01,28,21,10,43,LW
Ray Whitney,2000-01,28,3,0,3,LW
Ray Whitney,2001-02,29,40,21,67,LW
Ray Whitney,2002-03,30,52,24,81,LW
Ray Whitney,2003-04,31,29,14,67,LW
Ray Whitney,2005-06,33,38,17,63,LW
Ray Whitney,2006-07,34,51,32,81,LW
Ray Whitney,2007-08,35,36,25,66,LW
Ray Whitney,2008-09,36,53,24,82,LW
Ray Whitney,2009-10,37,37,21,80,LW
Ray Whitney,2010-11,38,40,17,75,LW
Ray Whitney,2011-12,39,53,24,82,LW
Ray Whitney,2012-13,40,18,11,32,LW
Ray Whitney,2013-14,41,23,9,69,LW
Rick Martin,1971-72,20,30,44,73,LW
Rick Martin,1972-73,21,36,37,75,LW
Rick Martin,1973-74,22,34,52,78,LW
Rick Martin,1974-75,23,43,52,68,LW
Rick Martin,1975-76,24,37,49,80,LW
Rick Martin,1976-77,25,29,36,66,LW
Rick Martin,1977-78,26,35,28,65,LW
Rick Martin,1978-79,27,21,32,73,LW
Rick Martin,1979-80,28,34,45,80,LW
Rick Martin,1980-81,29,15,8,24,LW
Rick Martin,1980-81,29,14,7,23,LW
Rick Martin,1980-81,29,1,1,1,LW
Rick Martin,1981-82,30,3,1,3,LW
Patrick Kane,2007-08,19,51,21,82,RW
Patrick Kane,2008-09,20,45,25,80,RW
Patrick Kane,2009-10,21,58,30,82,RW
Patrick Kane,2010-11,22,46,27,73,RW
Patrick Kane,2011-12,23,43,23,82,RW
Patrick Kane,2012-13,24,32,23,47,RW
Patrick Kane,2013-14,25,40,29,69,RW
Patrick Kane,2014-15,26,37,27,61,RW
Patrick Kane,2015-16,27,60,46,82,RW
Patrick Kane,2016-17,28,55,34,82,RW
Patrick Kane,2017-18,29,49,27,82,RW
Patrick Kane,2018-19,30,66,44,81,RW
Patrick Kane,2019-20,31,50,27,62,RW
Jeff Carter,2005-06,21,19,23,81,C
Jeff Carter,2006-07,22,23,14,62,C
Jeff Carter,2007-08,23,24,29,82,C
Jeff Carter,2008-09,24,38,46,82,C
Jeff Carter,2009-10,25,28,33,74,C
Jeff Carter,2010-11,26,30,36,80,C
Jeff Carter,2011-12,27,13,21,55,C
Jeff Carter,2011-12,27,10,15,39,C
Jeff Carter,2011-12,27,3,6,16,C
Jeff Carter,2012-13,28,7,26,48,C
Jeff Carter,2013-14,29,23,27,72,C
Jeff Carter,2014-15,30,34,28,82,C
Jeff Carter,2015-16,31,38,24,77,C
Jeff Carter,2016-17,32,34,32,82,C
Jeff Carter,2017-18,33,9,13,27,C
Jeff Carter,2018-19,34,20,13,76,C
Jeff Carter,2019-20,35,10,17,60,C
Zach Parise,2005-06,21,18,14,81,LW
Zach Parise,2006-07,22,31,31,82,LW
Zach Parise,2007-08,23,33,32,81,LW
Zach Parise,2008-09,24,49,45,82,LW
Zach Parise,2009-10,25,44,38,81,LW
Zach Parise,2010-11,26,3,3,13,LW
Zach Parise,2011-12,27,38,31,82,LW
Zach Parise,2012-13,28,20,18,48,LW
Zach Parise,2013-14,29,27,29,67,LW
Zach Parise,2014-15,30,29,33,74,LW
Zach Parise,2015-16,31,28,25,70,LW
Zach Parise,2016-17,32,23,19,69,LW
Zach Parise,2017-18,33,9,15,42,LW
Zach Parise,2018-19,34,33,28,74,LW
Zach Parise,2019-20,35,16,21,61,LW
Reggie Leach,1970-71,20,4,2,23,NA
Reggie Leach,1971-72,21,20,13,73,NA
Reggie Leach,1971-72,21,13,7,56,NA
Reggie Leach,1971-72,21,7,6,17,NA
Reggie Leach,1972-73,22,12,23,76,NA
Reggie Leach,1973-74,23,24,22,78,NA
Reggie Leach,1974-75,24,33,45,80,NA
Reggie Leach,1975-76,25,30,61,80,NA
Reggie Leach,1976-77,26,14,32,77,NA
Reggie Leach,1977-78,27,28,24,72,NA
Reggie Leach,1978-79,28,20,34,76,NA
Reggie Leach,1979-80,29,26,50,76,NA
Reggie Leach,1980-81,30,36,34,79,NA
Reggie Leach,1981-82,31,21,26,66,NA
Reggie Leach,1982-83,32,17,15,78,NA
Ted Lindsay,1944-45,19,6,17,45,LW
Ted Lindsay,1945-46,20,10,7,47,LW
Ted Lindsay,1946-47,21,15,27,59,LW
Ted Lindsay,1947-48,22,19,33,60,LW
Ted Lindsay,1948-49,23,28,26,50,LW
Ted Lindsay,1949-50,24,55,23,69,LW
Ted Lindsay,1950-51,25,35,24,67,LW
Ted Lindsay,1951-52,26,39,30,70,LW
Ted Lindsay,1952-53,27,39,32,70,LW
Ted Lindsay,1953-54,28,36,26,70,LW
Ted Lindsay,1954-55,29,19,19,49,LW
Ted Lindsay,1955-56,30,23,27,67,LW
Ted Lindsay,1956-57,31,55,30,70,LW
Ted Lindsay,1957-58,32,24,15,68,LW
Ted Lindsay,1958-59,33,36,22,70,LW
Ted Lindsay,1959-60,34,19,7,68,LW
Ted Lindsay,1964-65,39,14,14,69,LW
Claude Lemieux,1983-84,18,1,1,8,NA
Claude Lemieux,1984-85,19,1,0,1,NA
Claude Lemieux,1985-86,20,2,1,10,NA
Claude Lemieux,1986-87,21,26,27,76,NA
Claude Lemieux,1987-88,22,30,31,78,NA
Claude Lemieux,1988-89,23,22,29,69,NA
Claude Lemieux,1989-90,24,10,8,39,NA
Claude Lemieux,1990-91,25,17,30,78,NA
Claude Lemieux,1991-92,26,27,41,74,NA
Claude Lemieux,1992-93,27,51,30,77,NA
Claude Lemieux,1993-94,28,26,18,79,NA
Claude Lemieux,1994-95,29,13,6,45,NA
Claude Lemieux,1995-96,30,32,39,79,NA
Claude Lemieux,1996-97,31,17,11,45,NA
Claude Lemieux,1997-98,32,27,26,78,NA
Claude Lemieux,1998-99,33,24,27,82,NA
Claude Lemieux,1999-00,34,27,20,83,NA
Claude Lemieux,1999-00,34,6,3,13,NA
Claude Lemieux,1999-00,34,21,17,70,NA
Claude Lemieux,2000-01,35,16,10,46,NA
Claude Lemieux,2001-02,36,25,16,82,NA
Claude Lemieux,2002-03,37,12,8,68,NA
Claude Lemieux,2002-03,37,8,6,36,NA
Claude Lemieux,2002-03,37,4,2,32,NA
Claude Lemieux,2008-09,43,1,0,18,NA
Corey Perry,2005-06,20,12,13,56,RW
Corey Perry,2006-07,21,27,17,82,RW
Corey Perry,2007-08,22,25,29,70,RW
Corey Perry,2008-09,23,40,32,78,RW
Corey Perry,2009-10,24,49,27,82,RW
Corey Perry,2010-11,25,48,50,82,RW
Corey Perry,2011-12,26,23,37,80,RW
Corey Perry,2012-13,27,21,15,44,RW
Corey Perry,2013-14,28,39,43,81,RW
Corey Perry,2014-15,29,22,33,67,RW
Corey Perry,2015-16,30,28,34,82,RW
Corey Perry,2016-17,31,34,19,82,RW
Corey Perry,2017-18,32,32,17,71,RW
Corey Perry,2018-19,33,4,6,31,RW
Corey Perry,2019-20,34,14,5,50,RW
Milan Hejduk,1998-99,22,34,14,82,RW
Milan Hejduk,1999-00,23,36,36,82,RW
Milan Hejduk,2000-01,24,38,41,80,RW
Milan Hejduk,2001-02,25,23,21,62,RW
Milan Hejduk,2002-03,26,48,50,82,RW
Milan Hejduk,2003-04,27,40,35,82,RW
Milan Hejduk,2005-06,29,34,24,74,RW
Milan Hejduk,2006-07,30,35,35,80,RW
Milan Hejduk,2007-08,31,25,29,77,RW
Milan Hejduk,2008-09,32,32,27,82,RW
Milan Hejduk,2009-10,33,21,23,56,RW
Milan Hejduk,2010-11,34,34,22,71,RW
Milan Hejduk,2011-12,35,23,14,81,RW
Milan Hejduk,2012-13,36,7,4,29,RW
Butch Goring,1969-70,20,23,13,59,C
Butch Goring,1970-71,21,5,2,19,C
Butch Goring,1971-72,22,29,21,74,C
Butch Goring,1972-73,23,31,28,67,C
Butch Goring,1973-74,24,33,28,70,C
Butch Goring,1974-75,25,33,27,60,C
Butch Goring,1975-76,26,40,33,80,C
Butch Goring,1976-77,27,55,30,78,C
Butch Goring,1977-78,28,36,37,80,C
Butch Goring,1978-79,29,51,36,80,C
Butch Goring,1979-80,30,53,26,81,C
Butch Goring,1979-80,30,48,20,69,C
Butch Goring,1979-80,30,5,6,12,C
Butch Goring,1980-81,31,37,23,78,C
Butch Goring,1981-82,32,17,15,67,C
Butch Goring,1982-83,33,20,19,75,C
Butch Goring,1983-84,34,24,22,71,C
Butch Goring,1984-85,35,26,15,68,C
Butch Goring,1984-85,35,5,2,29,C
Butch Goring,1984-85,35,21,13,39,C
Trevor Linden,1988-89,18,29,30,80,RW
Trevor Linden,1989-90,19,30,21,73,RW
Trevor Linden,1990-91,20,37,33,80,RW
Trevor Linden,1991-92,21,44,31,80,RW
Trevor Linden,1992-93,22,39,33,84,RW
Trevor Linden,1993-94,23,29,32,84,RW
Trevor Linden,1994-95,24,22,18,48,RW
Trevor Linden,1995-96,25,47,33,82,RW
Trevor Linden,1996-97,26,31,9,49,RW
Trevor Linden,1997-98,27,21,17,67,RW
Trevor Linden,1997-98,27,14,7,42,RW
Trevor Linden,1997-98,27,7,10,25,RW
Trevor Linden,1998-99,28,29,18,82,RW
Trevor Linden,1999-00,29,17,13,50,RW
Trevor Linden,2000-01,30,22,15,69,RW
Trevor Linden,2000-01,30,21,12,57,RW
Trevor Linden,2000-01,30,1,3,12,RW
Trevor Linden,2001-02,31,24,13,80,RW
Trevor Linden,2001-02,31,2,1,16,RW
Trevor Linden,2001-02,31,22,12,64,RW
Trevor Linden,2002-03,32,22,19,71,RW
Trevor Linden,2003-04,33,22,14,82,RW
Trevor Linden,2005-06,35,9,7,82,RW
Trevor Linden,2006-07,36,13,12,80,RW
Trevor Linden,2007-08,37,5,7,59,RW
Thomas Vanek,2005-06,22,23,25,81,LW
Thomas Vanek,2006-07,23,41,43,82,LW
Thomas Vanek,2007-08,24,28,36,82,LW
Thomas Vanek,2008-09,25,24,40,73,LW
Thomas Vanek,2009-10,26,25,28,71,LW
Thomas Vanek,2010-11,27,41,32,80,LW
Thomas Vanek,2011-12,28,35,26,78,LW
Thomas Vanek,2012-13,29,21,20,38,LW
Thomas Vanek,2013-14,30,41,27,78,LW
Thomas Vanek,2013-14,30,5,4,13,LW
Thomas Vanek,2013-14,30,27,17,47,LW
Thomas Vanek,2013-14,30,9,6,18,LW
Thomas Vanek,2014-15,31,31,21,80,LW
Thomas Vanek,2015-16,32,23,18,74,LW
Thomas Vanek,2016-17,33,31,17,68,LW
Thomas Vanek,2016-17,33,23,15,48,LW
Thomas Vanek,2016-17,33,8,2,20,LW
Thomas Vanek,2017-18,34,32,24,80,LW
Thomas Vanek,2017-18,34,24,17,61,LW
Thomas Vanek,2017-18,34,8,7,19,LW
Thomas Vanek,2018-19,35,20,16,64,LW
Dany Heatley,2001-02,21,41,26,82,LW
Dany Heatley,2002-03,22,48,41,77,LW
Dany Heatley,2003-04,23,12,13,31,LW
Dany Heatley,2005-06,25,53,50,82,LW
Dany Heatley,2006-07,26,55,50,82,LW
Dany Heatley,2007-08,27,41,41,71,LW
Dany Heatley,2008-09,28,33,39,82,LW
Dany Heatley,2009-10,29,43,39,82,LW
Dany Heatley,2010-11,30,38,26,80,LW
Dany Heatley,2011-12,31,29,24,82,LW
Dany Heatley,2012-13,32,10,11,36,LW
Dany Heatley,2013-14,33,16,12,76,LW
Dany Heatley,2014-15,34,0,0,6,LW
Eric Lindros,1992-93,19,34,41,61,C
Eric Lindros,1993-94,20,53,44,65,C
Eric Lindros,1994-95,21,41,29,46,C
Eric Lindros,1995-96,22,68,47,73,C
Eric Lindros,1996-97,23,47,32,52,C
Eric Lindros,1997-98,24,41,30,63,C
Eric Lindros,1998-99,25,53,40,71,C
Eric Lindros,1999-00,26,32,27,55,C
Eric Lindros,2001-02,28,36,37,72,C
Eric Lindros,2002-03,29,34,19,81,C
Eric Lindros,2003-04,30,22,10,39,C
Eric Lindros,2005-06,32,11,11,33,C
Eric Lindros,2006-07,33,21,5,49,C
Rick Kehoe,1971-72,20,8,8,38,RW
Rick Kehoe,1972-73,21,42,33,77,RW
Rick Kehoe,1973-74,22,22,18,69,RW
Rick Kehoe,1974-75,23,31,32,76,RW
Rick Kehoe,1975-76,24,47,29,71,RW
Rick Kehoe,1976-77,25,27,30,80,RW
Rick Kehoe,1977-78,26,21,29,70,RW
Rick Kehoe,1978-79,27,18,27,57,RW
Rick Kehoe,1979-80,28,30,30,79,RW
Rick Kehoe,1980-81,29,33,55,80,RW
Rick Kehoe,1981-82,30,52,33,71,RW
Rick Kehoe,1982-83,31,36,29,75,RW
Rick Kehoe,1983-84,32,27,18,57,RW
Rick Kehoe,1984-85,33,2,0,6,RW
Phil Kessel,2006-07,19,18,11,70,RW
Phil Kessel,2007-08,20,18,19,82,RW
Phil Kessel,2008-09,21,24,36,70,RW
Phil Kessel,2009-10,22,25,30,70,RW
Phil Kessel,2010-11,23,32,32,82,RW
Phil Kessel,2011-12,24,45,37,82,RW
Phil Kessel,2012-13,25,32,20,48,RW
Phil Kessel,2013-14,26,43,37,82,RW
Phil Kessel,2014-15,27,36,25,82,RW
Phil Kessel,2015-16,28,33,26,82,RW
Phil Kessel,2016-17,29,47,23,82,RW
Phil Kessel,2017-18,30,58,34,82,RW
Phil Kessel,2018-19,31,55,27,82,RW
Phil Kessel,2019-20,32,22,13,65,RW
Tim Kerr,1980-81,21,23,22,68,NA
Tim Kerr,1981-82,22,30,21,61,NA
Tim Kerr,1982-83,23,8,11,24,NA
Tim Kerr,1983-84,24,39,54,79,NA
Tim Kerr,1984-85,25,44,54,74,NA
Tim Kerr,1985-86,26,26,58,76,NA
Tim Kerr,1986-87,27,37,58,75,NA
Tim Kerr,1987-88,28,2,3,8,NA
Tim Kerr,1988-89,29,40,48,69,NA
Tim Kerr,1989-90,30,24,24,40,NA
Tim Kerr,1990-91,31,14,10,27,NA
Tim Kerr,1991-92,32,11,7,32,NA
Tim Kerr,1992-93,33,6,0,22,NA
Bernie Federko,1976-77,20,9,14,31,C
Bernie Federko,1977-78,21,24,17,72,C
Bernie Federko,1978-79,22,64,31,74,C
Bernie Federko,1979-80,23,56,38,79,C
Bernie Federko,1980-81,24,73,31,78,C
Bernie Federko,1981-82,25,62,30,74,C
Bernie Federko,1982-83,26,60,24,75,C
Bernie Federko,1983-84,27,66,41,79,C
Bernie Federko,1984-85,28,73,30,76,C
Bernie Federko,1985-86,29,68,34,80,C
Bernie Federko,1986-87,30,52,20,64,C
Bernie Federko,1987-88,31,69,20,79,C
Bernie Federko,1988-89,32,45,22,66,C
Bernie Federko,1989-90,33,40,17,73,C
Joe Pavelski,2006-07,22,14,14,46,C
Joe Pavelski,2007-08,23,21,19,82,C
Joe Pavelski,2008-09,24,34,25,80,C
Joe Pavelski,2009-10,25,26,25,67,C
Joe Pavelski,2010-11,26,46,20,74,C
Joe Pavelski,2011-12,27,30,31,82,C
Joe Pavelski,2012-13,28,15,16,48,C
Joe Pavelski,2013-14,29,38,41,82,C
Joe Pavelski,2014-15,30,33,37,82,C
Joe Pavelski,2015-16,31,40,38,82,C
Joe Pavelski,2016-17,32,39,29,81,C
Joe Pavelski,2017-18,33,44,22,82,C
Joe Pavelski,2018-19,34,26,38,75,C
Joe Pavelski,2019-20,35,15,14,60,C
Geoff Courtnall,1983-84,21,0,0,4,NA
Geoff Courtnall,1984-85,22,16,12,64,NA
Geoff Courtnall,1985-86,23,16,21,64,NA
Geoff Courtnall,1986-87,24,23,13,65,NA
Geoff Courtnall,1987-88,25,30,36,74,NA
Geoff Courtnall,1987-88,25,26,32,62,NA
Geoff Courtnall,1987-88,25,4,4,12,NA
Geoff Courtnall,1988-89,26,38,42,79,NA
Geoff Courtnall,1989-90,27,39,35,80,NA
Geoff Courtnall,1990-91,28,32,33,77,NA
Geoff Courtnall,1990-91,28,30,27,66,NA
Geoff Courtnall,1990-91,28,2,6,11,NA
Geoff Courtnall,1991-92,29,34,23,70,NA
Geoff Courtnall,1992-93,30,46,31,84,NA
Geoff Courtnall,1993-94,31,44,26,82,NA
Geoff Courtnall,1994-95,32,18,16,45,NA
Geoff Courtnall,1995-96,33,16,24,69,NA
Geoff Courtnall,1996-97,34,40,17,82,NA
Geoff Courtnall,1997-98,35,31,31,79,NA
Geoff Courtnall,1998-99,36,7,5,24,NA
Geoff Courtnall,1999-00,37,2,2,6,NA
Jacques Lemaire,1967-68,22,20,22,69,C
Jacques Lemaire,1968-69,23,34,29,75,C
Jacques Lemaire,1969-70,24,28,32,69,C
Jacques Lemaire,1970-71,25,28,28,78,C
Jacques Lemaire,1971-72,26,49,32,77,C
Jacques Lemaire,1972-73,27,51,44,77,C
Jacques Lemaire,1973-74,28,38,29,66,C
Jacques Lemaire,1974-75,29,56,36,80,C
Jacques Lemaire,1975-76,30,32,20,61,C
Jacques Lemaire,1976-77,31,41,34,75,C
Jacques Lemaire,1977-78,32,61,36,76,C
Jacques Lemaire,1978-79,33,31,24,50,C
Scott Mellanby,1985-86,19,0,0,2,RW
Scott Mellanby,1986-87,20,21,11,71,RW
Scott Mellanby,1987-88,21,26,25,75,RW
Scott Mellanby,1988-89,22,29,21,76,RW
Scott Mellanby,1989-90,23,17,6,57,RW
Scott Mellanby,1990-91,24,21,20,74,RW
Scott Mellanby,1991-92,25,27,23,80,RW
Scott Mellanby,1992-93,26,17,15,69,RW
Scott Mellanby,1993-94,27,30,30,80,RW
Scott Mellanby,1994-95,28,12,13,48,RW
Scott Mellanby,1995-96,29,38,32,79,RW
Scott Mellanby,1996-97,30,29,27,82,RW
Scott Mellanby,1997-98,31,24,15,79,RW
Scott Mellanby,1998-99,32,27,18,67,RW
Scott Mellanby,1999-00,33,28,18,77,RW
Scott Mellanby,2000-01,34,10,11,63,RW
Scott Mellanby,2000-01,34,9,4,40,RW
Scott Mellanby,2000-01,34,1,7,23,RW
Scott Mellanby,2001-02,35,26,15,64,RW
Scott Mellanby,2002-03,36,31,26,80,RW
Scott Mellanby,2003-04,37,17,14,68,RW
Scott Mellanby,2005-06,39,22,12,71,RW
Scott Mellanby,2006-07,40,24,12,69,RW
Miroslav Satan,1995-96,21,17,18,62,LW
Miroslav Satan,1996-97,22,13,25,76,LW
Miroslav Satan,1996-97,22,11,17,64,LW
Miroslav Satan,1996-97,22,2,8,12,LW
Miroslav Satan,1997-98,23,24,22,79,LW
Miroslav Satan,1998-99,24,26,40,81,LW
Miroslav Satan,1999-00,25,34,33,81,LW
Miroslav Satan,2000-01,26,33,29,82,LW
Miroslav Satan,2001-02,27,36,37,82,LW
Miroslav Satan,2002-03,28,49,26,79,LW
Miroslav Satan,2003-04,29,28,29,82,LW
Miroslav Satan,2005-06,31,31,35,82,LW
Miroslav Satan,2006-07,32,32,27,81,LW
Miroslav Satan,2007-08,33,25,16,80,LW
Miroslav Satan,2008-09,34,19,17,65,LW
Miroslav Satan,2009-10,35,5,9,38,LW
Brent Sutter,1980-81,18,2,2,3,C
Brent Sutter,1981-82,19,22,21,43,C
Brent Sutter,1982-83,20,19,21,80,C
Brent Sutter,1983-84,21,15,34,69,C
Brent Sutter,1984-85,22,60,42,72,C
Brent Sutter,1985-86,23,31,24,61,C
Brent Sutter,1986-87,24,36,27,69,C
Brent Sutter,1987-88,25,31,29,70,C
Brent Sutter,1988-89,26,34,29,77,C
Brent Sutter,1989-90,27,35,33,67,C
Brent Sutter,1990-91,28,32,21,75,C
Brent Sutter,1991-92,29,38,22,69,C
Brent Sutter,1991-92,29,6,4,8,C
Brent Sutter,1991-92,29,32,18,61,C
Brent Sutter,1992-93,30,34,20,65,C
Brent Sutter,1993-94,31,29,9,73,C
Brent Sutter,1994-95,32,8,7,47,C
Brent Sutter,1995-96,33,27,13,80,C
Brent Sutter,1996-97,34,7,7,39,C
Brent Sutter,1997-98,35,6,2,52,C
Peter McNab,1973-74,21,6,3,22,NA
Peter McNab,1974-75,22,21,22,53,NA
Peter McNab,1975-76,23,32,24,79,NA
Peter McNab,1976-77,24,48,38,80,NA
Peter McNab,1977-78,25,39,41,79,NA
Peter McNab,1978-79,26,45,35,76,NA
Peter McNab,1979-80,27,38,40,74,NA
Peter McNab,1980-81,28,46,37,80,NA
Peter McNab,1981-82,29,40,36,80,NA
Peter McNab,1982-83,30,52,22,74,NA
Peter McNab,1983-84,31,22,15,65,NA
Peter McNab,1983-84,31,16,14,52,NA
Peter McNab,1983-84,31,6,1,13,NA
Peter McNab,1984-85,32,25,23,76,NA
Peter McNab,1985-86,33,24,19,71,NA
Peter McNab,1986-87,34,12,8,46,NA
Ivan Boldirev,1970-71,21,0,0,2,NA
Ivan Boldirev,1971-72,22,25,16,68,NA
Ivan Boldirev,1971-72,22,2,0,11,NA
Ivan Boldirev,1971-72,22,23,16,57,NA
Ivan Boldirev,1972-73,23,23,11,56,NA
Ivan Boldirev,1973-74,24,31,25,78,NA
Ivan Boldirev,1974-75,25,43,24,80,NA
Ivan Boldirev,1975-76,26,34,28,78,NA
Ivan Boldirev,1976-77,27,38,24,80,NA
Ivan Boldirev,1977-78,28,45,35,80,NA
Ivan Boldirev,1978-79,29,43,35,79,NA
Ivan Boldirev,1978-79,29,35,29,66,NA
Ivan Boldirev,1978-79,29,8,6,13,NA
Ivan Boldirev,1979-80,30,35,32,79,NA
Ivan Boldirev,1979-80,30,24,16,52,NA
Ivan Boldirev,1979-80,30,11,16,27,NA
Ivan Boldirev,1980-81,31,33,26,72,NA
Ivan Boldirev,1981-82,32,40,33,78,NA
Ivan Boldirev,1982-83,33,37,18,72,NA
Ivan Boldirev,1982-83,33,20,5,39,NA
Ivan Boldirev,1982-83,33,17,13,33,NA
Ivan Boldirev,1983-84,34,48,35,75,NA
Ivan Boldirev,1984-85,35,30,19,75,NA
Bobby Clarke,1969-70,20,31,15,76,C
Bobby Clarke,1970-71,21,36,27,77,C
Bobby Clarke,1971-72,22,46,35,78,C
Bobby Clarke,1972-73,23,67,37,78,C
Bobby Clarke,1973-74,24,52,35,77,C
Bobby Clarke,1974-75,25,89,27,80,C
Bobby Clarke,1975-76,26,89,30,76,C
Bobby Clarke,1976-77,27,63,27,80,C
Bobby Clarke,1977-78,28,68,21,71,C
Bobby Clarke,1978-79,29,57,16,80,C
Bobby Clarke,1979-80,30,57,12,76,C
Bobby Clarke,1980-81,31,46,19,80,C
Bobby Clarke,1981-82,32,46,17,62,C
Bobby Clarke,1982-83,33,62,23,80,C
Bobby Clarke,1983-84,34,43,17,73,C
Henri Richard,1955-56,19,21,19,64,C
Henri Richard,1956-57,20,36,18,63,C
Henri Richard,1957-58,21,52,28,67,C
Henri Richard,1958-59,22,30,21,63,C
Henri Richard,1959-60,23,43,30,70,C
Henri Richard,1960-61,24,44,24,70,C
Henri Richard,1961-62,25,29,21,53,C
Henri Richard,1962-63,26,50,23,67,C
Henri Richard,1963-64,27,39,14,66,C
Henri Richard,1964-65,28,29,23,53,C
Henri Richard,1965-66,29,39,22,62,C
Henri Richard,1966-67,30,34,21,65,C
Henri Richard,1967-68,31,19,9,54,C
Henri Richard,1968-69,32,37,15,64,C
Henri Richard,1969-70,33,36,16,62,C
Henri Richard,1970-71,34,37,12,75,C
Henri Richard,1971-72,35,32,12,78,C
Henri Richard,1972-73,36,35,8,71,C
Henri Richard,1973-74,37,36,19,75,C
Henri Richard,1974-75,38,10,3,16,C
Kirk Muller,1984-85,18,37,17,80,NA
Kirk Muller,1985-86,19,41,25,77,NA
Kirk Muller,1986-87,20,50,26,79,NA
Kirk Muller,1987-88,21,57,37,80,NA
Kirk Muller,1988-89,22,43,31,80,NA
Kirk Muller,1989-90,23,56,30,80,NA
Kirk Muller,1990-91,24,51,19,80,NA
Kirk Muller,1991-92,25,41,36,78,NA
Kirk Muller,1992-93,26,57,37,80,NA
Kirk Muller,1993-94,27,34,23,76,NA
Kirk Muller,1994-95,28,16,11,45,NA
Kirk Muller,1994-95,28,11,8,33,NA
Kirk Muller,1994-95,28,5,3,12,NA
Kirk Muller,1995-96,29,19,13,51,NA
Kirk Muller,1995-96,29,3,4,15,NA
Kirk Muller,1995-96,29,16,9,36,NA
Kirk Muller,1996-97,30,19,21,76,NA
Kirk Muller,1996-97,30,17,20,66,NA
Kirk Muller,1996-97,30,2,1,10,NA
Kirk Muller,1997-98,31,21,8,70,NA
Kirk Muller,1998-99,32,11,4,82,NA
Kirk Muller,1999-00,33,15,7,47,NA
Kirk Muller,2000-01,34,9,1,55,NA
Kirk Muller,2001-02,35,20,10,78,NA
Kirk Muller,2002-03,36,5,1,55,NA
Bobby Smith,1978-79,20,44,30,80,NA
Bobby Smith,1979-80,21,56,27,61,NA
Bobby Smith,1980-81,22,64,29,78,NA
Bobby Smith,1981-82,23,71,43,80,NA
Bobby Smith,1982-83,24,53,24,77,NA
Bobby Smith,1983-84,25,43,29,80,NA
Bobby Smith,1983-84,25,6,3,10,NA
Bobby Smith,1983-84,25,37,26,70,NA
Bobby Smith,1984-85,26,40,16,65,NA
Bobby Smith,1985-86,27,55,31,79,NA
Bobby Smith,1986-87,28,47,28,80,NA
Bobby Smith,1987-88,29,66,27,78,NA
Bobby Smith,1988-89,30,51,32,80,NA
Bobby Smith,1989-90,31,14,12,53,NA
Bobby Smith,1990-91,32,31,15,73,NA
Bobby Smith,1991-92,33,37,9,68,NA
Bobby Smith,1992-93,34,7,5,45,NA
Ray Sheppard,1987-88,21,27,38,74,NA
Ray Sheppard,1988-89,22,21,22,67,NA
Ray Sheppard,1989-90,23,2,4,18,NA
Ray Sheppard,1990-91,24,23,24,59,NA
Ray Sheppard,1991-92,25,26,36,74,NA
Ray Sheppard,1992-93,26,34,32,70,NA
Ray Sheppard,1993-94,27,41,52,82,NA
Ray Sheppard,1994-95,28,10,30,43,NA
Ray Sheppard,1995-96,29,23,37,70,NA
Ray Sheppard,1995-96,29,2,2,5,NA
Ray Sheppard,1995-96,29,19,27,51,NA
Ray Sheppard,1995-96,29,2,8,14,NA
Ray Sheppard,1996-97,30,31,29,68,NA
Ray Sheppard,1997-98,31,19,18,71,NA
Ray Sheppard,1997-98,31,17,14,61,NA
Ray Sheppard,1997-98,31,2,4,10,NA
Ray Sheppard,1998-99,32,33,25,74,NA
Ray Sheppard,1999-00,33,10,10,47,NA
Dennis Maruk,1975-76,20,32,30,80,NA
Dennis Maruk,1976-77,21,50,28,80,NA
Dennis Maruk,1977-78,22,35,36,76,NA
Dennis Maruk,1978-79,23,59,31,78,NA
Dennis Maruk,1978-79,23,0,0,2,NA
Dennis Maruk,1978-79,23,59,31,76,NA
Dennis Maruk,1979-80,24,17,10,27,NA
Dennis Maruk,1980-81,25,47,50,80,NA
Dennis Maruk,1981-82,26,76,60,80,NA
Dennis Maruk,1982-83,27,50,31,80,NA
Dennis Maruk,1983-84,28,43,17,71,NA
Dennis Maruk,1984-85,29,41,19,71,NA
Dennis Maruk,1985-86,30,37,21,70,NA
Dennis Maruk,1986-87,31,30,16,67,NA
Dennis Maruk,1987-88,32,4,7,22,NA
Dennis Maruk,1988-89,33,1,0,6,NA
Wilf Paiement,1974-75,19,13,26,78,NA
Wilf Paiement,1975-76,20,22,21,57,NA
Wilf Paiement,1976-77,21,40,41,78,NA
Wilf Paiement,1977-78,22,56,31,80,NA
Wilf Paiement,1978-79,23,36,24,65,NA
Wilf Paiement,1979-80,24,44,30,75,NA
Wilf Paiement,1979-80,24,16,10,34,NA
Wilf Paiement,1979-80,24,28,20,41,NA
Wilf Paiement,1980-81,25,57,40,77,NA
Wilf Paiement,1981-82,26,46,25,77,NA
Wilf Paiement,1981-82,26,40,18,69,NA
Wilf Paiement,1981-82,26,6,7,8,NA
Wilf Paiement,1982-83,27,38,26,80,NA
Wilf Paiement,1983-84,28,37,39,80,NA
Wilf Paiement,1984-85,29,28,23,68,NA
Wilf Paiement,1985-86,30,18,8,52,NA
Wilf Paiement,1985-86,30,12,7,44,NA
Wilf Paiement,1985-86,30,6,1,8,NA
Wilf Paiement,1986-87,31,17,20,56,NA
Wilf Paiement,1987-88,32,6,2,23,NA
Vyacheslav Kozlov,1991-92,19,2,0,7,LW
Vyacheslav Kozlov,1992-93,20,1,4,17,LW
Vyacheslav Kozlov,1993-94,21,39,34,77,LW
Vyacheslav Kozlov,1994-95,22,20,13,46,LW
Vyacheslav Kozlov,1995-96,23,37,36,82,LW
Vyacheslav Kozlov,1996-97,24,22,23,75,LW
Vyacheslav Kozlov,1997-98,25,27,25,80,LW
Vyacheslav Kozlov,1998-99,26,29,29,79,LW
Vyacheslav Kozlov,1999-00,27,18,18,72,LW
Vyacheslav Kozlov,2000-01,28,18,20,72,LW
Vyacheslav Kozlov,2001-02,29,13,9,38,LW
Vyacheslav Kozlov,2002-03,30,49,21,79,LW
Vyacheslav Kozlov,2003-04,31,32,20,76,LW
Vyacheslav Kozlov,2005-06,33,46,25,82,LW
Vyacheslav Kozlov,2006-07,34,52,28,81,LW
Vyacheslav Kozlov,2007-08,35,24,17,82,LW
Vyacheslav Kozlov,2008-09,36,50,26,82,LW
Vyacheslav Kozlov,2009-10,37,18,8,55,LW
Mike Foligno,1979-80,21,35,36,80,NA
Mike Foligno,1980-81,22,35,28,80,NA
Mike Foligno,1981-82,23,44,33,82,NA
Mike Foligno,1981-82,23,13,13,26,NA
Mike Foligno,1981-82,23,31,20,56,NA
Mike Foligno,1982-83,24,25,22,66,NA
Mike Foligno,1983-84,25,31,32,70,NA
Mike Foligno,1984-85,26,29,27,77,NA
Mike Foligno,1985-86,27,39,41,79,NA
Mike Foligno,1986-87,28,29,30,75,NA
Mike Foligno,1987-88,29,28,29,74,NA
Mike Foligno,1988-89,30,22,27,75,NA
Mike Foligno,1989-90,31,25,15,61,NA
Mike Foligno,1990-91,32,12,12,68,NA
Mike Foligno,1990-91,32,5,4,31,NA
Mike Foligno,1990-91,32,7,8,37,NA
Mike Foligno,1991-92,33,8,6,33,NA
Mike Foligno,1992-93,34,5,13,55,NA
Mike Foligno,1993-94,35,5,4,43,NA
Mike Foligno,1993-94,35,0,0,4,NA
Mike Foligno,1993-94,35,5,4,39,NA
Kevin Dineen,1984-85,21,16,25,57,RW
Kevin Dineen,1985-86,22,35,33,57,RW
Kevin Dineen,1986-87,23,39,40,78,RW
Kevin Dineen,1987-88,24,25,25,74,RW
Kevin Dineen,1988-89,25,44,45,79,RW
Kevin Dineen,1989-90,26,41,25,67,RW
Kevin Dineen,1990-91,27,30,17,61,RW
Kevin Dineen,1991-92,28,32,30,80,RW
Kevin Dineen,1991-92,28,2,4,16,RW
Kevin Dineen,1991-92,28,30,26,64,RW
Kevin Dineen,1992-93,29,28,35,83,RW
Kevin Dineen,1993-94,30,23,19,71,RW
Kevin Dineen,1994-95,31,5,8,40,RW
Kevin Dineen,1995-96,32,9,2,46,RW
Kevin Dineen,1995-96,32,2,0,26,RW
Kevin Dineen,1995-96,32,7,2,20,RW
Kevin Dineen,1996-97,33,29,19,78,RW
Kevin Dineen,1997-98,34,16,7,54,RW
Kevin Dineen,1998-99,35,10,8,67,RW
Kevin Dineen,1999-00,36,8,4,67,RW
Kevin Dineen,2000-01,37,7,8,66,RW
Kevin Dineen,2001-02,38,8,5,59,RW
Kevin Dineen,2002-03,39,0,0,4,RW
Greg Adams,1984-85,21,9,12,36,NA
Greg Adams,1985-86,22,42,35,78,NA
Greg Adams,1986-87,23,27,20,72,NA
Greg Adams,1987-88,24,40,36,80,NA
Greg Adams,1988-89,25,14,19,61,NA
Greg Adams,1989-90,26,20,30,65,NA
Greg Adams,1990-91,27,24,21,55,NA
Greg Adams,1991-92,28,27,30,76,NA
Greg Adams,1992-93,29,31,25,53,NA
Greg Adams,1993-94,30,24,13,68,NA
Greg Adams,1994-95,31,13,8,43,NA
Greg Adams,1994-95,31,10,5,31,NA
Greg Adams,1994-95,31,3,3,12,NA
Greg Adams,1995-96,32,21,22,66,NA
Greg Adams,1996-97,33,15,21,50,NA
Greg Adams,1997-98,34,18,14,49,NA
Greg Adams,1998-99,35,24,19,75,NA
Greg Adams,1999-00,36,27,19,69,NA
Greg Adams,2000-01,37,12,11,60,NA
Geoff Sanderson,1990-91,18,0,1,2,NA
Geoff Sanderson,1991-92,19,18,13,64,NA
Geoff Sanderson,1992-93,20,43,46,82,NA
Geoff Sanderson,1993-94,21,26,41,82,NA
Geoff Sanderson,1994-95,22,14,18,46,NA
Geoff Sanderson,1995-96,23,31,34,81,NA
Geoff Sanderson,1996-97,24,31,36,82,NA
Geoff Sanderson,1997-98,25,18,11,75,NA
Geoff Sanderson,1997-98,25,10,7,40,NA
Geoff Sanderson,1997-98,25,3,0,9,NA
Geoff Sanderson,1997-98,25,5,4,26,NA
Geoff Sanderson,1998-99,26,18,12,75,NA
Geoff Sanderson,1999-00,27,13,13,67,NA
Geoff Sanderson,2000-01,28,26,30,68,NA
Geoff Sanderson,2001-02,29,5,11,42,NA
Geoff Sanderson,2002-03,30,33,34,82,NA
Geoff Sanderson,2003-04,31,20,16,80,NA
Geoff Sanderson,2003-04,31,16,13,67,NA
Geoff Sanderson,2003-04,31,4,3,13,NA
Geoff Sanderson,2005-06,33,21,25,77,NA
Geoff Sanderson,2005-06,33,0,0,2,NA
Geoff Sanderson,2005-06,33,21,25,75,NA
Geoff Sanderson,2006-07,34,18,11,58,NA
Geoff Sanderson,2007-08,35,10,3,41,NA
Danny Gare,1974-75,20,31,31,78,NA
Danny Gare,1975-76,21,23,50,79,NA
Danny Gare,1976-77,22,15,11,35,NA
Danny Gare,1977-78,23,38,39,69,NA
Danny Gare,1978-79,24,40,27,71,NA
Danny Gare,1979-80,25,33,56,76,NA
Danny Gare,1980-81,26,39,46,73,NA
Danny Gare,1981-82,27,23,20,58,NA
Danny Gare,1981-82,27,14,7,22,NA
Danny Gare,1981-82,27,9,13,36,NA
Danny Gare,1982-83,28,35,26,79,NA
Danny Gare,1983-84,29,13,13,63,NA
Danny Gare,1984-85,30,29,27,71,NA
Danny Gare,1985-86,31,9,7,57,NA
Danny Gare,1986-87,32,3,1,18,NA
Patrice Bergeron,2003-04,18,23,16,71,C
Patrice Bergeron,2005-06,20,42,31,81,C
Patrice Bergeron,2006-07,21,48,22,77,C
Patrice Bergeron,2007-08,22,4,3,10,C
Patrice Bergeron,2008-09,23,31,8,64,C
Patrice Bergeron,2009-10,24,33,19,73,C
Patrice Bergeron,2010-11,25,35,22,80,C
Patrice Bergeron,2011-12,26,42,22,81,C
Patrice Bergeron,2012-13,27,22,10,42,C
Patrice Bergeron,2013-14,28,32,30,80,C
Patrice Bergeron,2014-15,29,32,23,81,C
Patrice Bergeron,2015-16,30,36,32,80,C
Patrice Bergeron,2016-17,31,32,21,79,C
Patrice Bergeron,2017-18,32,33,30,64,C
Patrice Bergeron,2018-19,33,47,32,65,C
Patrice Bergeron,2019-20,34,24,29,54,C
Andy Bathgate,1952-53,20,1,0,18,RW
Andy Bathgate,1953-54,21,2,2,20,RW
Andy Bathgate,1954-55,22,20,20,70,RW
Andy Bathgate,1955-56,23,47,19,70,RW
Andy Bathgate,1956-57,24,50,27,70,RW
Andy Bathgate,1957-58,25,48,30,65,RW
Andy Bathgate,1958-59,26,48,40,70,RW
Andy Bathgate,1959-60,27,48,26,70,RW
Andy Bathgate,1960-61,28,48,29,70,RW
Andy Bathgate,1961-62,29,56,28,70,RW
Andy Bathgate,1962-63,30,46,35,70,RW
Andy Bathgate,1963-64,31,58,19,71,RW
Andy Bathgate,1963-64,31,43,16,56,RW
Andy Bathgate,1963-64,31,15,3,15,RW
Andy Bathgate,1964-65,32,29,16,55,RW
Andy Bathgate,1965-66,33,32,15,70,RW
Andy Bathgate,1966-67,34,23,8,60,RW
Andy Bathgate,1967-68,35,39,20,74,RW
Andy Bathgate,1970-71,38,29,15,76,RW
Rick MacLeish,1970-71,21,4,2,26,C
Rick MacLeish,1971-72,22,2,1,17,C
Rick MacLeish,1972-73,23,50,50,78,C
Rick MacLeish,1973-74,24,45,32,78,C
Rick MacLeish,1974-75,25,41,38,80,C
Rick MacLeish,1975-76,26,23,22,51,C
Rick MacLeish,1976-77,27,48,49,79,C
Rick MacLeish,1977-78,28,39,31,76,C
Rick MacLeish,1978-79,29,32,26,71,C
Rick MacLeish,1979-80,30,35,31,78,C
Rick MacLeish,1980-81,31,36,38,78,C
Rick MacLeish,1981-82,32,28,19,74,C
Rick MacLeish,1981-82,32,16,6,34,C
Rick MacLeish,1981-82,32,12,13,40,C
Rick MacLeish,1982-83,33,5,0,6,C
Rick MacLeish,1983-84,34,22,10,54,C
Rick MacLeish,1983-84,34,14,8,29,C
Rick MacLeish,1983-84,34,8,2,25,C
John Tavares,2009-10,19,30,24,82,C
John Tavares,2010-11,20,38,29,79,C
John Tavares,2011-12,21,50,31,82,C
John Tavares,2012-13,22,19,28,48,C
John Tavares,2013-14,23,42,24,59,C
John Tavares,2014-15,24,48,38,82,C
John Tavares,2015-16,25,37,33,78,C
John Tavares,2016-17,26,38,28,77,C
John Tavares,2017-18,27,47,37,82,C
John Tavares,2018-19,28,41,47,82,C
John Tavares,2019-20,29,30,24,56,C
Jonathan Toews,2007-08,19,30,24,64,C
Jonathan Toews,2008-09,20,35,34,82,C
Jonathan Toews,2009-10,21,43,25,76,C
Jonathan Toews,2010-11,22,44,32,80,C
Jonathan Toews,2011-12,23,28,29,59,C
Jonathan Toews,2012-13,24,25,23,47,C
Jonathan Toews,2013-14,25,40,28,76,C
Jonathan Toews,2014-15,26,38,28,81,C
Jonathan Toews,2015-16,27,30,28,80,C
Jonathan Toews,2016-17,28,37,21,72,C
Jonathan Toews,2017-18,29,32,20,74,C
Jonathan Toews,2018-19,30,46,35,82,C
Jonathan Toews,2019-20,31,36,16,62,C
Charlie Simmer,1974-75,20,13,8,35,NA
Charlie Simmer,1975-76,21,1,1,21,NA
Charlie Simmer,1976-77,22,0,2,24,NA
Charlie Simmer,1977-78,23,0,0,3,NA
Charlie Simmer,1978-79,24,27,21,38,NA
Charlie Simmer,1979-80,25,45,56,64,NA
Charlie Simmer,1980-81,26,49,56,65,NA
Charlie Simmer,1981-82,27,24,15,50,NA
Charlie Simmer,1982-83,28,51,29,80,NA
Charlie Simmer,1983-84,29,48,44,79,NA
Charlie Simmer,1984-85,30,30,34,68,NA
Charlie Simmer,1984-85,30,0,1,5,NA
Charlie Simmer,1984-85,30,30,33,63,NA
Charlie Simmer,1985-86,31,24,36,55,NA
Charlie Simmer,1986-87,32,40,29,80,NA
Charlie Simmer,1987-88,33,17,11,50,NA
Scott Young,1987-88,20,0,0,7,NA
Scott Young,1988-89,21,40,19,76,NA
Scott Young,1989-90,22,40,24,80,NA
Scott Young,1990-91,23,25,17,77,NA
Scott Young,1990-91,23,9,6,34,NA
Scott Young,1990-91,23,16,11,43,NA
Scott Young,1992-93,25,30,30,82,NA
Scott Young,1993-94,26,25,26,76,NA
Scott Young,1994-95,27,21,18,48,NA
Scott Young,1995-96,28,39,21,81,NA
Scott Young,1996-97,29,19,18,72,NA
Scott Young,1997-98,30,20,13,73,NA
Scott Young,1998-99,31,28,24,75,NA
Scott Young,1999-00,32,15,24,75,NA
Scott Young,2000-01,33,33,40,81,NA
Scott Young,2001-02,34,22,19,67,NA
Scott Young,2002-03,35,19,23,79,NA
Scott Young,2003-04,36,8,8,53,NA
Scott Young,2005-06,38,31,18,79,NA
Brian Rolston,1994-95,21,11,7,40,NA
Brian Rolston,1995-96,22,11,13,58,NA
Brian Rolston,1996-97,23,27,18,81,NA
Brian Rolston,1997-98,24,14,16,76,NA
Brian Rolston,1998-99,25,33,24,82,NA
Brian Rolston,1999-00,26,15,16,77,NA
Brian Rolston,1999-00,26,1,3,11,NA
Brian Rolston,1999-00,26,10,8,50,NA
Brian Rolston,1999-00,26,4,5,16,NA
Brian Rolston,2000-01,27,39,19,77,NA
Brian Rolston,2001-02,28,31,31,82,NA
Brian Rolston,2002-03,29,32,27,81,NA
Brian Rolston,2003-04,30,29,19,82,NA
Brian Rolston,2005-06,32,45,34,82,NA
Brian Rolston,2006-07,33,33,31,78,NA
Brian Rolston,2007-08,34,28,31,81,NA
Brian Rolston,2008-09,35,17,15,64,NA
Brian Rolston,2009-10,36,17,20,80,NA
Brian Rolston,2010-11,37,20,14,65,NA
Brian Rolston,2011-12,38,17,7,70,NA
Brian Rolston,2011-12,38,5,4,49,NA
Brian Rolston,2011-12,38,12,3,21,NA
Ed Olczyk,1984-85,18,30,20,70,NA
Ed Olczyk,1985-86,19,50,29,79,NA
Ed Olczyk,1986-87,20,35,16,79,NA
Ed Olczyk,1987-88,21,33,42,80,NA
Ed Olczyk,1988-89,22,52,38,80,NA
Ed Olczyk,1989-90,23,56,32,79,NA
Ed Olczyk,1990-91,24,41,30,79,NA
Ed Olczyk,1990-91,24,10,4,18,NA
Ed Olczyk,1990-91,24,31,26,61,NA
Ed Olczyk,1991-92,25,33,32,64,NA
Ed Olczyk,1992-93,26,28,21,71,NA
Ed Olczyk,1992-93,26,12,8,25,NA
Ed Olczyk,1992-93,26,16,13,46,NA
Ed Olczyk,1993-94,27,5,3,37,NA
Ed Olczyk,1994-95,28,9,4,33,NA
Ed Olczyk,1994-95,28,1,2,20,NA
Ed Olczyk,1994-95,28,8,2,13,NA
Ed Olczyk,1995-96,29,22,27,51,NA
Ed Olczyk,1996-97,30,30,25,79,NA
Ed Olczyk,1996-97,30,23,21,67,NA
Ed Olczyk,1996-97,30,7,4,12,NA
Ed Olczyk,1997-98,31,11,11,56,NA
Ed Olczyk,1998-99,32,15,10,61,NA
Ed Olczyk,1999-00,33,2,2,33,NA
Adam Oates,1985-86,23,11,9,38,C
Adam Oates,1986-87,24,32,15,76,C
Adam Oates,1987-88,25,40,14,63,C
Adam Oates,1988-89,26,62,16,69,C
Adam Oates,1989-90,27,79,23,80,C
Adam Oates,1990-91,28,90,25,61,C
Adam Oates,1991-92,29,79,20,80,C
Adam Oates,1991-92,29,59,10,54,C
Adam Oates,1991-92,29,20,10,26,C
Adam Oates,1992-93,30,97,45,84,C
Adam Oates,1993-94,31,80,32,77,C
Adam Oates,1994-95,32,41,12,48,C
Adam Oates,1995-96,33,67,25,70,C
Adam Oates,1996-97,34,60,22,80,C
Adam Oates,1996-97,34,52,18,63,C
Adam Oates,1996-97,34,8,4,17,C
Adam Oates,1997-98,35,58,18,82,C
Adam Oates,1998-99,36,42,12,59,C
Adam Oates,1999-00,37,56,15,82,C
Adam Oates,2000-01,38,69,13,81,C
Adam Oates,2001-02,39,64,14,80,C
Adam Oates,2001-02,39,57,11,66,C
Adam Oates,2001-02,39,7,3,14,C
Adam Oates,2002-03,40,36,9,67,C
Adam Oates,2003-04,41,16,2,60,C
Jason Spezza,2002-03,19,14,7,33,C
Jason Spezza,2003-04,20,33,22,78,C
Jason Spezza,2005-06,22,71,19,68,C
Jason Spezza,2006-07,23,53,34,67,C
Jason Spezza,2007-08,24,58,34,76,C
Jason Spezza,2008-09,25,41,32,82,C
Jason Spezza,2009-10,26,34,23,60,C
Jason Spezza,2010-11,27,36,21,62,C
Jason Spezza,2011-12,28,50,34,80,C
Jason Spezza,2012-13,29,3,2,5,C
Jason Spezza,2013-14,30,43,23,75,C
Jason Spezza,2014-15,31,45,17,82,C
Jason Spezza,2015-16,32,30,33,75,C
Jason Spezza,2016-17,33,35,15,68,C
Jason Spezza,2017-18,34,18,8,78,C
Jason Spezza,2018-19,35,19,8,76,C
Jason Spezza,2019-20,36,14,9,51,C
Dave Christian,1979-80,20,10,8,15,NA
Dave Christian,1980-81,21,43,28,80,NA
Dave Christian,1981-82,22,51,25,80,NA
Dave Christian,1982-83,23,26,18,55,NA
Dave Christian,1983-84,24,52,29,80,NA
Dave Christian,1984-85,25,43,26,80,NA
Dave Christian,1985-86,26,42,41,80,NA
Dave Christian,1986-87,27,27,23,76,NA
Dave Christian,1987-88,28,21,37,80,NA
Dave Christian,1988-89,29,31,34,80,NA
Dave Christian,1989-90,30,25,15,78,NA
Dave Christian,1989-90,30,8,3,28,NA
Dave Christian,1989-90,30,17,12,50,NA
Dave Christian,1990-91,31,21,32,78,NA
Dave Christian,1991-92,32,24,20,78,NA
Dave Christian,1992-93,33,14,4,60,NA
Dave Christian,1993-94,34,3,0,9,NA
Al MacInnis,1981-82,18,0,0,2,D
Al MacInnis,1982-83,19,3,1,14,D
Al MacInnis,1983-84,20,34,11,51,D
Al MacInnis,1984-85,21,52,14,67,D
Al MacInnis,1985-86,22,57,11,77,D
Al MacInnis,1986-87,23,56,20,79,D
Al MacInnis,1987-88,24,58,25,80,D
Al MacInnis,1988-89,25,58,16,79,D
Al MacInnis,1989-90,26,62,28,79,D
Al MacInnis,1990-91,27,75,28,78,D
Al MacInnis,1991-92,28,57,20,72,D
Al MacInnis,1992-93,29,43,11,50,D
Al MacInnis,1993-94,30,54,28,75,D
Al MacInnis,1994-95,31,20,8,32,D
Al MacInnis,1995-96,32,44,17,82,D
Al MacInnis,1996-97,33,30,13,72,D
Al MacInnis,1997-98,34,30,19,71,D
Al MacInnis,1998-99,35,42,20,82,D
Al MacInnis,1999-00,36,28,11,61,D
Al MacInnis,2000-01,37,42,12,59,D
Al MacInnis,2001-02,38,35,11,71,D
Al MacInnis,2002-03,39,52,16,80,D
Al MacInnis,2003-04,40,2,0,3,D
Phil Housley,1982-83,18,47,19,77,D
Phil Housley,1983-84,19,46,31,75,D
Phil Housley,1984-85,20,53,16,73,D
Phil Housley,1985-86,21,47,15,79,D
Phil Housley,1986-87,22,46,21,78,D
Phil Housley,1987-88,23,37,29,74,D
Phil Housley,1988-89,24,44,26,72,D
Phil Housley,1989-90,25,60,21,80,D
Phil Housley,1990-91,26,53,23,78,D
Phil Housley,1991-92,27,63,23,74,D
Phil Housley,1992-93,28,79,18,80,D
Phil Housley,1993-94,29,15,7,26,D
Phil Housley,1994-95,30,35,8,43,D
Phil Housley,1995-96,31,51,17,81,D
Phil Housley,1995-96,31,36,16,59,D
Phil Housley,1995-96,31,15,1,22,D
Phil Housley,1996-97,32,29,11,77,D
Phil Housley,1997-98,33,25,6,64,D
Phil Housley,1998-99,34,43,11,79,D
Phil Housley,1999-00,35,44,11,78,D
Phil Housley,2000-01,36,30,4,69,D
Phil Housley,2001-02,37,24,15,80,D
Phil Housley,2002-03,38,23,6,58,D
Phil Housley,2002-03,38,23,6,57,D
Phil Housley,2002-03,38,0,0,1,D
Alexei Yashin,1993-94,20,49,30,83,C
Alexei Yashin,1994-95,21,23,21,47,C
Alexei Yashin,1995-96,22,24,15,46,C
Alexei Yashin,1996-97,23,40,35,82,C
Alexei Yashin,1997-98,24,39,33,82,C
Alexei Yashin,1998-99,25,50,44,82,C
Alexei Yashin,2000-01,27,48,40,82,C
Alexei Yashin,2001-02,28,43,32,78,C
Alexei Yashin,2002-03,29,39,26,81,C
Alexei Yashin,2003-04,30,19,15,47,C
Alexei Yashin,2005-06,32,38,28,82,C
Alexei Yashin,2006-07,33,32,18,58,C
Glen Murray,1991-92,19,1,3,5,NA
Glen Murray,1992-93,20,4,3,27,NA
Glen Murray,1993-94,21,13,18,81,NA
Glen Murray,1994-95,22,2,5,35,NA
Glen Murray,1995-96,23,15,14,69,NA
Glen Murray,1996-97,24,14,16,77,NA
Glen Murray,1996-97,24,11,11,66,NA
Glen Murray,1996-97,24,3,5,11,NA
Glen Murray,1997-98,25,31,29,81,NA
Glen Murray,1998-99,26,15,16,61,NA
Glen Murray,1999-00,27,33,29,78,NA
Glen Murray,2000-01,28,21,18,64,NA
Glen Murray,2001-02,29,30,41,82,NA
Glen Murray,2001-02,29,5,6,9,NA
Glen Murray,2001-02,29,25,35,73,NA
Glen Murray,2002-03,30,48,44,82,NA
Glen Murray,2003-04,31,28,32,81,NA
Glen Murray,2005-06,33,29,24,64,NA
Glen Murray,2006-07,34,17,28,59,NA
Glen Murray,2007-08,35,13,17,63,NA
Henrik Zetterberg,2002-03,22,22,22,79,LW
Henrik Zetterberg,2003-04,23,28,15,61,LW
Henrik Zetterberg,2005-06,25,46,39,77,LW
Henrik Zetterberg,2006-07,26,35,33,63,LW
Henrik Zetterberg,2007-08,27,49,43,75,LW
Henrik Zetterberg,2008-09,28,42,31,77,LW
Henrik Zetterberg,2009-10,29,47,23,74,LW
Henrik Zetterberg,2010-11,30,56,24,80,LW
Henrik Zetterberg,2011-12,31,47,22,82,LW
Henrik Zetterberg,2012-13,32,37,11,46,LW
Henrik Zetterberg,2013-14,33,32,16,45,LW
Henrik Zetterberg,2014-15,34,49,17,77,LW
Henrik Zetterberg,2015-16,35,37,13,82,LW
Henrik Zetterberg,2016-17,36,51,17,82,LW
Henrik Zetterberg,2017-18,37,45,11,82,LW
Ron Ellis,1963-64,19,0,0,1,NA
Ron Ellis,1964-65,20,16,23,62,NA
Ron Ellis,1965-66,21,23,19,70,NA
Ron Ellis,1966-67,22,23,22,67,NA
Ron Ellis,1967-68,23,20,28,74,NA
Ron Ellis,1968-69,24,21,25,72,NA
Ron Ellis,1969-70,25,19,35,76,NA
Ron Ellis,1970-71,26,29,24,78,NA
Ron Ellis,1971-72,27,24,23,78,NA
Ron Ellis,1972-73,28,29,22,78,NA
Ron Ellis,1973-74,29,25,23,70,NA
Ron Ellis,1974-75,30,29,32,79,NA
Ron Ellis,1977-78,33,24,26,80,NA
Ron Ellis,1978-79,34,12,16,63,NA
Ron Ellis,1979-80,35,11,12,59,NA
Ron Ellis,1980-81,36,3,2,27,NA
Anze Kopitar,2006-07,19,41,20,72,C
Anze Kopitar,2007-08,20,45,32,82,C
Anze Kopitar,2008-09,21,39,27,82,C
Anze Kopitar,2009-10,22,47,34,82,C
Anze Kopitar,2010-11,23,48,25,75,C
Anze Kopitar,2011-12,24,51,25,82,C
Anze Kopitar,2012-13,25,32,10,47,C
Anze Kopitar,2013-14,26,41,29,82,C
Anze Kopitar,2014-15,27,48,16,79,C
Anze Kopitar,2015-16,28,49,25,81,C
Anze Kopitar,2016-17,29,40,12,76,C
Anze Kopitar,2017-18,30,57,35,82,C
Anze Kopitar,2018-19,31,38,22,81,C
Anze Kopitar,2019-20,32,38,18,63,C
Wendel Clark,1985-86,19,11,34,66,NA
Wendel Clark,1986-87,20,23,37,80,NA
Wendel Clark,1987-88,21,11,12,28,NA
Wendel Clark,1988-89,22,4,7,15,NA
Wendel Clark,1989-90,23,8,18,38,NA
Wendel Clark,1990-91,24,16,18,63,NA
Wendel Clark,1991-92,25,21,19,43,NA
Wendel Clark,1992-93,26,22,17,66,NA
Wendel Clark,1993-94,27,30,46,64,NA
Wendel Clark,1994-95,28,18,12,37,NA
Wendel Clark,1995-96,29,26,32,71,NA
Wendel Clark,1995-96,29,19,24,58,NA
Wendel Clark,1995-96,29,7,8,13,NA
Wendel Clark,1996-97,30,19,30,65,NA
Wendel Clark,1997-98,31,7,12,47,NA
Wendel Clark,1998-99,32,16,32,77,NA
Wendel Clark,1998-99,32,14,28,65,NA
Wendel Clark,1998-99,32,2,4,12,NA
Wendel Clark,1999-00,33,2,4,33,NA
Wendel Clark,1999-00,33,0,2,13,NA
Wendel Clark,1999-00,33,2,2,20,NA
Ziggy Palffy,1993-94,21,0,0,5,NA
Ziggy Palffy,1994-95,22,7,10,33,NA
Ziggy Palffy,1995-96,23,44,43,81,NA
Ziggy Palffy,1996-97,24,42,48,80,NA
Ziggy Palffy,1997-98,25,42,45,82,NA
Ziggy Palffy,1998-99,26,28,22,50,NA
Ziggy Palffy,1999-00,27,39,27,64,NA
Ziggy Palffy,2000-01,28,51,38,73,NA
Ziggy Palffy,2001-02,29,27,32,63,NA
Ziggy Palffy,2002-03,30,48,37,76,NA
Ziggy Palffy,2003-04,31,25,16,35,NA
Ziggy Palffy,2005-06,33,31,11,42,NA
Mike Bullard,1980-81,19,2,1,15,NA
Mike Bullard,1981-82,20,27,36,75,NA
Mike Bullard,1982-83,21,22,22,57,NA
Mike Bullard,1983-84,22,41,51,76,NA
Mike Bullard,1984-85,23,31,32,68,NA
Mike Bullard,1985-86,24,42,41,77,NA
Mike Bullard,1986-87,25,36,30,71,NA
Mike Bullard,1986-87,25,10,2,14,NA
Mike Bullard,1986-87,25,26,28,57,NA
Mike Bullard,1987-88,26,55,48,79,NA
Mike Bullard,1988-89,27,38,27,74,NA
Mike Bullard,1988-89,27,12,4,20,NA
Mike Bullard,1988-89,27,26,23,54,NA
Mike Bullard,1989-90,28,37,27,70,NA
Mike Bullard,1991-92,30,14,14,65,NA
Adam Graves,1987-88,19,1,0,9,NA
Adam Graves,1988-89,20,5,7,56,NA
Adam Graves,1989-90,21,13,9,76,NA
Adam Graves,1989-90,21,1,0,13,NA
Adam Graves,1989-90,21,12,9,63,NA
Adam Graves,1990-91,22,18,7,76,NA
Adam Graves,1991-92,23,33,26,80,NA
Adam Graves,1992-93,24,29,36,84,NA
Adam Graves,1993-94,25,27,52,84,NA
Adam Graves,1994-95,26,14,17,47,NA
Adam Graves,1995-96,27,36,22,82,NA
Adam Graves,1996-97,28,28,33,82,NA
Adam Graves,1997-98,29,12,23,72,NA
Adam Graves,1998-99,30,15,38,82,NA
Adam Graves,1999-00,31,17,23,77,NA
Adam Graves,2000-01,32,16,10,82,NA
Adam Graves,2001-02,33,14,17,81,NA
Adam Graves,2002-03,34,9,9,82,NA
Kevin Stevens,1987-88,22,2,5,16,NA
Kevin Stevens,1988-89,23,3,12,24,NA
Kevin Stevens,1989-90,24,41,29,76,NA
Kevin Stevens,1990-91,25,46,40,80,NA
Kevin Stevens,1991-92,26,69,54,80,NA
Kevin Stevens,1992-93,27,56,55,72,NA
Kevin Stevens,1993-94,28,47,41,83,NA
Kevin Stevens,1994-95,29,12,15,27,NA
Kevin Stevens,1995-96,30,23,13,61,NA
Kevin Stevens,1995-96,30,13,10,41,NA
Kevin Stevens,1995-96,30,10,3,20,NA
Kevin Stevens,1996-97,31,20,14,69,NA
Kevin Stevens,1997-98,32,27,14,80,NA
Kevin Stevens,1998-99,33,20,23,81,NA
Kevin Stevens,1999-00,34,5,3,38,NA
Kevin Stevens,2000-01,35,22,10,55,NA
Kevin Stevens,2000-01,35,7,2,23,NA
Kevin Stevens,2000-01,35,15,8,32,NA
Kevin Stevens,2001-02,36,4,1,32,NA
Ken Hodge,1964-65,20,0,0,1,NA
Ken Hodge,1965-66,21,17,6,63,NA
Ken Hodge,1966-67,22,25,10,68,NA
Ken Hodge,1967-68,23,31,25,74,NA
Ken Hodge,1968-69,24,45,45,75,NA
Ken Hodge,1969-70,25,29,25,72,NA
Ken Hodge,1970-71,26,62,43,78,NA
Ken Hodge,1971-72,27,40,16,60,NA
Ken Hodge,1972-73,28,44,37,73,NA
Ken Hodge,1973-74,29,55,50,76,NA
Ken Hodge,1974-75,30,43,23,72,NA
Ken Hodge,1975-76,31,36,25,72,NA
Ken Hodge,1976-77,32,41,21,78,NA
Ken Hodge,1977-78,33,4,2,18,NA
Scott Hartnell,2000-01,18,14,2,75,LW
Scott Hartnell,2001-02,19,27,14,75,LW
Scott Hartnell,2002-03,20,22,12,82,LW
Scott Hartnell,2003-04,21,15,18,59,LW
Scott Hartnell,2005-06,23,23,25,81,LW
Scott Hartnell,2006-07,24,17,22,64,LW
Scott Hartnell,2007-08,25,19,24,80,LW
Scott Hartnell,2008-09,26,30,30,82,LW
Scott Hartnell,2009-10,27,30,14,81,LW
Scott Hartnell,2010-11,28,25,24,82,LW
Scott Hartnell,2011-12,29,30,37,82,LW
Scott Hartnell,2012-13,30,3,8,32,LW
Scott Hartnell,2013-14,31,32,20,78,LW
Scott Hartnell,2014-15,32,32,28,77,LW
Scott Hartnell,2015-16,33,26,23,79,LW
Scott Hartnell,2016-17,34,24,13,78,LW
Scott Hartnell,2017-18,35,11,13,62,LW
Bobby Holik,1990-91,20,22,21,78,C
Bobby Holik,1991-92,21,24,21,76,C
Bobby Holik,1992-93,22,19,20,61,C
Bobby Holik,1993-94,23,20,13,70,C
Bobby Holik,1994-95,24,10,10,48,C
Bobby Holik,1995-96,25,17,13,63,C
Bobby Holik,1996-97,26,39,23,82,C
Bobby Holik,1997-98,27,36,29,82,C
Bobby Holik,1998-99,28,37,27,78,C
Bobby Holik,1999-00,29,23,23,79,C
Bobby Holik,2000-01,30,35,15,80,C
Bobby Holik,2001-02,31,29,25,81,C
Bobby Holik,2002-03,32,19,16,64,C
Bobby Holik,2003-04,33,31,25,82,C
Bobby Holik,2005-06,35,18,15,64,C
Bobby Holik,2006-07,36,18,11,82,C
Bobby Holik,2007-08,37,19,15,82,C
Bobby Holik,2008-09,38,5,4,62,C
John Tonelli,1978-79,21,39,17,73,NA
John Tonelli,1979-80,22,30,14,77,NA
John Tonelli,1980-81,23,32,20,70,NA
John Tonelli,1981-82,24,58,35,80,NA
John Tonelli,1982-83,25,40,31,76,NA
John Tonelli,1983-84,26,40,27,73,NA
John Tonelli,1984-85,27,58,42,80,NA
John Tonelli,1985-86,28,45,23,74,NA
John Tonelli,1985-86,28,41,20,65,NA
John Tonelli,1985-86,28,4,3,9,NA
John Tonelli,1986-87,29,31,20,78,NA
John Tonelli,1987-88,30,41,17,74,NA
John Tonelli,1988-89,31,33,31,77,NA
John Tonelli,1989-90,32,37,31,73,NA
John Tonelli,1990-91,33,16,14,71,NA
John Tonelli,1991-92,34,11,3,52,NA
John Tonelli,1991-92,34,7,1,33,NA
John Tonelli,1991-92,34,4,2,19,NA
Paul MacLean,1980-81,22,0,0,1,NA
Paul MacLean,1981-82,23,25,36,74,NA
Paul MacLean,1982-83,24,44,32,80,NA
Paul MacLean,1983-84,25,31,40,76,NA
Paul MacLean,1984-85,26,60,41,79,NA
Paul MacLean,1985-86,27,29,27,69,NA
Paul MacLean,1986-87,28,42,32,72,NA
Paul MacLean,1987-88,29,39,40,77,NA
Paul MacLean,1988-89,30,35,36,76,NA
Paul MacLean,1989-90,31,33,34,78,NA
Paul MacLean,1990-91,32,11,6,37,NA
Nels Stewart,1925-26,23,8,34,36,C
Nels Stewart,1926-27,24,4,17,43,C
Nels Stewart,1927-28,25,7,27,41,C
Nels Stewart,1928-29,26,8,21,44,C
Nels Stewart,1929-30,27,16,39,44,C
Nels Stewart,1930-31,28,14,25,42,C
Nels Stewart,1931-32,29,11,22,38,C
Nels Stewart,1932-33,30,18,18,47,C
Nels Stewart,1933-34,31,17,22,48,C
Nels Stewart,1934-35,32,18,21,47,C
Nels Stewart,1935-36,33,15,14,48,C
Nels Stewart,1936-37,34,12,23,43,C
Nels Stewart,1936-37,34,2,3,11,C
Nels Stewart,1936-37,34,10,20,32,C
Nels Stewart,1937-38,35,17,19,48,C
Nels Stewart,1938-39,36,19,16,46,C
Nels Stewart,1939-40,37,7,6,35,C
Pit Martin,1961-62,18,1,0,1,NA
Pit Martin,1963-64,20,12,9,50,NA
Pit Martin,1964-65,21,9,8,58,NA
Pit Martin,1965-66,22,12,17,51,NA
Pit Martin,1965-66,22,1,1,10,NA
Pit Martin,1965-66,22,11,16,41,NA
Pit Martin,1966-67,23,22,20,70,NA
Pit Martin,1967-68,24,19,16,63,NA
Pit Martin,1968-69,25,38,23,76,NA
Pit Martin,1969-70,26,33,30,73,NA
Pit Martin,1970-71,27,33,22,62,NA
Pit Martin,1971-72,28,51,24,78,NA
Pit Martin,1972-73,29,61,29,78,NA
Pit Martin,1973-74,30,47,30,78,NA
Pit Martin,1974-75,31,26,19,70,NA
Pit Martin,1975-76,32,39,32,80,NA
Pit Martin,1976-77,33,36,17,75,NA
Pit Martin,1977-78,34,32,16,74,NA
Pit Martin,1977-78,34,1,1,7,NA
Pit Martin,1977-78,34,31,15,67,NA
Pit Martin,1978-79,35,14,12,64,NA
Vic Hadfield,1961-62,21,1,3,44,NA
Vic Hadfield,1962-63,22,6,5,36,NA
Vic Hadfield,1963-64,23,11,14,69,NA
Vic Hadfield,1964-65,24,20,18,70,NA
Vic Hadfield,1965-66,25,19,16,69,NA
Vic Hadfield,1966-67,26,20,13,69,NA
Vic Hadfield,1967-68,27,19,20,59,NA
Vic Hadfield,1968-69,28,40,26,73,NA
Vic Hadfield,1969-70,29,34,20,71,NA
Vic Hadfield,1970-71,30,22,22,63,NA
Vic Hadfield,1971-72,31,56,50,78,NA
Vic Hadfield,1972-73,32,34,28,63,NA
Vic Hadfield,1973-74,33,28,27,77,NA
Vic Hadfield,1974-75,34,42,31,78,NA
Vic Hadfield,1975-76,35,35,30,76,NA
Vic Hadfield,1976-77,36,2,0,9,NA
Dale Hunter,1980-81,20,44,19,80,NA
Dale Hunter,1981-82,21,50,22,80,NA
Dale Hunter,1982-83,22,46,17,80,NA
Dale Hunter,1983-84,23,55,24,77,NA
Dale Hunter,1984-85,24,52,20,80,NA
Dale Hunter,1985-86,25,42,28,80,NA
Dale Hunter,1986-87,26,29,10,46,NA
Dale Hunter,1987-88,27,37,22,79,NA
Dale Hunter,1988-89,28,37,20,80,NA
Dale Hunter,1989-90,29,39,23,80,NA
Dale Hunter,1990-91,30,30,16,76,NA
Dale Hunter,1991-92,31,50,28,80,NA
Dale Hunter,1992-93,32,59,20,84,NA
Dale Hunter,1993-94,33,29,9,52,NA
Dale Hunter,1994-95,34,15,8,45,NA
Dale Hunter,1995-96,35,24,13,82,NA
Dale Hunter,1996-97,36,32,14,82,NA
Dale Hunter,1997-98,37,18,8,82,NA
Dale Hunter,1998-99,38,9,2,62,NA
Dale Hunter,1998-99,38,5,0,50,NA
Dale Hunter,1998-99,38,4,2,12,NA
Petr Sykora,1995-96,19,24,18,63,NA
Petr Sykora,1996-97,20,2,1,19,NA
Petr Sykora,1997-98,21,20,16,58,NA
Petr Sykora,1998-99,22,43,29,80,NA
Petr Sykora,1999-00,23,43,25,79,NA
Petr Sykora,2000-01,24,46,35,73,NA
Petr Sykora,2001-02,25,27,21,73,NA
Petr Sykora,2002-03,26,25,34,82,NA
Petr Sykora,2003-04,27,29,23,81,NA
Petr Sykora,2005-06,29,28,23,74,NA
Petr Sykora,2005-06,29,13,7,34,NA
Petr Sykora,2005-06,29,15,16,40,NA
Petr Sykora,2006-07,30,31,22,82,NA
Petr Sykora,2007-08,31,35,28,81,NA
Petr Sykora,2008-09,32,21,25,76,NA
Petr Sykora,2009-10,33,1,2,14,NA
Petr Sykora,2011-12,35,23,21,82,NA
Olli Jokinen,1997-98,19,0,0,8,C
Olli Jokinen,1998-99,20,12,9,66,C
Olli Jokinen,1999-00,21,10,11,82,C
Olli Jokinen,2000-01,22,10,6,78,C
Olli Jokinen,2001-02,23,20,9,80,C
Olli Jokinen,2002-03,24,29,36,81,C
Olli Jokinen,2003-04,25,32,26,82,C
Olli Jokinen,2005-06,27,51,38,82,C
Olli Jokinen,2006-07,28,52,39,82,C
Olli Jokinen,2007-08,29,37,34,82,C
Olli Jokinen,2008-09,30,28,29,76,C
Olli Jokinen,2008-09,30,21,21,57,C
Olli Jokinen,2008-09,30,7,8,19,C
Olli Jokinen,2009-10,31,35,15,82,C
Olli Jokinen,2009-10,31,24,11,56,C
Olli Jokinen,2009-10,31,11,4,26,C
Olli Jokinen,2010-11,32,37,17,79,C
Olli Jokinen,2011-12,33,38,23,82,C
Olli Jokinen,2012-13,34,7,7,45,C
Olli Jokinen,2013-14,35,25,18,82,C
Olli Jokinen,2014-15,36,6,4,62,C
Olli Jokinen,2014-15,36,3,3,48,C
Olli Jokinen,2014-15,36,1,0,6,C
Olli Jokinen,2014-15,36,2,1,8,C
Tony McKegney,1978-79,20,14,8,52,NA
Tony McKegney,1979-80,21,29,23,80,NA
Tony McKegney,1980-81,22,32,37,80,NA
Tony McKegney,1981-82,23,29,23,73,NA
Tony McKegney,1982-83,24,37,36,78,NA
Tony McKegney,1983-84,25,27,24,75,NA
Tony McKegney,1984-85,26,22,23,57,NA
Tony McKegney,1984-85,26,9,12,30,NA
Tony McKegney,1984-85,26,13,11,27,NA
Tony McKegney,1985-86,27,25,15,70,NA
Tony McKegney,1986-87,28,20,31,75,NA
Tony McKegney,1986-87,28,3,2,11,NA
Tony McKegney,1986-87,28,17,29,64,NA
Tony McKegney,1987-88,29,38,40,80,NA
Tony McKegney,1988-89,30,17,25,71,NA
Tony McKegney,1989-90,31,12,18,62,NA
Tony McKegney,1989-90,31,1,2,14,NA
Tony McKegney,1989-90,31,11,16,48,NA
Tony McKegney,1990-91,32,17,17,59,NA
Tony McKegney,1990-91,32,16,17,50,NA
Tony McKegney,1990-91,32,1,0,9,NA
Bob Carpenter,1981-82,18,35,32,80,NA
Bob Carpenter,1982-83,19,37,32,80,NA
Bob Carpenter,1983-84,20,40,28,80,NA
Bob Carpenter,1984-85,21,42,53,80,NA
Bob Carpenter,1985-86,22,29,27,80,NA
Bob Carpenter,1986-87,23,18,9,60,NA
Bob Carpenter,1986-87,23,7,5,22,NA
Bob Carpenter,1986-87,23,8,2,28,NA
Bob Carpenter,1986-87,23,3,2,10,NA
Bob Carpenter,1987-88,24,33,19,71,NA
Bob Carpenter,1988-89,25,24,16,57,NA
Bob Carpenter,1988-89,25,15,11,39,NA
Bob Carpenter,1988-89,25,9,5,18,NA
Bob Carpenter,1989-90,26,31,25,80,NA
Bob Carpenter,1990-91,27,8,8,29,NA
Bob Carpenter,1991-92,28,23,25,60,NA
Bob Carpenter,1992-93,29,17,11,68,NA
Bob Carpenter,1993-94,30,23,10,76,NA
Bob Carpenter,1994-95,31,11,5,41,NA
Bob Carpenter,1995-96,32,5,5,52,NA
Bob Carpenter,1996-97,33,15,4,62,NA
Bob Carpenter,1997-98,34,9,9,66,NA
Bob Carpenter,1998-99,35,8,2,56,NA
Clark Gillies,1974-75,20,22,25,80,LW
Clark Gillies,1975-76,21,27,34,80,LW
Clark Gillies,1976-77,22,22,33,70,LW
Clark Gillies,1977-78,23,50,35,80,LW
Clark Gillies,1978-79,24,56,35,75,LW
Clark Gillies,1979-80,25,35,19,73,LW
Clark Gillies,1980-81,26,45,33,80,LW
Clark Gillies,1981-82,27,39,38,79,LW
Clark Gillies,1982-83,28,20,21,70,LW
Clark Gillies,1983-84,29,16,12,76,LW
Clark Gillies,1984-85,30,17,15,54,LW
Clark Gillies,1985-86,31,10,4,55,LW
Clark Gillies,1986-87,32,17,10,61,LW
Clark Gillies,1987-88,33,2,5,25,LW
Dave Gagner,1984-85,20,6,6,38,NA
Dave Gagner,1985-86,21,6,4,32,NA
Dave Gagner,1986-87,22,4,1,10,NA
Dave Gagner,1987-88,23,11,8,51,NA
Dave Gagner,1988-89,24,43,35,75,NA
Dave Gagner,1989-90,25,38,40,79,NA
Dave Gagner,1990-91,26,42,40,73,NA
Dave Gagner,1991-92,27,40,31,78,NA
Dave Gagner,1992-93,28,43,33,84,NA
Dave Gagner,1993-94,29,29,32,76,NA
Dave Gagner,1994-95,30,28,14,48,NA
Dave Gagner,1995-96,31,28,21,73,NA
Dave Gagner,1995-96,31,13,14,45,NA
Dave Gagner,1995-96,31,15,7,28,NA
Dave Gagner,1996-97,32,33,27,82,NA
Dave Gagner,1997-98,33,28,20,78,NA
Dave Gagner,1998-99,34,22,6,69,NA
Dave Gagner,1998-99,34,10,4,36,NA
Dave Gagner,1998-99,34,12,2,33,NA
Todd Bertuzzi,1995-96,20,21,18,76,RW
Todd Bertuzzi,1996-97,21,13,10,64,RW
Todd Bertuzzi,1997-98,22,20,13,74,RW
Todd Bertuzzi,1997-98,22,11,7,52,RW
Todd Bertuzzi,1997-98,22,9,6,22,RW
Todd Bertuzzi,1998-99,23,8,8,32,RW
Todd Bertuzzi,1999-00,24,25,25,80,RW
Todd Bertuzzi,2000-01,25,30,25,79,RW
Todd Bertuzzi,2001-02,26,49,36,72,RW
Todd Bertuzzi,2002-03,27,51,46,82,RW
Todd Bertuzzi,2003-04,28,43,17,69,RW
Todd Bertuzzi,2005-06,30,46,25,82,RW
Todd Bertuzzi,2006-07,31,8,3,15,RW
Todd Bertuzzi,2006-07,31,6,1,7,RW
Todd Bertuzzi,2006-07,31,2,2,8,RW
Todd Bertuzzi,2007-08,32,26,14,68,RW
Todd Bertuzzi,2008-09,33,29,15,66,RW
Todd Bertuzzi,2009-10,34,26,18,82,RW
Todd Bertuzzi,2010-11,35,29,16,81,RW
Todd Bertuzzi,2011-12,36,24,14,71,RW
Todd Bertuzzi,2012-13,37,1,2,7,RW
Todd Bertuzzi,2013-14,38,7,9,59,RW
Justin Williams,2000-01,19,13,12,63,RW
Justin Williams,2001-02,20,23,17,75,RW
Justin Williams,2002-03,21,16,8,41,RW
Justin Williams,2003-04,22,33,11,79,RW
Justin Williams,2003-04,22,20,6,47,RW
Justin Williams,2003-04,22,13,5,32,RW
Justin Williams,2005-06,24,45,31,82,RW
Justin Williams,2006-07,25,34,33,82,RW
Justin Williams,2007-08,26,21,9,37,RW
Justin Williams,2008-09,27,10,4,44,RW
Justin Williams,2008-09,27,7,3,32,RW
Justin Williams,2008-09,27,3,1,12,RW
Justin Williams,2009-10,28,19,10,49,RW
Justin Williams,2010-11,29,35,22,73,RW
Justin Williams,2011-12,30,37,22,82,RW
Justin Williams,2012-13,31,22,11,48,RW
Justin Williams,2013-14,32,24,19,82,RW
Justin Williams,2014-15,33,23,18,81,RW
Justin Williams,2015-16,34,30,22,82,RW
Justin Williams,2016-17,35,24,24,80,RW
Justin Williams,2017-18,36,35,16,82,RW
Justin Williams,2018-19,37,30,23,82,RW
Justin Williams,2019-20,38,3,2,13,RW
Pavel Datsyuk,2001-02,23,24,11,70,C
Pavel Datsyuk,2002-03,24,39,12,64,C
Pavel Datsyuk,2003-04,25,38,30,75,C
Pavel Datsyuk,2005-06,27,59,28,75,C
Pavel Datsyuk,2006-07,28,60,27,79,C
Pavel Datsyuk,2007-08,29,66,31,82,C
Pavel Datsyuk,2008-09,30,65,32,81,C
Pavel Datsyuk,2009-10,31,43,27,80,C
Pavel Datsyuk,2010-11,32,36,23,56,C
Pavel Datsyuk,2011-12,33,48,19,70,C
Pavel Datsyuk,2012-13,34,34,15,47,C
Pavel Datsyuk,2013-14,35,20,17,45,C
Pavel Datsyuk,2014-15,36,39,26,63,C
Pavel Datsyuk,2015-16,37,33,16,66,C
Don Lever,1972-73,20,26,12,78,NA
Don Lever,1973-74,21,25,23,78,NA
Don Lever,1974-75,22,30,38,80,NA
Don Lever,1975-76,23,40,25,80,NA
Don Lever,1976-77,24,30,27,80,NA
Don Lever,1977-78,25,32,17,75,NA
Don Lever,1978-79,26,21,23,71,NA
Don Lever,1979-80,27,33,35,79,NA
Don Lever,1979-80,27,17,21,51,NA
Don Lever,1979-80,27,16,14,28,NA
Don Lever,1980-81,28,31,26,62,NA
Don Lever,1981-82,29,39,30,82,NA
Don Lever,1981-82,29,11,8,23,NA
Don Lever,1981-82,29,28,22,59,NA
Don Lever,1982-83,30,30,23,79,NA
Don Lever,1983-84,31,19,14,70,NA
Don Lever,1984-85,32,8,10,67,NA
Don Lever,1985-86,33,1,7,29,NA
Don Lever,1986-87,34,2,3,10,NA
Petr Klima,1985-86,21,24,32,74,NA
Petr Klima,1986-87,22,23,30,77,NA
Petr Klima,1987-88,23,25,37,78,NA
Petr Klima,1988-89,24,16,25,51,NA
Petr Klima,1989-90,25,33,30,76,NA
Petr Klima,1989-90,25,5,5,13,NA
Petr Klima,1989-90,25,28,25,63,NA
Petr Klima,1990-91,26,28,40,70,NA
Petr Klima,1991-92,27,13,21,57,NA
Petr Klima,1992-93,28,16,32,68,NA
Petr Klima,1993-94,29,27,28,75,NA
Petr Klima,1994-95,30,13,13,47,NA
Petr Klima,1995-96,31,30,22,67,NA
Petr Klima,1996-97,32,12,2,33,NA
Petr Klima,1996-97,32,4,0,8,NA
Petr Klima,1996-97,32,3,1,9,NA
Petr Klima,1996-97,32,5,1,16,NA
Petr Klima,1998-99,34,0,1,13,NA
Denis Potvin,1973-74,20,37,17,77,D
Denis Potvin,1974-75,21,55,21,79,D
Denis Potvin,1975-76,22,67,31,78,D
Denis Potvin,1976-77,23,55,25,80,D
Denis Potvin,1977-78,24,64,30,80,D
Denis Potvin,1978-79,25,70,31,73,D
Denis Potvin,1979-80,26,33,8,31,D
Denis Potvin,1980-81,27,56,20,74,D
Denis Potvin,1981-82,28,37,24,60,D
Denis Potvin,1982-83,29,54,12,69,D
Denis Potvin,1983-84,30,63,22,78,D
Denis Potvin,1984-85,31,51,17,77,D
Denis Potvin,1985-86,32,38,21,74,D
Denis Potvin,1986-87,33,30,12,58,D
Denis Potvin,1987-88,34,32,19,72,D
Petr Nedved,1990-91,19,6,10,61,NA
Petr Nedved,1991-92,20,22,15,77,NA
Petr Nedved,1992-93,21,33,38,84,NA
Petr Nedved,1993-94,22,14,6,19,NA
Petr Nedved,1994-95,23,12,11,46,NA
Petr Nedved,1995-96,24,54,45,80,NA
Petr Nedved,1996-97,25,38,33,74,NA
Petr Nedved,1998-99,27,27,20,56,NA
Petr Nedved,1999-00,28,44,24,76,NA
Petr Nedved,2000-01,29,46,32,79,NA
Petr Nedved,2001-02,30,25,21,78,NA
Petr Nedved,2002-03,31,31,27,78,NA
Petr Nedved,2003-04,32,27,19,81,NA
Petr Nedved,2003-04,32,17,14,65,NA
Petr Nedved,2003-04,32,10,5,16,NA
Petr Nedved,2005-06,34,18,7,53,NA
Petr Nedved,2005-06,34,9,2,25,NA
Petr Nedved,2005-06,34,9,5,28,NA
Petr Nedved,2006-07,35,10,2,40,NA
Petr Nedved,2006-07,35,6,1,21,NA
Petr Nedved,2006-07,35,4,1,19,NA
Martin Gelinas,1988-89,18,2,1,6,NA
Martin Gelinas,1989-90,19,8,17,46,NA
Martin Gelinas,1990-91,20,20,20,73,NA
Martin Gelinas,1991-92,21,18,11,68,NA
Martin Gelinas,1992-93,22,12,11,65,NA
Martin Gelinas,1993-94,23,14,14,64,NA
Martin Gelinas,1993-94,23,6,6,31,NA
Martin Gelinas,1993-94,23,8,8,33,NA
Martin Gelinas,1994-95,24,10,13,46,NA
Martin Gelinas,1995-96,25,26,30,81,NA
Martin Gelinas,1996-97,26,33,35,74,NA
Martin Gelinas,1997-98,27,18,16,64,NA
Martin Gelinas,1997-98,27,4,4,24,NA
Martin Gelinas,1997-98,27,14,12,40,NA
Martin Gelinas,1998-99,28,15,13,76,NA
Martin Gelinas,1999-00,29,16,14,81,NA
Martin Gelinas,2000-01,30,29,23,79,NA
Martin Gelinas,2001-02,31,16,13,72,NA
Martin Gelinas,2002-03,32,31,21,81,NA
Martin Gelinas,2003-04,33,18,17,76,NA
Martin Gelinas,2005-06,35,24,17,82,NA
Martin Gelinas,2006-07,36,30,14,82,NA
Martin Gelinas,2007-08,37,11,9,57,NA
Bob Nevin,1957-58,19,0,0,4,NA
Bob Nevin,1958-59,20,0,0,2,NA
Bob Nevin,1960-61,22,37,21,68,NA
Bob Nevin,1961-62,23,30,15,69,NA
Bob Nevin,1962-63,24,21,12,58,NA
Bob Nevin,1963-64,25,16,12,63,NA
Bob Nevin,1963-64,25,12,7,49,NA
Bob Nevin,1963-64,25,4,5,14,NA
Bob Nevin,1964-65,26,14,16,64,NA
Bob Nevin,1965-66,27,33,29,69,NA
Bob Nevin,1966-67,28,24,20,67,NA
Bob Nevin,1967-68,29,30,28,74,NA
Bob Nevin,1968-69,30,25,31,71,NA
Bob Nevin,1969-70,31,19,18,68,NA
Bob Nevin,1970-71,32,25,21,78,NA
Bob Nevin,1971-72,33,19,15,72,NA
Bob Nevin,1972-73,34,13,5,66,NA
Bob Nevin,1973-74,35,30,20,78,NA
Bob Nevin,1974-75,36,41,31,80,NA
Bob Nevin,1975-76,37,42,13,77,NA
Daniel Briere,1997-98,20,0,1,5,C
Daniel Briere,1998-99,21,14,8,64,C
Daniel Briere,1999-00,22,1,1,13,C
Daniel Briere,2000-01,23,4,11,30,C
Daniel Briere,2001-02,24,28,32,78,C
Daniel Briere,2002-03,25,34,24,82,C
Daniel Briere,2002-03,25,29,17,68,C
Daniel Briere,2002-03,25,5,7,14,C
Daniel Briere,2003-04,26,37,28,82,C
Daniel Briere,2005-06,28,33,25,48,C
Daniel Briere,2006-07,29,63,32,81,C
Daniel Briere,2007-08,30,41,31,79,C
Daniel Briere,2008-09,31,14,11,29,C
Daniel Briere,2009-10,32,27,26,75,C
Daniel Briere,2010-11,33,34,34,77,C
Daniel Briere,2011-12,34,33,16,70,C
Daniel Briere,2012-13,35,10,6,34,C
Daniel Briere,2013-14,36,12,13,69,C
Daniel Briere,2014-15,37,4,8,57,C
Cliff Ronning,1986-87,21,14,11,42,NA
Cliff Ronning,1987-88,22,8,5,26,NA
Cliff Ronning,1988-89,23,31,24,64,NA
Cliff Ronning,1990-91,25,24,20,59,NA
Cliff Ronning,1990-91,25,18,14,48,NA
Cliff Ronning,1990-91,25,6,6,11,NA
Cliff Ronning,1991-92,26,47,24,80,NA
Cliff Ronning,1992-93,27,56,29,79,NA
Cliff Ronning,1993-94,28,43,25,76,NA
Cliff Ronning,1994-95,29,19,6,41,NA
Cliff Ronning,1995-96,30,45,22,79,NA
Cliff Ronning,1996-97,31,32,19,69,NA
Cliff Ronning,1997-98,32,44,11,80,NA
Cliff Ronning,1998-99,33,40,20,79,NA
Cliff Ronning,1998-99,33,5,2,7,NA
Cliff Ronning,1998-99,33,35,18,72,NA
Cliff Ronning,1999-00,34,36,26,82,NA
Cliff Ronning,2000-01,35,43,19,80,NA
Cliff Ronning,2001-02,36,35,19,81,NA
Cliff Ronning,2001-02,36,31,18,67,NA
Cliff Ronning,2001-02,36,4,1,14,NA
Cliff Ronning,2002-03,37,31,17,80,NA
Cliff Ronning,2003-04,38,15,9,40,NA
Pavol Demitra,1993-94,19,1,1,12,LW
Pavol Demitra,1994-95,20,3,4,16,LW
Pavol Demitra,1995-96,21,10,7,31,LW
Pavol Demitra,1996-97,22,0,3,8,LW
Pavol Demitra,1997-98,23,30,22,61,LW
Pavol Demitra,1998-99,24,52,37,82,LW
Pavol Demitra,1999-00,25,47,28,71,LW
Pavol Demitra,2000-01,26,25,20,44,LW
Pavol Demitra,2001-02,27,43,35,82,LW
Pavol Demitra,2002-03,28,57,36,78,LW
Pavol Demitra,2003-04,29,35,23,68,LW
Pavol Demitra,2005-06,31,37,25,58,LW
Pavol Demitra,2006-07,32,39,25,71,LW
Pavol Demitra,2007-08,33,39,15,68,LW
Pavol Demitra,2008-09,34,33,20,69,LW
Pavol Demitra,2009-10,35,13,3,28,LW
Brian Sutter,1976-77,20,10,4,35,LW
Brian Sutter,1977-78,21,13,9,78,LW
Brian Sutter,1978-79,22,39,41,77,LW
Brian Sutter,1979-80,23,35,23,71,LW
Brian Sutter,1980-81,24,34,35,78,LW
Brian Sutter,1981-82,25,36,39,74,LW
Brian Sutter,1982-83,26,30,46,79,LW
Brian Sutter,1983-84,27,51,32,76,LW
Brian Sutter,1984-85,28,37,37,77,LW
Brian Sutter,1985-86,29,23,19,44,LW
Brian Sutter,1986-87,30,3,3,14,LW
Brian Sutter,1987-88,31,22,15,76,LW
Dennis Hull,1964-65,20,4,10,55,NA
Dennis Hull,1965-66,21,5,1,25,NA
Dennis Hull,1966-67,22,17,25,70,NA
Dennis Hull,1967-68,23,15,18,74,NA
Dennis Hull,1968-69,24,34,30,72,NA
Dennis Hull,1969-70,25,35,17,76,NA
Dennis Hull,1970-71,26,26,40,78,NA
Dennis Hull,1971-72,27,39,30,78,NA
Dennis Hull,1972-73,28,51,39,78,NA
Dennis Hull,1973-74,29,39,29,74,NA
Dennis Hull,1974-75,30,21,16,69,NA
Dennis Hull,1975-76,31,39,27,80,NA
Dennis Hull,1976-77,32,17,16,75,NA
Dennis Hull,1977-78,33,9,5,55,NA
Ulf Dahlen,1987-88,21,23,29,70,NA
Ulf Dahlen,1988-89,22,19,24,56,NA
Ulf Dahlen,1989-90,23,22,20,76,NA
Ulf Dahlen,1989-90,23,18,18,63,NA
Ulf Dahlen,1989-90,23,4,2,13,NA
Ulf Dahlen,1990-91,24,18,21,66,NA
Ulf Dahlen,1991-92,25,30,36,79,NA
Ulf Dahlen,1992-93,26,39,35,83,NA
Ulf Dahlen,1993-94,27,44,25,78,NA
Ulf Dahlen,1993-94,27,38,19,65,NA
Ulf Dahlen,1993-94,27,6,6,13,NA
Ulf Dahlen,1994-95,28,23,11,46,NA
Ulf Dahlen,1995-96,29,12,16,59,NA
Ulf Dahlen,1996-97,30,19,14,73,NA
Ulf Dahlen,1996-97,30,11,8,43,NA
Ulf Dahlen,1996-97,30,8,6,30,NA
Ulf Dahlen,1999-00,33,23,15,75,NA
Ulf Dahlen,2000-01,34,33,15,73,NA
Ulf Dahlen,2001-02,35,29,23,69,NA
Ulf Dahlen,2002-03,36,20,17,63,NA
Jamie Benn,2009-10,20,19,22,82,LW
Jamie Benn,2010-11,21,34,22,69,LW
Jamie Benn,2011-12,22,37,26,71,LW
Jamie Benn,2012-13,23,21,12,41,LW
Jamie Benn,2013-14,24,45,34,81,LW
Jamie Benn,2014-15,25,52,35,82,LW
Jamie Benn,2015-16,26,48,41,82,LW
Jamie Benn,2016-17,27,43,26,77,LW
Jamie Benn,2017-18,28,43,36,82,LW
Jamie Benn,2018-19,29,26,27,78,LW
Jamie Benn,2019-20,30,16,18,62,LW
Brad Richards,2000-01,20,41,21,82,C
Brad Richards,2001-02,21,42,20,82,C
Brad Richards,2002-03,22,57,17,80,C
Brad Richards,2003-04,23,53,26,82,C
Brad Richards,2005-06,25,68,23,82,C
Brad Richards,2006-07,26,45,25,82,C
Brad Richards,2007-08,27,42,20,74,C
Brad Richards,2007-08,27,33,18,62,C
Brad Richards,2007-08,27,9,2,12,C
Brad Richards,2008-09,28,32,16,56,C
Brad Richards,2009-10,29,67,24,80,C
Brad Richards,2010-11,30,49,28,72,C
Brad Richards,2011-12,31,41,25,82,C
Brad Richards,2012-13,32,23,11,46,C
Brad Richards,2013-14,33,31,20,82,C
Brad Richards,2014-15,34,25,12,76,C
Brad Richards,2015-16,35,18,10,68,C
Russ Courtnall,1983-84,18,9,3,14,NA
Russ Courtnall,1984-85,19,10,12,69,NA
Russ Courtnall,1985-86,20,38,22,73,NA
Russ Courtnall,1986-87,21,44,29,79,NA
Russ Courtnall,1987-88,22,26,23,65,NA
Russ Courtnall,1988-89,23,18,23,73,NA
Russ Courtnall,1988-89,23,1,1,9,NA
Russ Courtnall,1988-89,23,17,22,64,NA
Russ Courtnall,1989-90,24,32,27,80,NA
Russ Courtnall,1990-91,25,50,26,79,NA
Russ Courtnall,1991-92,26,14,7,27,NA
Russ Courtnall,1992-93,27,43,36,84,NA
Russ Courtnall,1993-94,28,57,23,84,NA
Russ Courtnall,1994-95,29,24,11,45,NA
Russ Courtnall,1994-95,29,10,7,32,NA
Russ Courtnall,1994-95,29,14,4,13,NA
Russ Courtnall,1995-96,30,39,26,81,NA
Russ Courtnall,1996-97,31,24,11,61,NA
Russ Courtnall,1996-97,31,19,9,47,NA
Russ Courtnall,1996-97,31,5,2,14,NA
Russ Courtnall,1997-98,32,6,12,58,NA
Russ Courtnall,1998-99,33,13,6,57,NA
George Armstrong,1949-50,19,0,0,2,RW
George Armstrong,1951-52,21,3,3,20,RW
George Armstrong,1952-53,22,11,14,52,RW
George Armstrong,1953-54,23,15,17,63,RW
George Armstrong,1954-55,24,18,10,66,RW
George Armstrong,1955-56,25,32,16,67,RW
George Armstrong,1956-57,26,26,18,54,RW
George Armstrong,1957-58,27,25,17,59,RW
George Armstrong,1958-59,28,16,20,59,RW
George Armstrong,1959-60,29,28,23,70,RW
George Armstrong,1960-61,30,19,14,47,RW
George Armstrong,1961-62,31,32,21,70,RW
George Armstrong,1962-63,32,24,19,70,RW
George Armstrong,1963-64,33,17,20,67,RW
George Armstrong,1964-65,34,22,15,59,RW
George Armstrong,1965-66,35,35,16,70,RW
George Armstrong,1966-67,36,24,9,70,RW
George Armstrong,1967-68,37,21,13,62,RW
George Armstrong,1968-69,38,16,11,53,RW
George Armstrong,1969-70,39,15,13,49,RW
George Armstrong,1970-71,40,18,7,59,RW
Dustin Brown,2003-04,19,4,1,31,RW
Dustin Brown,2005-06,21,14,14,79,RW
Dustin Brown,2006-07,22,29,17,81,RW
Dustin Brown,2007-08,23,27,33,78,RW
Dustin Brown,2008-09,24,29,24,80,RW
Dustin Brown,2009-10,25,32,24,82,RW
Dustin Brown,2010-11,26,29,28,82,RW
Dustin Brown,2011-12,27,32,22,82,RW
Dustin Brown,2012-13,28,11,18,46,RW
Dustin Brown,2013-14,29,12,15,79,RW
Dustin Brown,2014-15,30,16,11,82,RW
Dustin Brown,2015-16,31,17,11,82,RW
Dustin Brown,2016-17,32,22,14,80,RW
Dustin Brown,2017-18,33,33,28,81,RW
Dustin Brown,2018-19,34,29,22,72,RW
Dustin Brown,2019-20,35,15,13,59,RW
Mike Cammalleri,2002-03,20,3,5,28,C
Mike Cammalleri,2003-04,21,6,9,31,C
Mike Cammalleri,2005-06,23,29,26,80,C
Mike Cammalleri,2006-07,24,46,34,81,C
Mike Cammalleri,2007-08,25,28,19,63,C
Mike Cammalleri,2008-09,26,43,39,81,C
Mike Cammalleri,2009-10,27,24,26,65,C
Mike Cammalleri,2010-11,28,28,19,67,C
Mike Cammalleri,2011-12,29,21,20,66,C
Mike Cammalleri,2011-12,29,13,9,38,C
Mike Cammalleri,2011-12,29,8,11,28,C
Mike Cammalleri,2012-13,30,19,13,44,C
Mike Cammalleri,2013-14,31,19,26,63,C
Mike Cammalleri,2014-15,32,15,27,68,C
Mike Cammalleri,2015-16,33,24,14,42,C
Mike Cammalleri,2016-17,34,21,10,61,C
Mike Cammalleri,2017-18,35,22,7,66,C
Mike Cammalleri,2017-18,35,4,3,15,C
Mike Cammalleri,2017-18,35,18,4,51,C
Jason Pominville,2003-04,21,0,0,1,RW
Jason Pominville,2005-06,23,12,18,57,RW
Jason Pominville,2006-07,24,34,34,82,RW
Jason Pominville,2007-08,25,53,27,82,RW
Jason Pominville,2008-09,26,46,20,82,RW
Jason Pominville,2009-10,27,38,24,82,RW
Jason Pominville,2010-11,28,30,22,73,RW
Jason Pominville,2011-12,29,43,30,82,RW
Jason Pominville,2012-13,30,20,14,47,RW
Jason Pominville,2012-13,30,15,10,37,RW
Jason Pominville,2012-13,30,5,4,10,RW
Jason Pominville,2013-14,31,30,30,82,RW
Jason Pominville,2014-15,32,36,18,82,RW
Jason Pominville,2015-16,33,25,11,75,RW
Jason Pominville,2016-17,34,34,13,78,RW
Jason Pominville,2017-18,35,18,16,82,RW
Jason Pominville,2018-19,36,15,16,73,RW
Mike Ridley,1985-86,22,43,22,80,NA
Mike Ridley,1986-87,23,39,31,78,NA
Mike Ridley,1986-87,23,20,16,38,NA
Mike Ridley,1986-87,23,19,15,40,NA
Mike Ridley,1987-88,24,31,28,70,NA
Mike Ridley,1988-89,25,48,41,80,NA
Mike Ridley,1989-90,26,43,30,74,NA
Mike Ridley,1990-91,27,48,23,79,NA
Mike Ridley,1991-92,28,40,29,80,NA
Mike Ridley,1992-93,29,56,26,84,NA
Mike Ridley,1993-94,30,44,26,81,NA
Mike Ridley,1994-95,31,27,10,48,NA
Mike Ridley,1995-96,32,15,6,37,NA
Mike Ridley,1996-97,33,32,20,75,NA
Tom Lysiak,1973-74,20,45,19,77,NA
Tom Lysiak,1974-75,21,52,25,77,NA
Tom Lysiak,1975-76,22,51,31,80,NA
Tom Lysiak,1976-77,23,51,30,79,NA
Tom Lysiak,1977-78,24,42,27,80,NA
Tom Lysiak,1978-79,25,45,23,66,NA
Tom Lysiak,1978-79,25,35,23,52,NA
Tom Lysiak,1978-79,25,10,0,14,NA
Tom Lysiak,1979-80,26,43,26,77,NA
Tom Lysiak,1980-81,27,55,21,72,NA
Tom Lysiak,1981-82,28,50,32,71,NA
Tom Lysiak,1982-83,29,38,23,61,NA
Tom Lysiak,1983-84,30,30,17,54,NA
Tom Lysiak,1984-85,31,30,16,74,NA
Tom Lysiak,1985-86,32,19,2,51,NA
Simon Gagne,1999-00,19,28,20,80,LW
Simon Gagne,2000-01,20,32,27,69,LW
Simon Gagne,2001-02,21,33,33,79,LW
Simon Gagne,2002-03,22,18,9,46,LW
Simon Gagne,2003-04,23,21,24,80,LW
Simon Gagne,2005-06,25,32,47,72,LW
Simon Gagne,2006-07,26,27,41,76,LW
Simon Gagne,2007-08,27,11,7,25,LW
Simon Gagne,2008-09,28,40,34,79,LW
Simon Gagne,2009-10,29,23,17,58,LW
Simon Gagne,2010-11,30,23,17,63,LW
Simon Gagne,2011-12,31,10,7,34,LW
Simon Gagne,2012-13,32,11,5,38,LW
Simon Gagne,2012-13,32,5,0,11,LW
Simon Gagne,2012-13,32,6,5,27,LW
Simon Gagne,2014-15,34,1,3,23,LW
Brian Gionta,2001-02,23,7,4,33,RW
Brian Gionta,2002-03,24,13,12,58,RW
Brian Gionta,2003-04,25,8,21,75,RW
Brian Gionta,2005-06,27,41,48,82,RW
Brian Gionta,2006-07,28,20,25,62,RW
Brian Gionta,2007-08,29,31,22,82,RW
Brian Gionta,2008-09,30,40,20,81,RW
Brian Gionta,2009-10,31,18,28,61,RW
Brian Gionta,2010-11,32,17,29,82,RW
Brian Gionta,2011-12,33,7,8,31,RW
Brian Gionta,2012-13,34,12,14,48,RW
Brian Gionta,2013-14,35,22,18,81,RW
Brian Gionta,2014-15,36,22,13,69,RW
Brian Gionta,2015-16,37,21,12,79,RW
Brian Gionta,2016-17,38,20,15,82,RW
Brian Gionta,2017-18,39,5,2,20,RW
Steve Sullivan,1995-96,21,4,5,16,RW
Steve Sullivan,1996-97,22,25,13,54,RW
Steve Sullivan,1996-97,22,14,8,33,RW
Steve Sullivan,1996-97,22,11,5,21,RW
Steve Sullivan,1997-98,23,18,10,63,RW
Steve Sullivan,1998-99,24,20,20,63,RW
Steve Sullivan,1999-00,25,43,22,80,RW
Steve Sullivan,1999-00,25,1,0,7,RW
Steve Sullivan,1999-00,25,42,22,73,RW
Steve Sullivan,2000-01,26,41,34,81,RW
Steve Sullivan,2001-02,27,39,21,78,RW
Steve Sullivan,2002-03,28,35,26,82,RW
Steve Sullivan,2003-04,29,49,24,80,RW
Steve Sullivan,2003-04,29,28,15,56,RW
Steve Sullivan,2003-04,29,21,9,24,RW
Steve Sullivan,2005-06,31,37,31,69,RW
Steve Sullivan,2006-07,32,38,22,57,RW
Steve Sullivan,2008-09,34,21,11,41,RW
Steve Sullivan,2009-10,35,34,17,82,RW
Steve Sullivan,2010-11,36,12,10,44,RW
Steve Sullivan,2011-12,37,31,17,79,RW
Steve Sullivan,2012-13,38,10,7,42,RW
Steve Sullivan,2012-13,38,7,5,33,RW
Steve Sullivan,2012-13,38,3,2,9,RW
Neal Broten,1980-81,21,0,2,3,C
Neal Broten,1981-82,22,60,38,73,C
Neal Broten,1982-83,23,45,32,79,C
Neal Broten,1983-84,24,61,28,76,C
Neal Broten,1984-85,25,37,19,80,C
Neal Broten,1985-86,26,76,29,80,C
Neal Broten,1986-87,27,35,18,46,C
Neal Broten,1987-88,28,30,9,54,C
Neal Broten,1988-89,29,38,18,68,C
Neal Broten,1989-90,30,62,23,80,C
Neal Broten,1990-91,31,56,13,79,C
Neal Broten,1991-92,32,26,8,76,C
Neal Broten,1992-93,33,21,12,82,C
Neal Broten,1993-94,34,35,17,79,C
Neal Broten,1994-95,35,24,8,47,C
Neal Broten,1994-95,35,4,0,17,C
Neal Broten,1994-95,35,20,8,30,C
Neal Broten,1995-96,36,16,7,55,C
Neal Broten,1996-97,37,12,8,42,C
Neal Broten,1996-97,37,1,0,3,C
Neal Broten,1996-97,37,4,0,19,C
Neal Broten,1996-97,37,7,8,20,C
James Neal,2008-09,21,13,24,77,LW
James Neal,2009-10,22,28,27,78,LW
James Neal,2010-11,23,23,22,79,LW
James Neal,2010-11,23,18,21,59,LW
James Neal,2010-11,23,5,1,20,LW
James Neal,2011-12,24,41,40,80,LW
James Neal,2012-13,25,15,21,40,LW
James Neal,2013-14,26,34,27,59,LW
James Neal,2014-15,27,14,23,67,LW
James Neal,2015-16,28,27,31,82,LW
James Neal,2016-17,29,18,23,70,LW
James Neal,2017-18,30,19,25,71,LW
James Neal,2018-19,31,12,7,63,LW
James Neal,2019-20,32,10,19,50,LW
Larry Murphy,1980-81,19,60,16,80,D
Larry Murphy,1981-82,20,44,22,79,D
Larry Murphy,1982-83,21,48,14,77,D
Larry Murphy,1983-84,22,36,13,78,D
Larry Murphy,1983-84,22,3,0,6,D
Larry Murphy,1983-84,22,33,13,72,D
Larry Murphy,1984-85,23,42,14,79,D
Larry Murphy,1985-86,24,44,21,78,D
Larry Murphy,1986-87,25,58,23,80,D
Larry Murphy,1987-88,26,53,8,79,D
Larry Murphy,1988-89,27,35,11,78,D
Larry Murphy,1988-89,27,29,7,65,D
Larry Murphy,1988-89,27,6,4,13,D
Larry Murphy,1989-90,28,58,10,77,D
Larry Murphy,1990-91,29,34,9,75,D
Larry Murphy,1990-91,29,11,4,31,D
Larry Murphy,1990-91,29,23,5,44,D
Larry Murphy,1991-92,30,56,21,77,D
Larry Murphy,1992-93,31,63,22,83,D
Larry Murphy,1993-94,32,56,17,84,D
Larry Murphy,1994-95,33,25,13,48,D
Larry Murphy,1995-96,34,49,12,82,D
Larry Murphy,1996-97,35,36,9,81,D
Larry Murphy,1996-97,35,32,7,69,D
Larry Murphy,1996-97,35,4,2,12,D
Larry Murphy,1997-98,36,41,11,82,D
Larry Murphy,1998-99,37,42,10,80,D
Larry Murphy,1999-00,38,30,10,81,D
Larry Murphy,2000-01,39,19,2,57,D
Pete Mahovlich,1965-66,19,1,0,3,NA
Pete Mahovlich,1966-67,20,3,1,34,NA
Pete Mahovlich,1967-68,21,4,6,15,NA
Pete Mahovlich,1968-69,22,2,2,30,NA
Pete Mahovlich,1969-70,23,8,9,35,NA
Pete Mahovlich,1970-71,24,26,35,78,NA
Pete Mahovlich,1971-72,25,32,35,75,NA
Pete Mahovlich,1972-73,26,38,21,61,NA
Pete Mahovlich,1973-74,27,37,36,78,NA
Pete Mahovlich,1974-75,28,82,35,80,NA
Pete Mahovlich,1975-76,29,71,34,80,NA
Pete Mahovlich,1976-77,30,47,15,76,NA
Pete Mahovlich,1977-78,31,41,28,74,NA
Pete Mahovlich,1977-78,31,5,3,17,NA
Pete Mahovlich,1977-78,31,36,25,57,NA
Pete Mahovlich,1978-79,32,39,14,60,NA
Pete Mahovlich,1979-80,33,50,16,80,NA
Pete Mahovlich,1980-81,34,4,1,24,NA
Patrick Sharp,2002-03,21,0,0,3,LW
Patrick Sharp,2003-04,22,2,5,41,LW
Patrick Sharp,2005-06,24,17,14,72,LW
Patrick Sharp,2005-06,24,3,5,22,LW
Patrick Sharp,2005-06,24,14,9,50,LW
Patrick Sharp,2006-07,25,15,20,80,LW
Patrick Sharp,2007-08,26,26,36,80,LW
Patrick Sharp,2008-09,27,18,26,61,LW
Patrick Sharp,2009-10,28,41,25,82,LW
Patrick Sharp,2010-11,29,37,34,74,LW
Patrick Sharp,2011-12,30,36,33,74,LW
Patrick Sharp,2012-13,31,14,6,28,LW
Patrick Sharp,2013-14,32,44,34,82,LW
Patrick Sharp,2014-15,33,27,16,68,LW
Patrick Sharp,2015-16,34,35,20,76,LW
Patrick Sharp,2016-17,35,10,8,48,LW
Patrick Sharp,2017-18,36,11,10,70,LW
Tony Tanti,1981-82,18,0,0,2,NA
Tony Tanti,1982-83,19,8,9,40,NA
Tony Tanti,1982-83,19,0,1,1,NA
Tony Tanti,1982-83,19,8,8,39,NA
Tony Tanti,1983-84,20,41,45,79,NA
Tony Tanti,1984-85,21,20,39,68,NA
Tony Tanti,1985-86,22,33,39,77,NA
Tony Tanti,1986-87,23,38,41,77,NA
Tony Tanti,1987-88,24,37,40,73,NA
Tony Tanti,1988-89,25,25,24,77,NA
Tony Tanti,1989-90,26,36,28,78,NA
Tony Tanti,1989-90,26,18,14,41,NA
Tony Tanti,1989-90,26,18,14,37,NA
Tony Tanti,1990-91,27,19,7,56,NA
Tony Tanti,1990-91,27,12,6,46,NA
Tony Tanti,1990-91,27,7,1,10,NA
Tony Tanti,1991-92,28,16,15,70,NA
Brad Marchand,2009-10,21,1,0,20,LW
Brad Marchand,2010-11,22,20,21,77,LW
Brad Marchand,2011-12,23,27,28,76,LW
Brad Marchand,2012-13,24,18,18,45,LW
Brad Marchand,2013-14,25,28,25,82,LW
Brad Marchand,2014-15,26,18,24,77,LW
Brad Marchand,2015-16,27,24,37,77,LW
Brad Marchand,2016-17,28,46,39,80,LW
Brad Marchand,2017-18,29,51,34,68,LW
Brad Marchand,2018-19,30,64,36,79,LW
Brad Marchand,2019-20,31,54,24,63,LW
Brent Ashton,1979-80,19,14,5,47,NA
Brent Ashton,1980-81,20,11,18,77,NA
Brent Ashton,1981-82,21,36,24,80,NA
Brent Ashton,1982-83,22,19,14,76,NA
Brent Ashton,1983-84,23,10,7,68,NA
Brent Ashton,1984-85,24,31,31,78,NA
Brent Ashton,1984-85,24,7,4,29,NA
Brent Ashton,1984-85,24,24,27,49,NA
Brent Ashton,1985-86,25,32,26,77,NA
Brent Ashton,1986-87,26,35,40,81,NA
Brent Ashton,1986-87,26,19,25,46,NA
Brent Ashton,1986-87,26,16,15,35,NA
Brent Ashton,1987-88,27,27,26,73,NA
Brent Ashton,1988-89,28,37,31,75,NA
Brent Ashton,1989-90,29,34,22,79,NA
Brent Ashton,1990-91,30,24,12,61,NA
Brent Ashton,1991-92,31,22,18,68,NA
Brent Ashton,1991-92,31,0,1,7,NA
Brent Ashton,1991-92,31,22,17,61,NA
Brent Ashton,1992-93,32,13,10,58,NA
Brent Ashton,1992-93,32,2,2,26,NA
Brent Ashton,1992-93,32,11,8,32,NA
René Robert,1970-71,22,0,0,5,NA
René Robert,1971-72,23,14,13,61,NA
René Robert,1971-72,23,11,7,49,NA
René Robert,1971-72,23,3,6,12,NA
René Robert,1972-73,24,43,40,75,NA
René Robert,1973-74,25,44,21,76,NA
René Robert,1974-75,26,60,40,74,NA
René Robert,1975-76,27,52,35,72,NA
René Robert,1976-77,28,40,33,80,NA
René Robert,1977-78,29,48,25,67,NA
René Robert,1978-79,30,40,22,68,NA
René Robert,1979-80,31,35,28,69,NA
René Robert,1980-81,32,18,14,42,NA
René Robert,1980-81,32,11,8,28,NA
René Robert,1980-81,32,7,6,14,NA
René Robert,1981-82,33,24,13,55,NA
Radim Vrbata,2001-02,20,12,18,52,RW
Radim Vrbata,2002-03,21,19,16,76,RW
Radim Vrbata,2002-03,21,19,11,66,RW
Radim Vrbata,2002-03,21,0,5,10,RW
Radim Vrbata,2003-04,22,13,12,80,RW
Radim Vrbata,2005-06,24,24,15,61,RW
Radim Vrbata,2005-06,24,3,2,16,RW
Radim Vrbata,2005-06,24,21,13,45,RW
Radim Vrbata,2006-07,25,27,14,77,RW
Radim Vrbata,2007-08,26,29,27,76,RW
Radim Vrbata,2008-09,27,3,3,18,RW
Radim Vrbata,2009-10,28,19,24,82,RW
Radim Vrbata,2010-11,29,29,19,79,RW
Radim Vrbata,2011-12,30,27,35,77,RW
Radim Vrbata,2012-13,31,16,12,34,RW
Radim Vrbata,2013-14,32,31,20,80,RW
Radim Vrbata,2014-15,33,32,31,79,RW
Radim Vrbata,2015-16,34,14,13,63,RW
Radim Vrbata,2016-17,35,35,20,81,RW
Radim Vrbata,2017-18,36,9,5,42,RW
Bill Goldsworthy,1964-65,20,0,0,2,NA
Bill Goldsworthy,1965-66,21,1,3,13,NA
Bill Goldsworthy,1966-67,22,5,3,18,NA
Bill Goldsworthy,1967-68,23,19,14,68,NA
Bill Goldsworthy,1968-69,24,10,14,68,NA
Bill Goldsworthy,1969-70,25,29,36,75,NA
Bill Goldsworthy,1970-71,26,31,34,77,NA
Bill Goldsworthy,1971-72,27,31,31,78,NA
Bill Goldsworthy,1972-73,28,33,27,75,NA
Bill Goldsworthy,1973-74,29,26,48,74,NA
Bill Goldsworthy,1974-75,30,35,37,71,NA
Bill Goldsworthy,1975-76,31,22,24,68,NA
Bill Goldsworthy,1976-77,32,15,12,77,NA
Bill Goldsworthy,1976-77,32,3,2,16,NA
Bill Goldsworthy,1976-77,32,12,10,61,NA
Bill Goldsworthy,1977-78,33,1,0,7,NA
Alex Tanguay,1999-00,20,34,17,76,LW
Alex Tanguay,2000-01,21,50,27,82,LW
Alex Tanguay,2001-02,22,35,13,70,LW
Alex Tanguay,2002-03,23,41,26,82,LW
Alex Tanguay,2003-04,24,54,25,69,LW
Alex Tanguay,2005-06,26,49,29,71,LW
Alex Tanguay,2006-07,27,59,22,81,LW
Alex Tanguay,2007-08,28,40,18,78,LW
Alex Tanguay,2008-09,29,25,16,50,LW
Alex Tanguay,2009-10,30,27,10,80,LW
Alex Tanguay,2010-11,31,47,22,79,LW
Alex Tanguay,2011-12,32,36,13,64,LW
Alex Tanguay,2012-13,33,16,11,40,LW
Alex Tanguay,2013-14,34,7,4,16,LW
Alex Tanguay,2014-15,35,33,22,80,LW
Alex Tanguay,2015-16,36,27,8,70,LW
Alex Tanguay,2015-16,36,18,4,52,LW
Alex Tanguay,2015-16,36,9,4,18,LW
Dick Duff,1954-55,18,0,0,3,LW
Dick Duff,1955-56,19,19,18,69,LW
Dick Duff,1956-57,20,14,26,70,LW
Dick Duff,1957-58,21,23,26,65,LW
Dick Duff,1958-59,22,24,29,69,LW
Dick Duff,1959-60,23,22,19,67,LW
Dick Duff,1960-61,24,17,16,67,LW
Dick Duff,1961-62,25,20,17,51,LW
Dick Duff,1962-63,26,19,16,69,LW
Dick Duff,1963-64,27,14,11,66,LW
Dick Duff,1963-64,27,10,7,52,LW
Dick Duff,1963-64,27,4,4,14,LW
Dick Duff,1964-65,28,16,12,69,LW
Dick Duff,1964-65,28,9,3,29,LW
Dick Duff,1964-65,28,7,9,40,LW
Dick Duff,1965-66,29,24,21,63,LW
Dick Duff,1966-67,30,11,12,51,LW
Dick Duff,1967-68,31,21,25,66,LW
Dick Duff,1968-69,32,21,19,68,LW
Dick Duff,1969-70,33,9,6,49,LW
Dick Duff,1969-70,33,1,1,17,LW
Dick Duff,1969-70,33,8,5,32,LW
Dick Duff,1970-71,34,13,8,60,LW
Dick Duff,1970-71,34,0,1,7,LW
Dick Duff,1970-71,34,13,7,53,LW
Dick Duff,1971-72,35,2,2,8,LW
John Anderson,1977-78,20,2,1,17,NA
John Anderson,1978-79,21,11,15,71,NA
John Anderson,1979-80,22,28,25,74,NA
John Anderson,1980-81,23,26,17,75,NA
John Anderson,1981-82,24,26,31,69,NA
John Anderson,1982-83,25,49,31,80,NA
John Anderson,1983-84,26,31,37,73,NA
John Anderson,1984-85,27,31,32,75,NA
John Anderson,1985-86,28,45,29,79,NA
John Anderson,1985-86,28,28,21,65,NA
John Anderson,1985-86,28,17,8,14,NA
John Anderson,1986-87,29,44,31,76,NA
John Anderson,1987-88,30,32,17,63,NA
John Anderson,1988-89,31,24,16,62,NA
Bob Pulford,1956-57,20,11,11,65,LW
Bob Pulford,1957-58,21,17,14,70,LW
Bob Pulford,1958-59,22,14,23,70,LW
Bob Pulford,1959-60,23,28,24,70,LW
Bob Pulford,1960-61,24,18,11,40,LW
Bob Pulford,1961-62,25,21,18,70,LW
Bob Pulford,1962-63,26,25,19,70,LW
Bob Pulford,1963-64,27,30,18,70,LW
Bob Pulford,1964-65,28,20,19,65,LW
Bob Pulford,1965-66,29,28,28,70,LW
Bob Pulford,1966-67,30,28,17,67,LW
Bob Pulford,1967-68,31,30,20,74,LW
Bob Pulford,1968-69,32,23,11,72,LW
Bob Pulford,1969-70,33,19,18,74,LW
Bob Pulford,1970-71,34,26,17,59,LW
Bob Pulford,1971-72,35,24,13,73,LW
Red Kelly,1947-48,20,14,6,60,D
Red Kelly,1948-49,21,11,5,59,D
Red Kelly,1949-50,22,25,15,70,D
Red Kelly,1950-51,23,37,17,70,D
Red Kelly,1951-52,24,31,16,67,D
Red Kelly,1952-53,25,27,19,70,D
Red Kelly,1953-54,26,33,16,62,D
Red Kelly,1954-55,27,30,15,70,D
Red Kelly,1955-56,28,34,16,70,D
Red Kelly,1956-57,29,25,10,70,D
Red Kelly,1957-58,30,18,13,61,D
Red Kelly,1958-59,31,13,8,67,D
Red Kelly,1959-60,32,17,12,68,D
Red Kelly,1959-60,32,12,6,50,D
Red Kelly,1959-60,32,5,6,18,D
Red Kelly,1960-61,33,50,20,64,D
Red Kelly,1961-62,34,27,22,58,D
Red Kelly,1962-63,35,40,20,66,D
Red Kelly,1963-64,36,34,11,70,D
Red Kelly,1964-65,37,28,18,70,D
Red Kelly,1965-66,38,24,8,63,D
Red Kelly,1966-67,39,24,14,61,D
Camille Henry,1953-54,21,15,24,66,NA
Camille Henry,1954-55,22,2,5,21,NA
Camille Henry,1956-57,24,15,14,36,NA
Camille Henry,1957-58,25,24,32,70,NA
Camille Henry,1958-59,26,35,23,70,NA
Camille Henry,1959-60,27,15,12,49,NA
Camille Henry,1960-61,28,25,28,53,NA
Camille Henry,1961-62,29,15,23,60,NA
Camille Henry,1962-63,30,23,37,60,NA
Camille Henry,1963-64,31,26,29,68,NA
Camille Henry,1964-65,32,18,26,70,NA
Camille Henry,1964-65,32,15,21,48,NA
Camille Henry,1964-65,32,3,5,22,NA
Camille Henry,1967-68,35,12,8,36,NA
Camille Henry,1968-69,36,22,17,64,NA
Camille Henry,1969-70,37,2,1,4,NA
Mike Knuble,1996-97,24,0,1,9,NA
Mike Knuble,1997-98,25,6,7,53,NA
Mike Knuble,1998-99,26,20,15,82,NA
Mike Knuble,1999-00,27,8,12,73,NA
Mike Knuble,1999-00,27,5,9,59,NA
Mike Knuble,1999-00,27,3,3,14,NA
Mike Knuble,2000-01,28,13,7,82,NA
Mike Knuble,2001-02,29,6,8,54,NA
Mike Knuble,2002-03,30,29,30,75,NA
Mike Knuble,2003-04,31,25,21,82,NA
Mike Knuble,2005-06,33,31,34,82,NA
Mike Knuble,2006-07,34,30,24,64,NA
Mike Knuble,2007-08,35,26,29,82,NA
Mike Knuble,2008-09,36,20,27,82,NA
Mike Knuble,2009-10,37,24,29,69,NA
Mike Knuble,2010-11,38,16,24,79,NA
Mike Knuble,2011-12,39,12,6,72,NA
Mike Knuble,2012-13,40,4,4,28,NA
Doug Weight,1991-92,21,22,8,53,C
Doug Weight,1992-93,22,31,17,78,C
Doug Weight,1992-93,22,25,15,65,C
Doug Weight,1992-93,22,6,2,13,C
Doug Weight,1993-94,23,50,24,84,C
Doug Weight,1994-95,24,33,7,48,C
Doug Weight,1995-96,25,79,25,82,C
Doug Weight,1996-97,26,61,21,80,C
Doug Weight,1997-98,27,44,26,79,C
Doug Weight,1998-99,28,31,6,43,C
Doug Weight,1999-00,29,51,21,77,C
Doug Weight,2000-01,30,65,25,82,C
Doug Weight,2001-02,31,34,15,61,C
Doug Weight,2002-03,32,52,15,70,C
Doug Weight,2003-04,33,51,14,75,C
Doug Weight,2005-06,35,42,15,70,C
Doug Weight,2005-06,35,33,11,47,C
Doug Weight,2005-06,35,9,4,23,C
Doug Weight,2006-07,36,43,16,82,C
Doug Weight,2007-08,37,15,10,67,C
Doug Weight,2007-08,37,7,4,29,C
Doug Weight,2007-08,37,8,6,38,C
Doug Weight,2008-09,38,28,10,53,C
Doug Weight,2009-10,39,16,1,36,C
Doug Weight,2010-11,40,7,2,18,C
Mike Fisher,1999-00,19,5,4,32,C
Mike Fisher,2000-01,20,12,7,60,C
Mike Fisher,2001-02,21,9,15,58,C
Mike Fisher,2002-03,22,20,18,74,C
Mike Fisher,2003-04,23,6,4,24,C
Mike Fisher,2005-06,25,22,22,68,C
Mike Fisher,2006-07,26,26,22,68,C
Mike Fisher,2007-08,27,24,23,79,C
Mike Fisher,2008-09,28,19,13,78,C
Mike Fisher,2009-10,29,28,25,79,C
Mike Fisher,2010-11,30,17,19,82,C
Mike Fisher,2010-11,30,10,14,55,C
Mike Fisher,2010-11,30,7,5,27,C
Mike Fisher,2011-12,31,27,24,72,C
Mike Fisher,2012-13,32,11,10,38,C
Mike Fisher,2013-14,33,29,20,75,C
Mike Fisher,2014-15,34,20,19,59,C
Mike Fisher,2015-16,35,10,13,70,C
Mike Fisher,2016-17,36,24,18,72,C
Mike Fisher,2017-18,37,2,2,16,C
Jim Pappin,1963-64,24,8,11,50,NA
Jim Pappin,1964-65,25,9,9,44,NA
Jim Pappin,1965-66,26,3,0,7,NA
Jim Pappin,1966-67,27,11,21,64,NA
Jim Pappin,1967-68,28,15,13,58,NA
Jim Pappin,1968-69,29,40,30,75,NA
Jim Pappin,1969-70,30,25,28,66,NA
Jim Pappin,1970-71,31,23,22,58,NA
Jim Pappin,1971-72,32,21,27,64,NA
Jim Pappin,1972-73,33,51,41,76,NA
Jim Pappin,1973-74,34,41,32,78,NA
Jim Pappin,1974-75,35,27,36,71,NA
Jim Pappin,1975-76,36,13,6,32,NA
Jim Pappin,1976-77,37,8,2,24,NA
Cory Stillman,1994-95,21,2,0,10,NA
Cory Stillman,1995-96,22,19,16,74,NA
Cory Stillman,1996-97,23,20,6,58,NA
Cory Stillman,1997-98,24,22,27,72,NA
Cory Stillman,1998-99,25,30,27,76,NA
Cory Stillman,1999-00,26,9,12,37,NA
Cory Stillman,2000-01,27,28,24,78,NA
Cory Stillman,2000-01,27,24,21,66,NA
Cory Stillman,2000-01,27,4,3,12,NA
Cory Stillman,2001-02,28,22,23,80,NA
Cory Stillman,2002-03,29,43,24,79,NA
Cory Stillman,2003-04,30,55,25,81,NA
Cory Stillman,2005-06,32,55,21,72,NA
Cory Stillman,2006-07,33,22,5,43,NA
Cory Stillman,2007-08,34,41,24,79,NA
Cory Stillman,2007-08,34,25,21,55,NA
Cory Stillman,2007-08,34,16,3,24,NA
Cory Stillman,2008-09,35,32,17,63,NA
Cory Stillman,2009-10,36,22,15,58,NA
Cory Stillman,2010-11,37,27,12,65,NA
Cory Stillman,2010-11,37,16,7,44,NA
Cory Stillman,2010-11,37,11,5,21,NA
Ralph Backstrom,1956-57,19,0,0,3,NA
Ralph Backstrom,1957-58,20,1,0,2,NA
Ralph Backstrom,1958-59,21,22,18,64,NA
Ralph Backstrom,1959-60,22,15,13,64,NA
Ralph Backstrom,1960-61,23,20,12,69,NA
Ralph Backstrom,1961-62,24,38,27,66,NA
Ralph Backstrom,1962-63,25,12,23,70,NA
Ralph Backstrom,1963-64,26,21,8,70,NA
Ralph Backstrom,1964-65,27,30,25,70,NA
Ralph Backstrom,1965-66,28,20,22,67,NA
Ralph Backstrom,1966-67,29,27,14,69,NA
Ralph Backstrom,1967-68,30,25,20,70,NA
Ralph Backstrom,1968-69,31,28,13,72,NA
Ralph Backstrom,1969-70,32,24,19,72,NA
Ralph Backstrom,1970-71,33,17,15,49,NA
Ralph Backstrom,1970-71,33,4,1,16,NA
Ralph Backstrom,1970-71,33,13,14,33,NA
Ralph Backstrom,1971-72,34,29,23,76,NA
Ralph Backstrom,1972-73,35,32,26,79,NA
Ralph Backstrom,1972-73,35,29,20,63,NA
Ralph Backstrom,1972-73,35,3,6,16,NA
Max Pacioretty,2008-09,20,8,3,34,LW
Max Pacioretty,2009-10,21,11,3,52,LW
Max Pacioretty,2010-11,22,10,14,37,LW
Max Pacioretty,2011-12,23,32,33,79,LW
Max Pacioretty,2012-13,24,24,15,44,LW
Max Pacioretty,2013-14,25,21,39,73,LW
Max Pacioretty,2014-15,26,30,37,80,LW
Max Pacioretty,2015-16,27,34,30,82,LW
Max Pacioretty,2016-17,28,32,35,81,LW
Max Pacioretty,2017-18,29,20,17,64,LW
Max Pacioretty,2018-19,30,18,22,66,LW
Max Pacioretty,2019-20,31,32,29,64,LW
Tyler Seguin,2010-11,19,11,11,74,C
Tyler Seguin,2011-12,20,38,29,81,C
Tyler Seguin,2012-13,21,16,16,48,C
Tyler Seguin,2013-14,22,47,37,80,C
Tyler Seguin,2014-15,23,40,37,71,C
Tyler Seguin,2015-16,24,40,33,72,C
Tyler Seguin,2016-17,25,46,26,82,C
Tyler Seguin,2017-18,26,38,40,82,C
Tyler Seguin,2018-19,27,47,33,82,C
Tyler Seguin,2019-20,28,32,15,62,C
Wayne Cashman,1964-65,19,0,0,1,NA
Wayne Cashman,1967-68,22,4,0,12,NA
Wayne Cashman,1968-69,23,23,8,51,NA
Wayne Cashman,1969-70,24,26,9,70,NA
Wayne Cashman,1970-71,25,58,21,77,NA
Wayne Cashman,1971-72,26,29,23,74,NA
Wayne Cashman,1972-73,27,39,29,76,NA
Wayne Cashman,1973-74,28,59,30,78,NA
Wayne Cashman,1974-75,29,22,11,42,NA
Wayne Cashman,1975-76,30,43,28,80,NA
Wayne Cashman,1976-77,31,37,15,65,NA
Wayne Cashman,1977-78,32,38,24,76,NA
Wayne Cashman,1978-79,33,40,27,75,NA
Wayne Cashman,1979-80,34,21,11,44,NA
Wayne Cashman,1980-81,35,35,25,77,NA
Wayne Cashman,1981-82,36,31,12,64,NA
Wayne Cashman,1982-83,37,11,4,65,NA
Ron Stewart,1952-53,20,22,13,70,NA
Ron Stewart,1953-54,21,11,14,70,NA
Ron Stewart,1954-55,22,5,14,53,NA
Ron Stewart,1955-56,23,14,13,69,NA
Ron Stewart,1956-57,24,20,15,65,NA
Ron Stewart,1957-58,25,24,15,70,NA
Ron Stewart,1958-59,26,13,21,70,NA
Ron Stewart,1959-60,27,20,14,67,NA
Ron Stewart,1960-61,28,12,13,51,NA
Ron Stewart,1961-62,29,9,8,60,NA
Ron Stewart,1962-63,30,16,16,63,NA
Ron Stewart,1963-64,31,5,14,65,NA
Ron Stewart,1964-65,32,11,16,65,NA
Ron Stewart,1965-66,33,16,20,70,NA
Ron Stewart,1966-67,34,10,14,56,NA
Ron Stewart,1967-68,35,12,14,74,NA
Ron Stewart,1967-68,35,5,7,19,NA
Ron Stewart,1967-68,35,7,7,55,NA
Ron Stewart,1968-69,36,11,18,75,NA
Ron Stewart,1969-70,37,10,14,76,NA
Ron Stewart,1970-71,38,6,5,76,NA
Ron Stewart,1971-72,39,3,3,55,NA
Ron Stewart,1971-72,39,1,3,42,NA
Ron Stewart,1971-72,39,2,0,13,NA
Ron Stewart,1972-73,40,3,2,33,NA
Ron Stewart,1972-73,40,1,0,11,NA
Ron Stewart,1972-73,40,2,2,22,NA
Jimmy Carson,1986-87,18,42,37,80,NA
Jimmy Carson,1987-88,19,52,55,80,NA
Jimmy Carson,1988-89,20,51,49,80,NA
Jimmy Carson,1989-90,21,18,21,48,NA
Jimmy Carson,1989-90,21,2,1,4,NA
Jimmy Carson,1989-90,21,16,20,44,NA
Jimmy Carson,1990-91,22,25,21,64,NA
Jimmy Carson,1991-92,23,35,34,80,NA
Jimmy Carson,1992-93,24,36,37,86,NA
Jimmy Carson,1992-93,24,26,25,52,NA
Jimmy Carson,1992-93,24,10,12,34,NA
Jimmy Carson,1993-94,25,17,11,59,NA
Jimmy Carson,1993-94,25,7,4,25,NA
Jimmy Carson,1993-94,25,10,7,34,NA
Jimmy Carson,1994-95,26,10,9,38,NA
Jimmy Carson,1995-96,27,0,1,11,NA
Ron Duguay,1977-78,20,20,20,71,NA
Ron Duguay,1978-79,21,36,27,79,NA
Ron Duguay,1979-80,22,22,28,73,NA
Ron Duguay,1980-81,23,21,17,50,NA
Ron Duguay,1981-82,24,36,40,72,NA
Ron Duguay,1982-83,25,25,19,72,NA
Ron Duguay,1983-84,26,47,33,80,NA
Ron Duguay,1984-85,27,51,38,80,NA
Ron Duguay,1985-86,28,36,25,80,NA
Ron Duguay,1985-86,28,29,19,67,NA
Ron Duguay,1985-86,28,7,6,13,NA
Ron Duguay,1986-87,29,25,14,74,NA
Ron Duguay,1986-87,29,13,5,40,NA
Ron Duguay,1986-87,29,12,9,34,NA
Ron Duguay,1987-88,30,10,6,63,NA
Ron Duguay,1987-88,30,4,4,48,NA
Ron Duguay,1987-88,30,6,2,15,NA
Ron Duguay,1988-89,31,17,7,70,NA
Bryan Smolinski,1992-93,21,3,1,9,NA
Bryan Smolinski,1993-94,22,20,31,83,NA
Bryan Smolinski,1994-95,23,13,18,44,NA
Bryan Smolinski,1995-96,24,40,24,81,NA
Bryan Smolinski,1996-97,25,28,28,64,NA
Bryan Smolinski,1997-98,26,30,13,81,NA
Bryan Smolinski,1998-99,27,24,16,82,NA
Bryan Smolinski,1999-00,28,36,20,79,NA
Bryan Smolinski,2000-01,29,32,27,78,NA
Bryan Smolinski,2001-02,30,25,13,80,NA
Bryan Smolinski,2002-03,31,25,21,68,NA
Bryan Smolinski,2002-03,31,20,18,58,NA
Bryan Smolinski,2002-03,31,5,3,10,NA
Bryan Smolinski,2003-04,32,27,19,80,NA
Bryan Smolinski,2005-06,34,31,17,81,NA
Bryan Smolinski,2006-07,35,26,18,82,NA
Bryan Smolinski,2006-07,35,23,14,62,NA
Bryan Smolinski,2006-07,35,3,4,20,NA
Bryan Smolinski,2007-08,36,17,8,64,NA
Murray Oliver,1957-58,20,1,0,1,NA
Murray Oliver,1959-60,22,19,20,54,NA
Murray Oliver,1960-61,23,22,17,70,NA
Murray Oliver,1960-61,23,10,11,46,NA
Murray Oliver,1960-61,23,12,6,24,NA
Murray Oliver,1961-62,24,29,17,70,NA
Murray Oliver,1962-63,25,40,22,65,NA
Murray Oliver,1963-64,26,44,24,70,NA
Murray Oliver,1964-65,27,23,20,65,NA
Murray Oliver,1965-66,28,42,18,70,NA
Murray Oliver,1966-67,29,26,9,65,NA
Murray Oliver,1967-68,30,21,16,74,NA
Murray Oliver,1968-69,31,36,14,76,NA
Murray Oliver,1969-70,32,33,14,76,NA
Murray Oliver,1970-71,33,23,9,61,NA
Murray Oliver,1971-72,34,29,27,77,NA
Murray Oliver,1972-73,35,31,11,75,NA
Murray Oliver,1973-74,36,20,17,78,NA
Murray Oliver,1974-75,37,15,19,80,NA
Shayne Corson,1985-86,19,0,0,3,NA
Shayne Corson,1986-87,20,11,12,55,NA
Shayne Corson,1987-88,21,27,12,71,NA
Shayne Corson,1988-89,22,24,26,80,NA
Shayne Corson,1989-90,23,44,31,76,NA
Shayne Corson,1990-91,24,24,23,71,NA
Shayne Corson,1991-92,25,36,17,64,NA
Shayne Corson,1992-93,26,31,16,80,NA
Shayne Corson,1993-94,27,29,25,64,NA
Shayne Corson,1994-95,28,24,12,48,NA
Shayne Corson,1995-96,29,28,18,77,NA
Shayne Corson,1996-97,30,16,8,58,NA
Shayne Corson,1996-97,30,1,2,11,NA
Shayne Corson,1996-97,30,15,6,47,NA
Shayne Corson,1997-98,31,34,21,62,NA
Shayne Corson,1998-99,32,20,12,63,NA
Shayne Corson,1999-00,33,20,8,70,NA
Shayne Corson,2000-01,34,18,8,77,NA
Shayne Corson,2001-02,35,21,12,74,NA
Shayne Corson,2002-03,36,8,7,46,NA
Shayne Corson,2003-04,37,5,5,17,NA
Ryan Getzlaf,2005-06,20,25,14,57,C
Ryan Getzlaf,2006-07,21,33,25,82,C
Ryan Getzlaf,2007-08,22,58,24,77,C
Ryan Getzlaf,2008-09,23,66,25,81,C
Ryan Getzlaf,2009-10,24,50,19,66,C
Ryan Getzlaf,2010-11,25,57,19,67,C
Ryan Getzlaf,2011-12,26,46,11,82,C
Ryan Getzlaf,2012-13,27,34,15,44,C
Ryan Getzlaf,2013-14,28,56,31,77,C
Ryan Getzlaf,2014-15,29,45,25,77,C
Ryan Getzlaf,2015-16,30,50,13,77,C
Ryan Getzlaf,2016-17,31,58,15,74,C
Ryan Getzlaf,2017-18,32,50,11,56,C
Ryan Getzlaf,2018-19,33,34,14,67,C
Ryan Getzlaf,2019-20,34,26,12,60,C
Al Secord,1978-79,20,7,16,71,NA
Al Secord,1979-80,21,16,23,77,NA
Al Secord,1980-81,22,12,13,59,NA
Al Secord,1980-81,22,3,0,18,NA
Al Secord,1980-81,22,9,13,41,NA
Al Secord,1981-82,23,31,44,80,NA
Al Secord,1982-83,24,32,54,80,NA
Al Secord,1983-84,25,4,4,14,NA
Al Secord,1984-85,26,11,15,51,NA
Al Secord,1985-86,27,36,40,80,NA
Al Secord,1986-87,28,30,29,77,NA
Al Secord,1987-88,29,27,15,74,NA
Al Secord,1988-89,30,10,6,60,NA
Al Secord,1988-89,30,10,5,40,NA
Al Secord,1988-89,30,0,1,20,NA
Al Secord,1989-90,31,7,14,43,NA
